
Starting program Elmergrid, compiled on Mar 11 2025
Elmergrid reading in-line arguments
Output will be saved to file winkel.

Elmergrid loading data:
-----------------------
Loading the geometry from file 'winkel.grd'.
Loading ElmerGrid file version: 210903
Defining the coordinate system (3-DIM).
Loading 2 subcell sizes in X-direction
Loading 3 subcell sizes in Y-direction
Loading 2 subcell sizes in Z-direction
Loading material structure
LoadElmergrid: materials interval is [0,3]
Loading boundary conditions
Found 4 boundaries
Reached the end of command file
Found 1 divisions for grid

Loading ElmerGrid commands from file 'winkel.grd'.
Reached the end of command file
Read commands from a file

Elmergrid creating and manipulating meshes:
-------------------------------------------
3 cells were created.
Numbered 1281 knots in 1200 4-node elements.
Numbering order was <x><y> and max levelwidth 43.
80 element sides between materials 0 and 1 were located to type 1.
20 element sides between materials 2 and 1 were located to type 2.
20 element sides between materials 3 and 1 were located to type 3.
60 element sides between materials 0 and 2 were located to type 4.
Created 40 extruded divisions.
Maximum elementtype 404 extruded to type 808.
Allocated for 7 new BC lists
Extruded mesh has 32000 elements in 40 levels.
Simple extrusion would have 48000 elements
Extruded BCs list 0 of types [1,1] has 1600 elements.
Extruded BCs list 1 of types [2,2] has 400 elements.
Extruded BCs list 2 of types [3,3] has 400 elements.
Extruded BCs list 3 of types [4,4] has 2400 elements.
Layer BCs list 4 of types [5,5] has 1200 elements.
Layer BCs list 5 of types [6,6] has 800 elements.
Layer BCs list 6 of types [7,7] has 400 elements.
52521 original nodes moved to 35721 new ones.
Created 32000 elements and 35721 nodes by extruding the 2D geometry
Bounding box of all nodes in mesh:
X:[0,2] Y:[0,2] Z:[0,2]
Calculate Mesh Pieces in mesh:
There is a single piece in the mesh, so the mesh is conforming.

Elmergrid saving data with method 2:
-------------------------------------
Saving mesh in ElmerSolver format to directory winkel.
Saving 35721 coordinates to mesh.nodes.
Saving 32000 element topologies to mesh.elements.
Saving boundary elements to mesh.boundary.
Saving header info to mesh.header.

Thank you for using Elmergrid!
Send bug reports and feature wishes to elmeradm@csc.fi

Solver linsysAMGX/amgx_bicgstab_amg.sif not recommended for given problem. Ignoring it



-----------------------------------
Starting linsysAMGX/amgx_bicgstab_none.sif with mesh level 2

ELMER SOLVER (v 9.0) STARTED AT: 2026/07/20 10:00:25
ParCommInit:  Initialize #PEs:            1
MAIN: Read 2 integer parameters from command line!
MAIN: 
MAIN: =============================================================
MAIN: ElmerSolver finite element software, Welcome!
MAIN: This program is free software licensed under (L)GPL
MAIN: Copyright 1st April 1995 - , CSC - IT Center for Science Ltd.
MAIN: Webpage http://www.csc.fi/elmer, Email elmeradm@csc.fi
MAIN: Version: 9.0 (Rev: 12f311015, Compiled: 2025-03-11)
MAIN:  Running one task without MPI parallelization.
MAIN:  Running in parallel with 32 threads per task.
MAIN:  HYPRE library linked in.
MAIN:  MUMPS library linked in.
MAIN:  MMG library linked in.
MAIN:  ParMMG library linked in.
MAIN:  Lua interpreter linked in.
MAIN:  Zoltan library linked in.
MAIN:  AMGX library linked in.
MAIN: =============================================================
MAIN: 
MAIN: 
MAIN: -------------------------------------
MAIN: Reading Model: case.sif
LoadInputFile: Scanning input file: case.sif
LoadInputFile: Scanning only size info
LoadInputFile: First time visiting
LoadInputFile: Reading base load of sif file
OpenIncludeFile: Trying to include file: linsys.sif
CheckKeyword: Found keyword type assuming suffix 1 for: operator 2
CheckKeyword: Found keyword type assuming suffix 1 for: operator 2
CheckKeyword: Found keyword type assuming suffix 1 for: operator 3
CheckKeyword: Found keyword type assuming suffix 1 for: operator 3
CheckKeyword: Found keyword type assuming suffix 1 for: operator 4
CheckKeyword: Found keyword type assuming suffix 1 for: operator 4
CheckKeyword: Found keyword type assuming suffix 1 for: operator 5
CheckKeyword: Found keyword type assuming suffix 1 for: operator 5
LoadInputFile: Loading input file: case.sif
LoadInputFile: Reading base load of sif file
OpenIncludeFile: Trying to include file: linsys.sif
CheckKeyword:  Unlisted keyword: [amgx config] in section: [solver 1]
CheckKeyword: Found keyword type assuming suffix 1 for: operator 2
CheckKeyword: Found keyword type assuming suffix 1 for: operator 2
CheckKeyword: Found keyword type assuming suffix 1 for: operator 3
CheckKeyword: Found keyword type assuming suffix 1 for: operator 3
CheckKeyword: Found keyword type assuming suffix 1 for: operator 4
CheckKeyword: Found keyword type assuming suffix 1 for: operator 4
CheckKeyword: Found keyword type assuming suffix 1 for: operator 5
CheckKeyword: Found keyword type assuming suffix 1 for: operator 5
CheckKeyword:  Unlisted keyword: [expression 1] in section: [solver 2]
CheckKeyword:  Unlisted keyword: [line marker] in section: [solver 2]
LoadInputFile: Number of BCs: 3
LoadInputFile: Number of Body Forces: 0
LoadInputFile: Number of Initial Conditions: 0
LoadInputFile: Number of Materials: 1
LoadInputFile: Number of Equations: 1
LoadInputFile: Number of Solvers: 2
LoadInputFile: Number of Bodies: 1
ListTagKeywords: Setting weight for keywords!
ListTagKeywords: No parameters width suffix: normalize by area
ListTagKeywords: Setting weight for keywords!
ListTagKeywords: No parameters width suffix: normalize by volume
Loading user function library: [StressSolve]...[StressSolver_Init0]
Loading user function library: [SaveData]...[SaveScalars_Init0]
Loading user function library: [SaveData]...[SaveScalars_Init0]
LoadMesh: Loading serial mesh!
ElmerAsciiMesh: Performing step: 1
ElmerAsciiMesh: Base mesh name: ./winkel
ReadHeaderFile: Reading header info from file: ./winkel/mesh.header
InitializeMesh: Number of nodes in mesh: 35721
InitializeMesh: Number of bulk elements in mesh: 32000
InitializeMesh: Number of boundary elements in mesh: 7200
InitializeMesh: Initial number of max element nodes: 8
ElmerAsciiMesh: Performing step: 2
ReadNodesFile: Reading nodes from file: ./winkel/mesh.nodes
SetMeshDimension: Dimension of mesh is: 3
SetMeshDimension: Max dimension of mesh is: 3
ElmerAsciiMesh: Performing step: 3
ReadElementsFile: Reading bulk elements from file: ./winkel/mesh.elements
ElmerAsciiMesh: Performing step: 4
ReadBoundaryFile: Reading boundary elements from file: ./winkel/mesh.boundary
PermuteNodeNumbering: Performing node mapping
MapBodiesAndBCs: Skipping remapping of bodies
MapBodiesAndBCs: Remapping boundaries
MapBodiesAndBCs: Minimum initial boundary index: 1
MapBodiesAndBCs: Maximum initial boundary index: 7
ElmerAsciiMesh: Performing step: 5
ElmerAsciiMesh: Performing step: 6
LoadMesh: Loading mesh done
NonNodalElements: Element dofs max: 8
LoadMesh: Preparing mesh done
LoadMesh: Elapsed REAL time:     0.1215 (s)
LoadModel: Creating hierarchy of meshes by mesh multiplication: 2
LoadModel: Keeping number of meshes: 2
LoadModel: Performing splitting at level: 2
SplitMeshEqual: Mesh splitting works for first order elements 303, 404, 504, (706) and 808.
FindMeshEdges: Determining faces in 3D mesh
FindMeshFaces3D: Finding mesh faces in 3D mesh
FindMeshFaces3D: Number of faces found: 99600
FindMeshEdges: Determining edges in 3D mesh
FindMeshEdges3D: Finding mesh edges in 3D mesh
FindMeshEdges3D: Number of edges found: 103320
SplitMeshEqual: ******** Old mesh ********
SplitMeshEqual:  Nodes             :        35721
SplitMeshEqual:  Bulk elements     :        32000
SplitMeshEqual:  Boundary elements :         7200
SplitMeshEqual:  Edges             :       103320
SplitMeshEqual:  Faces             :        99600
SplitMeshEqual: Added 99600 nodes in the center of faces
SplitMeshEqual: Added 32000 nodes in the center of bulks
SplitMeshEqual: Added edge centers to the nodes list.
SplitMeshEqual: Added face centers to the nodes list.
SplitMeshEqual: Added quad and brick centers to the nodes list.
SplitMeshEqual:  Count of new elements :       284800
SplitMeshEqual: New mesh allocated.
SplitMeshEqual: Array for bulk elements allocated.
SplitMeshEqual: ******** New mesh ********
SplitMeshEqual:  Nodes             :       270641
SplitMeshEqual:  Bulk elements     :       256000
SplitMeshEqual:  Boundary elements :        28800
SplitMeshEqual: Elapsed REAL time:     0.0920 (s)
ReleaseMeshFaceTables: Releasing number of faces: 99600
SetMeshDimension: Dimension of mesh is: 3
SetMeshDimension: Max dimension of mesh is: 3
NonNodalElements: Element dofs max: 8
MeshStabParams: Computing stabilization parameters
MeshStabParams: Elapsed REAL time:     0.0494 (s)
MeshStabParams: Computing stabilization parameters
MeshStabParams: Elapsed REAL time:     0.0065 (s)
CompleteModelKeywords: Completing keywords for mortars and mechanics!
MAIN: -------------------------------------
AddVtuOutputSolverHack: Adding ResultOutputSolver to write VTU output in file: case
AppendNewSolver: Increasing number of solvers to: 3
AddVtuOutputSolverHack: Finished appending VTU output solver
AddMeshCoordinates: Setting mesh coordinates and time
VariableAdd: Adding variable > Coordinate 1 < of size 270641
VariableAdd: Adding variable > Coordinate 2 < of size 270641
VariableAdd: Adding variable > Coordinate 3 < of size 270641
VariableAdd: Adding variable > Coordinate 1 < of size 35721
VariableAdd: Adding variable > Coordinate 2 < of size 35721
VariableAdd: Adding variable > Coordinate 3 < of size 35721
AddSolvers: Setting up 3 solvers
AddSolvers: Setting up solver 1: linelast
AddEquationBasics: Using procedure: StressSolve StressSolver
AddEquationBasics: Setting up solver: linelast
Loading user function library: [StressSolve]...[StressSolver_Init]
AddEquationBasics: Checking for _init solver
StressSolve_init: --------------------------------------------------
StressSolve_init: Solving displacements from linear elasticity model
StressSolve_init: --------------------------------------------------
Loading user function library: [StressSolve]...[StressSolver_bulk]
Loading user function library: [StressSolve]...[StressSolver_bulk]
AddEquationBasics: Checking for _bulk solver
Loading user function library: [StressSolve]...[StressSolver]
AddEquationBasics: Treating variable string: -dofs 3 displacement
AddEquationBasics: Creating standard variable: displacement
AddEquationBasics: Computing size of permutation vector
AddEquationBasics: Maximum size of permutation vector is: 270641
AddEquationBasics: Creating solver matrix topology
CreateMatrix: Creating initial permutation
CreateMatrix: Creating inverse of initial order of size: 270641
CreateMatrix: Creating list matrix for equation: linelast
MakeListMatrix: Creating list matrix
OptimizeBandwidth: ---------------------------------------------------------
OptimizeBandwidth: Computing matrix structure for: linelast
OptimizeBandwidth: Initial bandwidth for linelast: 238642
OptimizeBandwidth: Optimized bandwidth for linelast: 6683
OptimizeBandwidth: ---------------------------------------------------------
CreateMatrix: Initializing list matrix for equation
CRS_CreateMatrix: Creating CRS Matrix of size: 811923
CRS_CreateMatrix: Creating CRS Matrix with nofs: 63380889
CreateMatrix: Sparse matrix created
AddEquationBasics: Number of rows in CRS matrix: 811923
AddEquationBasics: Creating solver variable
VariableAdd: Adding variable > displacement < of size 811923
VariableAdd: Adding variable > displacement 1 < of size 270641
VariableAdd: Adding variable > displacement 2 < of size 270641
VariableAdd: Adding variable > displacement 3 < of size 270641
SolverInitialization: Elapsed REAL time:     3.1770 (s)
AddSolvers: Setting up solver 2: savescalars
AddEquationBasics: Using procedure: SaveData SaveScalars
AddEquationBasics: Setting up solver: savescalars
Loading user function library: [SaveData]...[SaveScalars_Init]
AddEquationBasics: Checking for _init solver
Loading user function library: [SaveData]...[SaveScalars_bulk]
Loading user function library: [SaveData]...[SaveScalars_bulk]
AddEquationBasics: Checking for _bulk solver
Loading user function library: [SaveData]...[SaveScalars]
AddEquationBasics: Creating null variable with no name
AddSolvers: Setting up solver 3: internalvtuoutputsolver
AddEquationBasics: Using procedure: ResultOutputSolve ResultOutputSolver
AddEquationBasics: Setting up solver: internalvtuoutputsolver
Loading user function library: [ResultOutputSolve]...[ResultOutputSolver_Init]
Loading user function library: [ResultOutputSolve]...[ResultOutputSolver_Init]
AddEquationBasics: Checking for _init solver
Loading user function library: [ResultOutputSolve]...[ResultOutputSolver_bulk]
Loading user function library: [ResultOutputSolve]...[ResultOutputSolver_bulk]
AddEquationBasics: Checking for _bulk solver
Loading user function library: [ResultOutputSolve]...[ResultOutputSolver]
AddEquationBasics: Treating variable string: -global vtu_internal_dummy
AddEquationBasics: Creating global variable: vtu_internal_dummy
VariableAdd: Adding variable > vtu_internal_dummy < of size 1
AddSolvers: Setting up solvers done
AddTimeEtc: Setting time and other global variables
VariableAdd: Adding variable > Time < of size 1
VariableAdd: Adding variable > Timestep < of size 1
VariableAdd: Adding variable > Timestep size < of size 1
VariableAdd: Adding variable > Timestep interval < of size 1
VariableAdd: Adding variable > nonlin iter < of size 1
VariableAdd: Adding variable > coupled iter < of size 1
VariableAdd: Adding variable > Partition < of size 1
VariableAdd: Adding variable > Time < of size 1
VariableAdd: Adding variable > Timestep < of size 1
VariableAdd: Adding variable > Timestep size < of size 1
VariableAdd: Adding variable > Timestep interval < of size 1
VariableAdd: Adding variable > nonlin iter < of size 1
VariableAdd: Adding variable > coupled iter < of size 1
VariableAdd: Adding variable > Partition < of size 1
MAIN: Random seed initialized to: 314159265
SetInitialConditions: Setting up initial conditions (if any)
MAIN: Number of timesteps to be saved: 1
MAIN: 
MAIN: -------------------------------------
MAIN:  Steady state iteration:            1
MAIN: -------------------------------------
MAIN: 
SolveEquations: Solvers before timestep
SolveEquations: Solvers in main iteration loop
SolveEquations: Performing set of solvers in sequence
ListTagCount: Counting tags for keyword normalization!
SetActiveElementsTable: Creating active element table for: linelast
SetActiveElementsTable: Number of active elements found : 256000
SingleSolver: Attempting to call solver: 1
SingleSolver: Solver Equation string is: linelast
StressSolve: 
StressSolve: --------------------------------------------------
StressSolve: Solving displacements from linear elasticity model
StressSolve: --------------------------------------------------
DefaultStart: Starting solver: linelast
StressSolve: Starting assembly...
InitializeToZero: Initializing the linear system to zero
StressSolve: Assembly:
: ................Finished checking for nodal loads
SetNodalLoads: Finished checking for nodal loads
SetNodalLoads: Finished checking for nodal loads
SetDirichletBoundaries: Number of dofs set for displacement: 0
DefUtils::DefaultDirichletBCs: Setting Dirichlet boundary conditions
SetDirichletBoundaries: Number of dofs set for displacement 1: 6400
DefUtils::DefaultDirichletBCs: p-element condition setup: displacement 1
SetDirichletBoundaries: Number of dofs set for displacement 2: 6400
DefUtils::DefaultDirichletBCs: p-element condition setup: displacement 2
SetDirichletBoundaries: Number of dofs set for displacement 3: 6400
DefUtils::DefaultDirichletBCs: p-element condition setup: displacement 3
EnforceDirichletConditions: Enforcing total of 5043 Dirichlet conditions.
EnforceDirichletConditions: Applying Dirichlet conditions using scaled diagonal
ScaleLinearSystem: Creating > DiagScaling < vector of size 811923
EnforceDirichletConditions: Dirichlet conditions enforced for dofs: 5043
DefUtils::DefaultDirichletBCs: Dirichlet boundary conditions set
DefaultSolve: Solving linear system with default routines
GenerateConstraintMatrix: Nothing to do for now
SolveSystem: Solving linear system
SolveSystem: Solving linear system in standard way
SolveLinearSystem: Assuming real valued linear system
SolveLinearSystem: Assuming serial linear system
ScaleLinearSystem: Creating > DiagScaling < vector of size 811923
SolveLinearSystem: Serial linear System Solver: amgx
AMGX version 2.2.0.132-opensource
Built on Mar 11 2025, 14:25:11
Compiled with CUDA Runtime 11.5, using CUDA driver 12.2
           iter      Mem Usage (GB)       residual           rate
         --------------------------------------------------------------
            Ini                   0   1.000000e+00
              0                   0   4.964296e-01         0.4964
              1              0.0000   4.541608e-01         0.9149
              2              0.0000   4.076906e-01         0.8977
              3              0.0000   3.814497e-01         0.9356
              4              0.0000   3.701195e-01         0.9703
              5              0.0000   3.585336e-01         0.9687
              6              0.0000   3.494217e-01         0.9746
              7              0.0000   3.327872e-01         0.9524
              8              0.0000   3.186429e-01         0.9575
              9              0.0000   2.882914e-01         0.9047
             10              0.0000   2.738849e-01         0.9500
             11              0.0000   2.637312e-01         0.9629
             12              0.0000   2.581533e-01         0.9788
             13              0.0000   2.583716e-01         1.0008
             14              0.0000   2.593065e-01         1.0036
             15              0.0000   2.601773e-01         1.0034
             16              0.0000   2.609900e-01         1.0031
             17              0.0000   2.619794e-01         1.0038
             18              0.0000   2.628077e-01         1.0032
             19              0.0000   2.633328e-01         1.0020
             20              0.0000   2.642386e-01         1.0034
             21              0.0000   2.647605e-01         1.0020
             22              0.0000   2.657253e-01         1.0036
             23              0.0000   2.669465e-01         1.0046
             24              0.0000   2.680663e-01         1.0042
             25              0.0000   2.700542e-01         1.0074
             26              0.0000   2.717823e-01         1.0064
             27              0.0000   2.736177e-01         1.0068
             28              0.0000   2.758143e-01         1.0080
             29              0.0000   2.777780e-01         1.0071
             30              0.0000   2.802679e-01         1.0090
             31              0.0000   2.831746e-01         1.0104
             32              0.0000   2.861574e-01         1.0105
             33              0.0000   2.898396e-01         1.0129
             34              0.0000   2.932025e-01         1.0116
             35              0.0000   2.965656e-01         1.0115
             36              0.0000   2.999020e-01         1.0113
             37              0.0000   3.026945e-01         1.0093
             38              0.0000   3.054238e-01         1.0090
             39              0.0000   3.079087e-01         1.0081
             40              0.0000   3.104753e-01         1.0083
             41              0.0000   3.131177e-01         1.0085
             42              0.0000   3.161325e-01         1.0096
             43              0.0000   3.191217e-01         1.0095
             44              0.0000   3.222500e-01         1.0098
             45              0.0000   3.250969e-01         1.0088
             46              0.0000   3.278661e-01         1.0085
             47              0.0000   3.303002e-01         1.0074
             48              0.0000   3.327105e-01         1.0073
             49              0.0000   3.346082e-01         1.0057
             50              0.0000   3.368009e-01         1.0066
             51              0.0000   3.374808e-01         1.0020
             52              0.0000   3.432700e-01         1.0172
             53              0.0000   3.461067e-01         1.0083
             54              0.0000   3.236531e-01         0.9351
             55              0.0000   3.130602e-01         0.9673
             56              0.0000   2.657750e-01         0.8490
             57              0.0000   2.486384e-01         0.9355
             58              0.0000   2.483290e-01         0.9988
             59              0.0000   2.533612e-01         1.0203
             60              0.0000   2.457596e-01         0.9700
             61              0.0000   2.428690e-01         0.9882
             62              0.0000   2.044492e-01         0.8418
             63              0.0000   2.026922e-01         0.9914
             64              0.0000   4.079720e-01         2.0128
             65              0.0000   3.107772e-01         0.7618
             66              0.0000   1.956052e-01         0.6294
             67              0.0000   2.039152e-01         1.0425
             68              0.0000   2.016325e-01         0.9888
             69              0.0000   1.965148e-01         0.9746
             70              0.0000   1.947605e-01         0.9911
             71              0.0000   1.992134e-01         1.0229
             72              0.0000   1.964813e-01         0.9863
             73              0.0000   1.951151e-01         0.9930
             74              0.0000   1.962914e-01         1.0060
             75              0.0000   1.971561e-01         1.0044
             76              0.0000   1.999757e-01         1.0143
             77              0.0000   1.988262e-01         0.9943
             78              0.0000   2.006071e-01         1.0090
             79              0.0000   2.000491e-01         0.9972
             80              0.0000   2.011201e-01         1.0054
             81              0.0000   2.022770e-01         1.0058
             82              0.0000   2.020764e-01         0.9990
             83              0.0000   2.015716e-01         0.9975
             84              0.0000   2.015040e-01         0.9997
             85              0.0000   2.043406e-01         1.0141
             86              0.0000   2.064797e-01         1.0105
             87              0.0000   2.062298e-01         0.9988
             88              0.0000   2.081988e-01         1.0095
             89              0.0000   2.087185e-01         1.0025
             90              0.0000   2.114315e-01         1.0130
             91              0.0000   2.104541e-01         0.9954
             92              0.0000   2.143552e-01         1.0185
             93              0.0000   2.128266e-01         0.9929
             94              0.0000   2.137715e-01         1.0044
             95              0.0000   2.148829e-01         1.0052
             96              0.0000   2.159620e-01         1.0050
             97              0.0000   2.158763e-01         0.9996
             98              0.0000   2.175562e-01         1.0078
             99              0.0000   2.185705e-01         1.0047
            100              0.0000   2.190400e-01         1.0021
            101              0.0000   2.184257e-01         0.9972
            102              0.0000   2.191512e-01         1.0033
            103              0.0000   2.159806e-01         0.9855
            104              0.0000   2.098529e-01         0.9716
            105              0.0000   2.099478e-01         1.0005
            106              0.0000   2.121813e-01         1.0106
            107              0.0000   2.124724e-01         1.0014
            108              0.0000   2.122588e-01         0.9990
            109              0.0000   2.118757e-01         0.9982
            110              0.0000   2.139400e-01         1.0097
            111              0.0000   2.133200e-01         0.9971
            112              0.0000   2.127784e-01         0.9975
            113              0.0000   2.135269e-01         1.0035
            114              0.0000   2.137682e-01         1.0011
            115              0.0000   2.141005e-01         1.0016
            116              0.0000   2.136831e-01         0.9981
            117              0.0000   2.148493e-01         1.0055
            118              0.0000   2.148569e-01         1.0000
            119              0.0000   2.147259e-01         0.9994
            120              0.0000   2.159091e-01         1.0055
            121              0.0000   2.235002e-01         1.0352
            122              0.0000   2.091000e-01         0.9356
            123              0.0000   2.040929e-01         0.9761
            124              0.0000   2.032071e-01         0.9957
            125              0.0000   2.030155e-01         0.9991
            126              0.0000   2.026624e-01         0.9983
            127              0.0000   2.019846e-01         0.9967
            128              0.0000   2.007277e-01         0.9938
            129              0.0000   2.007505e-01         1.0001
            130              0.0000   2.003806e-01         0.9982
            131              0.0000   1.979737e-01         0.9880
            132              0.0000   1.978726e-01         0.9995
            133              0.0000   1.950012e-01         0.9855
            134              0.0000   2.252187e-01         1.1550
            135              0.0000   1.900082e-01         0.8437
            136              0.0000   1.896072e-01         0.9979
            137              0.0000   1.883848e-01         0.9936
            138              0.0000   1.883545e-01         0.9998
            139              0.0000   1.864551e-01         0.9899
            140              0.0000   1.862983e-01         0.9992
            141              0.0000   1.847908e-01         0.9919
            142              0.0000   1.839955e-01         0.9957
            143              0.0000   1.833273e-01         0.9964
            144              0.0000   1.829279e-01         0.9978
            145              0.0000   1.829048e-01         0.9999
            146              0.0000   1.823809e-01         0.9971
            147              0.0000   1.820931e-01         0.9984
            148              0.0000   1.815833e-01         0.9972
            149              0.0000   1.814947e-01         0.9995
            150              0.0000   1.818116e-01         1.0017
            151              0.0000   1.812052e-01         0.9967
            152              0.0000   1.815519e-01         1.0019
            153              0.0000   1.818378e-01         1.0016
            154              0.0000   1.829973e-01         1.0064
            155              0.0000   1.737945e-01         0.9497
            156              0.0000   1.750170e-01         1.0070
            157              0.0000   1.671898e-01         0.9553
            158              0.0000   1.674011e-01         1.0013
            159              0.0000   1.688569e-01         1.0087
            160              0.0000   1.678384e-01         0.9940
            161              0.0000   1.684299e-01         1.0035
            162              0.0000   1.685391e-01         1.0006
            163              0.0000   1.804495e-01         1.0707
            164              0.0000   1.685089e-01         0.9338
            165              0.0000   1.669810e-01         0.9909
            166              0.0000   1.915526e+01       114.7152
            167              0.0000   1.664086e-01         0.0087
            168              0.0000   1.649535e-01         0.9913
            169              0.0000   1.649010e-01         0.9997
            170              0.0000   1.648070e-01         0.9994
            171              0.0000   1.647758e-01         0.9998
            172              0.0000   1.644125e-01         0.9978
            173              0.0000   1.650974e-01         1.0042
            174              0.0000   1.644339e-01         0.9960
            175              0.0000   1.642498e-01         0.9989
            176              0.0000   1.634732e-01         0.9953
            177              0.0000   1.632934e-01         0.9989
            178              0.0000   1.609164e-01         0.9854
            179              0.0000   1.616989e-01         1.0049
            180              0.0000   1.612053e-01         0.9969
            181              0.0000   1.629389e-01         1.0108
            182              0.0000   1.606901e-01         0.9862
            183              0.0000   1.597808e-01         0.9943
            184              0.0000   1.595749e-01         0.9987
            185              0.0000   1.582285e-01         0.9916
            186              0.0000   1.570912e-01         0.9928
            187              0.0000   1.565640e-01         0.9966
            188              0.0000   1.523872e-01         0.9733
            189              0.0000   1.546502e-01         1.0149
            190              0.0000   1.547160e-01         1.0004
            191              0.0000   1.546594e-01         0.9996
            192              0.0000   1.520171e-01         0.9829
            193              0.0000   1.520820e-01         1.0004
            194              0.0000   1.519662e-01         0.9992
            195              0.0000   1.519471e-01         0.9999
            196              0.0000   1.492921e-01         0.9825
            197              0.0000   1.483691e-01         0.9938
            198              0.0000   1.476242e-01         0.9950
            199              0.0000   1.445980e-01         0.9795
            200              0.0000   1.457935e-01         1.0083
            201              0.0000   1.458267e-01         1.0002
            202              0.0000   1.403872e-01         0.9627
            203              0.0000   1.432553e-01         1.0204
            204              0.0000   1.429309e-01         0.9977
            205              0.0000   1.421428e-01         0.9945
            206              0.0000   1.388838e-01         0.9771
            207              0.0000   1.386913e-01         0.9986
            208              0.0000   1.386751e-01         0.9999
            209              0.0000   1.337961e-01         0.9648
            210              0.0000   1.371855e-01         1.0253
            211              0.0000   1.369797e-01         0.9985
            212              0.0000   1.429076e-01         1.0433
            213              0.0000   1.352721e-01         0.9466
            214              0.0000   1.354428e-01         1.0013
            215              0.0000   1.351354e-01         0.9977
            216              0.0000   1.338821e-01         0.9907
            217              0.0000   1.337282e-01         0.9989
            218              0.0000   1.336815e-01         0.9997
            219              0.0000   1.311153e-01         0.9808
            220              0.0000   1.309866e-01         0.9990
            221              0.0000   1.314022e-01         1.0032
            222              0.0000   1.314880e-01         1.0007
            223              0.0000   1.305750e-01         0.9931
            224              0.0000   1.299473e-01         0.9952
            225              0.0000   1.294339e-01         0.9960
            226              0.0000   1.290827e-01         0.9973
            227              0.0000   1.279705e-01         0.9914
            228              0.0000   1.276770e-01         0.9977
            229              0.0000   1.960936e-01         1.5359
            230              0.0000   1.247716e-01         0.6363
            231              0.0000   1.222624e-01         0.9799
            232              0.0000   1.222623e-01         1.0000
            233              0.0000   1.217113e-01         0.9955
            234              0.0000   1.210551e-01         0.9946
            235              0.0000   1.205187e-01         0.9956
            236              0.0000   1.227381e-01         1.0184
            237              0.0000   1.212986e-01         0.9883
            238              0.0000   1.192214e-01         0.9829
            239              0.0000   1.192664e-01         1.0004
            240              0.0000   1.140904e-01         0.9566
            241              0.0000   1.139400e-01         0.9987
            242              0.0000   1.173137e-01         1.0296
            243              0.0000   1.172066e-01         0.9991
            244              0.0000   1.179776e-01         1.0066
            245              0.0000   1.161055e-01         0.9841
            246              0.0000   1.157098e-01         0.9966
            247              0.0000   1.150553e-01         0.9943
            248              0.0000   1.147660e-01         0.9975
            249              0.0000   1.152547e-01         1.0043
            250              0.0000   1.133061e-01         0.9831
            251              0.0000   1.135583e-01         1.0022
            252              0.0000   1.132214e-01         0.9970
            253              0.0000   1.121657e-01         0.9907
            254              0.0000   1.120952e-01         0.9994
            255              0.0000   1.120837e-01         0.9999
            256              0.0000   1.097058e-01         0.9788
            257              0.0000   1.108091e-01         1.0101
            258              0.0000   1.105145e-01         0.9973
            259              0.0000   1.101368e-01         0.9966
            260              0.0000   1.097198e-01         0.9962
            261              0.0000   1.094943e-01         0.9979
            262              0.0000   1.090983e-01         0.9964
            263              0.0000   1.087472e-01         0.9968
            264              0.0000   1.094442e-01         1.0064
            265              0.0000   1.103796e-01         1.0085
            266              0.0000   1.078512e-01         0.9771
            267              0.0000   1.076984e-01         0.9986
            268              0.0000   1.077568e-01         1.0005
            269              0.0000   1.074827e-01         0.9975
            270              0.0000   1.076790e-01         1.0018
            271              0.0000   1.072252e-01         0.9958
            272              0.0000   1.071863e-01         0.9996
            273              0.0000   1.070508e-01         0.9987
            274              0.0000   1.050990e-01         0.9818
            275              0.0000   1.037830e-01         0.9875
            276              0.0000   1.036344e-01         0.9986
            277              0.0000   1.036061e-01         0.9997
            278              0.0000   1.036068e-01         1.0000
            279              0.0000   1.036353e-01         1.0003
            280              0.0000   1.036554e-01         1.0002
            281              0.0000   1.036519e-01         1.0000
            282              0.0000   1.036659e-01         1.0001
            283              0.0000   1.038352e-01         1.0016
            284              0.0000   1.036498e-01         0.9982
            285              0.0000   1.036398e-01         0.9999
            286              0.0000   1.036157e-01         0.9998
            287              0.0000   1.036510e-01         1.0003
            288              0.0000   1.037437e-01         1.0009
            289              0.0000   1.037604e-01         1.0002
            290              0.0000   1.036959e-01         0.9994
            291              0.0000   1.038416e-01         1.0014
            292              0.0000   1.039163e-01         1.0007
            293              0.0000   1.039399e-01         1.0002
            294              0.0000   1.040431e-01         1.0010
            295              0.0000   1.044529e-01         1.0039
            296              0.0000   1.041098e-01         0.9967
            297              0.0000   1.040830e-01         0.9997
            298              0.0000   1.042725e-01         1.0018
            299              0.0000   1.042623e-01         0.9999
            300              0.0000   1.042588e-01         1.0000
            301              0.0000   1.041968e-01         0.9994
            302              0.0000   1.044027e-01         1.0020
            303              0.0000   1.044581e-01         1.0005
            304              0.0000   1.044423e-01         0.9998
            305              0.0000   1.045029e-01         1.0006
            306              0.0000   1.045300e-01         1.0003
            307              0.0000   1.045418e-01         1.0001
            308              0.0000   1.045850e-01         1.0004
            309              0.0000   1.045701e-01         0.9999
            310              0.0000   1.045692e-01         1.0000
            311              0.0000   1.045681e-01         1.0000
            312              0.0000   1.045482e-01         0.9998
            313              0.0000   1.045414e-01         0.9999
            314              0.0000   1.045903e-01         1.0005
            315              0.0000   1.044958e-01         0.9991
            316              0.0000   1.011172e-01         0.9677
            317              0.0000   1.383500e-01         1.3682
            318              0.0000   1.616297e-01         1.1683
            319              0.0000   9.817162e-02         0.6074
            320              0.0000   9.814162e-02         0.9997
            321              0.0000   9.851427e-02         1.0038
            322              0.0000   9.776550e-02         0.9924
            323              0.0000   9.779761e-02         1.0003
            324              0.0000   9.763381e-02         0.9983
            325              0.0000   9.738859e-02         0.9975
            326              0.0000   9.739399e-02         1.0001
            327              0.0000   9.703886e-02         0.9964
            328              0.0000   9.639065e-02         0.9933
            329              0.0000   9.672624e-02         1.0035
            330              0.0000   9.672308e-02         1.0000
            331              0.0000   9.648860e-02         0.9976
            332              0.0000   9.469255e-02         0.9814
            333              0.0000   1.011949e-01         1.0687
            334              0.0000   9.317994e-02         0.9208
            335              0.0000   9.274292e-02         0.9953
            336              0.0000   9.154179e-02         0.9870
            337              0.0000   9.199703e-02         1.0050
            338              0.0000   9.203893e-02         1.0005
            339              0.0000   9.142755e-02         0.9934
            340              0.0000   9.142617e-02         1.0000
            341              0.0000   9.107784e-02         0.9962
            342              0.0000   9.121413e-02         1.0015
            343              0.0000   8.779026e-02         0.9625
            344              0.0000   8.787045e-02         1.0009
            345              0.0000   8.786443e-02         0.9999
            346              0.0000   8.785449e-02         0.9999
            347              0.0000   8.759921e-02         0.9971
            348              0.0000   8.798379e-02         1.0044
            349              0.0000   8.857240e-02         1.0067
            350              0.0000   8.856767e-02         0.9999
            351              0.0000   8.826316e-02         0.9966
            352              0.0000   8.823560e-02         0.9997
            353              0.0000   8.201965e-02         0.9296
            354              0.0000   9.212260e-02         1.1232
            355              0.0000   8.500385e-02         0.9227
            356              0.0000   8.484347e-02         0.9981
            357              0.0000   8.742969e-02         1.0305
            358              0.0000   8.438652e-02         0.9652
            359              0.0000   8.392740e-02         0.9946
            360              0.0000   8.311427e-02         0.9903
            361              0.0000   8.182763e-02         0.9845
            362              0.0000   8.196806e-02         1.0017
            363              0.0000   8.243086e-02         1.0056
            364              0.0000   8.133071e-02         0.9867
            365              0.0000   8.068386e-02         0.9920
            366              0.0000   8.013255e-02         0.9932
            367              0.0000   8.012666e-02         0.9999
            368              0.0000   7.822049e-02         0.9762
            369              0.0000   7.779624e-02         0.9946
            370              0.0000   7.759005e-02         0.9973
            371              0.0000   7.729759e-02         0.9962
            372              0.0000   7.677163e-02         0.9932
            373              0.0000   7.790385e-02         1.0147
            374              0.0000   7.985801e-02         1.0251
            375              0.0000   7.985490e-02         1.0000
            376              0.0000   7.570598e-02         0.9480
            377              0.0000   7.412437e-02         0.9791
            378              0.0000   7.419136e-02         1.0009
            379              0.0000   7.350405e-02         0.9907
            380              0.0000   7.373509e-02         1.0031
            381              0.0000   7.285825e-02         0.9881
            382              0.0000   7.221549e-02         0.9912
            383              0.0000   7.146775e-02         0.9896
            384              0.0000   7.370824e-02         1.0313
            385              0.0000   7.066841e-02         0.9588
            386              0.0000   7.033032e-02         0.9952
            387              0.0000   7.016287e-02         0.9976
            388              0.0000   6.966255e-02         0.9929
            389              0.0000   6.943955e-02         0.9968
            390              0.0000   7.183202e-02         1.0345
            391              0.0000   7.147976e-02         0.9951
            392              0.0000   6.839073e-02         0.9568
            393              0.0000   6.837416e-02         0.9998
            394              0.0000   6.838167e-02         1.0001
            395              0.0000   6.853873e-02         1.0023
            396              0.0000   7.537908e-02         1.0998
            397              0.0000   1.018430e-01         1.3511
            398              0.0000   6.949919e-02         0.6824
            399              0.0000   7.015548e-02         1.0094
            400              0.0000   6.776610e-02         0.9659
            401              0.0000   6.774422e-02         0.9997
            402              0.0000   6.774267e-02         1.0000
            403              0.0000   6.769162e-02         0.9992
            404              0.0000   6.764361e-02         0.9993
            405              0.0000   6.775271e-02         1.0016
            406              0.0000   6.776152e-02         1.0001
            407              0.0000   6.769500e-02         0.9990
            408              0.0000   6.776276e-02         1.0010
            409              0.0000   6.797867e-02         1.0032
            410              0.0000   6.795426e-02         0.9996
            411              0.0000   6.796082e-02         1.0001
            412              0.0000   6.770098e-02         0.9962
            413              0.0000   6.783682e-02         1.0020
            414              0.0000   6.840778e-02         1.0084
            415              0.0000   6.853947e-02         1.0019
            416              0.0000   6.851193e-02         0.9996
            417              0.0000   7.668357e-02         1.1193
            418              0.0000   7.079316e-02         0.9232
            419              0.0000   7.885319e-02         1.1139
            420              0.0000   6.929656e-02         0.8788
            421              0.0000   6.937300e-02         1.0011
            422              0.0000   6.932385e-02         0.9993
            423              0.0000   6.896289e-02         0.9948
            424              0.0000   6.960355e-02         1.0093
            425              0.0000   7.001885e-02         1.0060
            426              0.0000   7.036075e-02         1.0049
            427              0.0000   7.190829e-02         1.0220
            428              0.0000   7.156359e-02         0.9952
            429              0.0000   7.154670e-02         0.9998
            430              0.0000   7.119386e-02         0.9951
            431              0.0000   7.123541e-02         1.0006
            432              0.0000   7.120224e-02         0.9995
            433              0.0000   7.115788e-02         0.9994
            434              0.0000   7.081634e-02         0.9952
            435              0.0000   7.163332e-02         1.0115
            436              0.0000   7.211419e-02         1.0067
            437              0.0000   7.254086e-02         1.0059
            438              0.0000   7.018162e-02         0.9675
            439              0.0000   7.237122e-02         1.0312
            440              0.0000   7.282966e-02         1.0063
            441              0.0000   7.281614e-02         0.9998
            442              0.0000   7.276868e-02         0.9993
            443              0.0000   7.301141e-02         1.0033
            444              0.0000   7.325532e-02         1.0033
            445              0.0000   7.337030e-02         1.0016
            446              0.0000   7.355830e-02         1.0026
            447              0.0000   7.343071e-02         0.9983
            448              0.0000   7.355059e-02         1.0016
            449              0.0000   7.384022e-02         1.0039
            450              0.0000   7.389793e-02         1.0008
            451              0.0000   7.407476e-02         1.0024
            452              0.0000   7.412942e-02         1.0007
            453              0.0000   7.419397e-02         1.0009
            454              0.0000   7.398491e-02         0.9972
            455              0.0000   7.426490e-02         1.0038
            456              0.0000   7.424026e-02         0.9997
            457              0.0000   7.439654e-02         1.0021
            458              0.0000   7.447612e-02         1.0011
            459              0.0000   7.488359e-02         1.0055
            460              0.0000   7.502748e-02         1.0019
            461              0.0000   6.624342e-02         0.8829
            462              0.0000   7.642785e-02         1.1537
            463              0.0000   6.209355e-02         0.8124
            464              0.0000   6.211192e-02         1.0003
            465              0.0000   6.217027e-02         1.0009
            466              0.0000   6.211223e-02         0.9991
            467              0.0000   6.210240e-02         0.9998
            468              0.0000   6.210139e-02         1.0000
            469              0.0000   6.209370e-02         0.9999
            470              0.0000   6.210596e-02         1.0002
            471              0.0000   6.212932e-02         1.0004
            472              0.0000   6.212951e-02         1.0000
            473              0.0000   6.212786e-02         1.0000
            474              0.0000   6.212625e-02         1.0000
            475              0.0000   6.212366e-02         1.0000
            476              0.0000   6.212332e-02         1.0000
            477              0.0000   6.215482e-02         1.0005
            478              0.0000   6.216102e-02         1.0001
            479              0.0000   6.212333e-02         0.9994
            480              0.0000   6.212187e-02         1.0000
            481              0.0000   6.217507e-02         1.0009
            482              0.0000   6.216828e-02         0.9999
            483              0.0000   6.181022e-02         0.9942
            484              0.0000   6.174407e-02         0.9989
            485              0.0000   6.174013e-02         0.9999
            486              0.0000   6.161562e-02         0.9980
            487              0.0000   6.199211e-02         1.0061
            488              0.0000   6.197682e-02         0.9998
            489              0.0000   6.198425e-02         1.0001
            490              0.0000   6.193604e-02         0.9992
            491              0.0000   6.191968e-02         0.9997
            492              0.0000   6.189510e-02         0.9996
            493              0.0000   6.186096e-02         0.9994
            494              0.0000   6.185853e-02         1.0000
            495              0.0000   6.312811e-02         1.0205
            496              0.0000   6.179964e-02         0.9790
            497              0.0000   6.174330e-02         0.9991
            498              0.0000   6.173190e-02         0.9998
            499              0.0000   6.176004e-02         1.0005
            500              0.0000   6.175733e-02         1.0000
            501              0.0000   6.148562e-02         0.9956
            502              0.0000   6.148493e-02         1.0000
            503              0.0000   6.147095e-02         0.9998
            504              0.0000   6.150278e-02         1.0005
            505              0.0000   6.153661e-02         1.0006
            506              0.0000   6.060231e-02         0.9848
            507              0.0000   5.977810e-02         0.9864
            508              0.0000   5.970100e-02         0.9987
            509              0.0000   5.965489e-02         0.9992
            510              0.0000   5.940251e-02         0.9958
            511              0.0000   5.932497e-02         0.9987
            512              0.0000   5.932761e-02         1.0000
            513              0.0000   5.933598e-02         1.0001
            514              0.0000   5.927661e-02         0.9990
            515              0.0000   5.907507e-02         0.9966
            516              0.0000   5.904048e-02         0.9994
            517              0.0000   5.903980e-02         1.0000
            518              0.0000   5.902986e-02         0.9998
            519              0.0000   5.868869e-02         0.9942
            520              0.0000   5.871082e-02         1.0004
            521              0.0000   5.761791e-02         0.9814
            522              0.0000   5.845121e-02         1.0145
            523              0.0000   5.840997e-02         0.9993
            524              0.0000   5.833643e-02         0.9987
            525              0.0000   5.828794e-02         0.9992
            526              0.0000   5.814172e-02         0.9975
            527              0.0000   5.818658e-02         1.0008
            528              0.0000   5.791000e-02         0.9952
            529              0.0000   5.778780e-02         0.9979
            530              0.0000   5.764443e-02         0.9975
            531              0.0000   5.764636e-02         1.0000
            532              0.0000   5.764345e-02         0.9999
            533              0.0000   5.764249e-02         1.0000
            534              0.0000   5.764255e-02         1.0000
            535              0.0000   5.762448e-02         0.9997
            536              0.0000   5.953448e-02         1.0331
            537              0.0000   5.826080e-02         0.9786
            538              0.0000   5.655440e-02         0.9707
            539              0.0000   5.657494e-02         1.0004
            540              0.0000   5.648477e-02         0.9984
            541              0.0000   5.643386e-02         0.9991
            542              0.0000   5.641575e-02         0.9997
            543              0.0000   5.642284e-02         1.0001
            544              0.0000   5.642984e-02         1.0001
            545              0.0000   5.640768e-02         0.9996
            546              0.0000   5.645446e-02         1.0008
            547              0.0000   5.836241e-02         1.0338
            548              0.0000   5.612292e-02         0.9616
            549              0.0000   5.617363e-02         1.0009
            550              0.0000   5.177085e-02         0.9216
            551              0.0000   8.033101e-02         1.5517
            552              0.0000   7.975214e-02         0.9928
            553              0.0000   5.893976e-02         0.7390
            554              0.0000   5.514962e-02         0.9357
            555              0.0000   5.458424e-02         0.9897
            556              0.0000   5.446488e-02         0.9978
            557              0.0000   5.425960e-02         0.9962
            558              0.0000   5.423857e-02         0.9996
            559              0.0000   5.424668e-02         1.0001
            560              0.0000   5.424780e-02         1.0000
            561              0.0000   5.401191e-02         0.9957
            562              0.0000   4.917443e-02         0.9104
            563              0.0000   5.081907e-02         1.0334
            564              0.0000   5.189834e-02         1.0212
            565              0.0000   5.779924e-02         1.1137
            566              0.0000   6.267219e-02         1.0843
            567              0.0000   5.226975e-02         0.8340
            568              0.0000   5.240166e-02         1.0025
            569              0.0000   5.262634e-02         1.0043
            570              0.0000   5.240821e-02         0.9959
            571              0.0000   5.193999e-02         0.9911
            572              0.0000   5.168773e-02         0.9951
            573              0.0000   5.156936e-02         0.9977
            574              0.0000   5.149882e-02         0.9986
            575              0.0000   5.237712e-02         1.0171
            576              0.0000   5.279661e-02         1.0080
            577              0.0000   5.201130e-02         0.9851
            578              0.0000   5.075608e-02         0.9759
            579              0.0000   5.085855e-02         1.0020
            580              0.0000   5.085804e-02         1.0000
            581              0.0000   5.078868e-02         0.9986
            582              0.0000   5.058244e-02         0.9959
            583              0.0000   5.080514e-02         1.0044
            584              0.0000   4.938646e-02         0.9721
            585              0.0000   4.658302e-02         0.9432
            586              0.0000   4.003004e-02         0.8593
            587              0.0000   4.002829e-02         1.0000
            588              0.0000   4.607259e-02         1.1510
            589              0.0000   4.600578e-02         0.9985
            590              0.0000   4.864089e-02         1.0573
            591              0.0000   4.936130e-02         1.0148
            592              0.0000   4.897811e-02         0.9922
            593              0.0000   4.960875e-02         1.0129
            594              0.0000   4.832943e-02         0.9742
            595              0.0000   4.797682e-02         0.9927
            596              0.0000   4.799308e-02         1.0003
            597              0.0000   4.795755e-02         0.9993
            598              0.0000   4.960108e-02         1.0343
            599              0.0000   4.556612e-02         0.9187
            600              0.0000   4.693589e-02         1.0301
            601              0.0000   4.683611e-02         0.9979
            602              0.0000   4.634060e-02         0.9894
            603              0.0000   4.650793e-02         1.0036
            604              0.0000   4.646290e-02         0.9990
            605              0.0000   4.637720e-02         0.9982
            606              0.0000   4.641464e-02         1.0008
            607              0.0000   4.650950e-02         1.0020
            608              0.0000   4.654157e-02         1.0007
            609              0.0000   4.653885e-02         0.9999
            610              0.0000   4.656022e-02         1.0005
            611              0.0000   4.656260e-02         1.0001
            612              0.0000   4.656812e-02         1.0001
            613              0.0000   4.655461e-02         0.9997
            614              0.0000   4.652703e-02         0.9994
            615              0.0000   4.646448e-02         0.9987
            616              0.0000   4.592549e-02         0.9884
            617              0.0000   4.604068e-02         1.0025
            618              0.0000   4.180490e-02         0.9080
            619              0.0000   4.140746e-02         0.9905
            620              0.0000   3.967636e-02         0.9582
            621              0.0000   4.336591e-02         1.0930
            622              0.0000   4.503784e-02         1.0386
            623              0.0000   4.523377e-02         1.0044
            624              0.0000   4.525727e-02         1.0005
            625              0.0000   4.524066e-02         0.9996
            626              0.0000   4.251472e-02         0.9397
            627              0.0000   4.084860e-02         0.9608
            628              0.0000   4.076708e-02         0.9980
            629              0.0000   4.075291e-02         0.9997
            630              0.0000   4.092251e-02         1.0042
            631              0.0000   4.024231e-02         0.9834
            632              0.0000   4.024601e-02         1.0001
            633              0.0000   4.000995e-02         0.9941
            634              0.0000   3.993929e-02         0.9982
            635              0.0000   3.987854e-02         0.9985
            636              0.0000   4.024539e-02         1.0092
            637              0.0000   4.057886e-02         1.0083
            638              0.0000   3.936408e-02         0.9701
            639              0.0000   3.825392e-02         0.9718
            640              0.0000   3.791476e-02         0.9911
            641              0.0000   3.873038e-02         1.0215
            642              0.0000   3.868706e-02         0.9989
            643              0.0000   3.870705e-02         1.0005
            644              0.0000   3.841708e-02         0.9925
            645              0.0000   3.841838e-02         1.0000
            646              0.0000   3.679870e-02         0.9578
            647              0.0000   3.315793e-02         0.9011
            648              0.0000   4.657677e-02         1.4047
            649              0.0000   2.800783e-02         0.6013
            650              0.0000   3.148097e-02         1.1240
            651              0.0000   3.555004e-02         1.1293
            652              0.0000   3.632742e-02         1.0219
            653              0.0000   3.608894e-02         0.9934
            654              0.0000   3.599728e-02         0.9975
            655              0.0000   3.595249e-02         0.9988
            656              0.0000   3.591304e-02         0.9989
            657              0.0000   3.592844e-02         1.0004
            658              0.0000   3.637201e-02         1.0123
            659              0.0000   3.636594e-02         0.9998
            660              0.0000   3.719679e-02         1.0228
            661              0.0000   3.697761e-02         0.9941
            662              0.0000   3.688772e-02         0.9976
            663              0.0000   3.684575e-02         0.9989
            664              0.0000   3.883070e-02         1.0539
            665              0.0000   3.173162e-02         0.8172
            666              0.0000   2.852877e-02         0.8991
            667              0.0000   2.714588e-02         0.9515
            668              0.0000   2.697696e-02         0.9938
            669              0.0000   2.705175e-02         1.0028
            670              0.0000   2.738914e-02         1.0125
            671              0.0000   3.003363e-02         1.0966
            672              0.0000   2.852745e-02         0.9499
            673              0.0000   2.820663e-02         0.9888
            674              0.0000   2.817557e-02         0.9989
            675              0.0000   2.815935e-02         0.9994
            676              0.0000   2.809292e-02         0.9976
            677              0.0000   2.806781e-02         0.9991
            678              0.0000   2.806659e-02         1.0000
            679              0.0000   2.808071e-02         1.0005
            680              0.0000   2.839376e-02         1.0111
            681              0.0000   2.806724e-02         0.9885
            682              0.0000   2.800119e-02         0.9976
            683              0.0000   2.799604e-02         0.9998
            684              0.0000   2.768881e-02         0.9890
            685              0.0000   2.747859e-02         0.9924
            686              0.0000   2.747852e-02         1.0000
            687              0.0000   2.647873e-02         0.9636
            688              0.0000   2.712241e-02         1.0243
            689              0.0000   2.635437e-02         0.9717
            690              0.0000   2.867839e-02         1.0882
            691              0.0000   4.348501e-02         1.5163
            692              0.0000   2.597574e-02         0.5973
            693              0.0000   2.596837e-02         0.9997
            694              0.0000   2.603443e-02         1.0025
            695              0.0000   2.601147e-02         0.9991
            696              0.0000   2.591206e-02         0.9962
            697              0.0000   2.591228e-02         1.0000
            698              0.0000   2.601946e-02         1.0041
            699              0.0000   2.562082e-02         0.9847
            700              0.0000   2.557736e-02         0.9983
            701              0.0000   2.557714e-02         1.0000
            702              0.0000   2.547899e-02         0.9962
            703              0.0000   2.525397e-02         0.9912
            704              0.0000   2.523215e-02         0.9991
            705              0.0000   2.523244e-02         1.0000
            706              0.0000   2.519524e-02         0.9985
            707              0.0000   2.404047e-02         0.9542
            708              0.0000   2.473183e-02         1.0288
            709              0.0000   2.462155e-02         0.9955
            710              0.0000   2.532921e-02         1.0287
            711              0.0000   2.414660e-02         0.9533
            712              0.0000   2.420126e-02         1.0023
            713              0.0000   2.420130e-02         1.0000
            714              0.0000   2.419206e-02         0.9996
            715              0.0000   2.409247e-02         0.9959
            716              0.0000   2.408997e-02         0.9999
            717              0.0000   2.409668e-02         1.0003
            718              0.0000   2.409208e-02         0.9998
            719              0.0000   2.402618e-02         0.9973
            720              0.0000   2.416208e-02         1.0057
            721              0.0000   2.417829e-02         1.0007
            722              0.0000   2.410412e-02         0.9969
            723              0.0000   2.411624e-02         1.0005
            724              0.0000   2.368820e-02         0.9823
            725              0.0000   2.350662e-02         0.9923
            726              0.0000   2.234153e-02         0.9504
            727              0.0000   2.334304e-02         1.0448
            728              0.0000   2.327019e-02         0.9969
            729              0.0000   2.321991e-02         0.9978
            730              0.0000   2.323312e-02         1.0006
            731              0.0000   2.322021e-02         0.9994
            732              0.0000   2.322036e-02         1.0000
            733              0.0000   2.347935e-02         1.0112
            734              0.0000   2.361452e-02         1.0058
            735              0.0000   2.329946e-02         0.9867
            736              0.0000   2.329009e-02         0.9996
            737              0.0000   2.361587e-02         1.0140
            738              0.0000   2.360809e-02         0.9997
            739              0.0000   2.381333e-02         1.0087
            740              0.0000   2.264767e-02         0.9510
            741              0.0000   2.245394e-02         0.9914
            742              0.0000   2.252816e-02         1.0033
            743              0.0000   2.290980e-02         1.0169
            744              0.0000   2.241095e-02         0.9782
            745              0.0000   2.238245e-02         0.9987
            746              0.0000   2.235796e-02         0.9989
            747              0.0000   2.235067e-02         0.9997
            748              0.0000   2.235312e-02         1.0001
            749              0.0000   2.234947e-02         0.9998
            750              0.0000   2.238931e-02         1.0018
            751              0.0000   2.252931e-02         1.0063
            752              0.0000   2.385483e-02         1.0588
            753              0.0000   2.309595e-02         0.9682
            754              0.0000   2.356848e-02         1.0205
            755              0.0000   2.241529e-02         0.9511
            756              0.0000   2.189312e-02         0.9767
            757              0.0000   2.203134e-02         1.0063
            758              0.0000   2.181394e-02         0.9901
            759              0.0000   2.180043e-02         0.9994
            760              0.0000   2.287856e-02         1.0495
            761              0.0000   2.171194e-02         0.9490
            762              0.0000   2.168385e-02         0.9987
            763              0.0000   2.163575e-02         0.9978
            764              0.0000   2.162287e-02         0.9994
            765              0.0000   2.165721e-02         1.0016
            766              0.0000   2.150584e-02         0.9930
            767              0.0000   2.152602e-02         1.0009
            768              0.0000   2.150254e-02         0.9989
            769              0.0000   2.140670e-02         0.9955
            770              0.0000   2.145274e-02         1.0022
            771              0.0000   2.144788e-02         0.9998
            772              0.0000   2.145553e-02         1.0004
            773              0.0000   2.176617e-02         1.0145
            774              0.0000   2.132685e-02         0.9798
            775              0.0000   2.134540e-02         1.0009
            776              0.0000   2.132339e-02         0.9990
            777              0.0000   2.131377e-02         0.9995
            778              0.0000   2.139745e-02         1.0039
            779              0.0000   2.123671e-02         0.9925
            780              0.0000   2.121503e-02         0.9990
            781              0.0000   2.109573e-02         0.9944
            782              0.0000   2.111907e-02         1.0011
            783              0.0000   2.111483e-02         0.9998
            784              0.0000   2.112861e-02         1.0007
            785              0.0000   2.111480e-02         0.9993
            786              0.0000   2.110881e-02         0.9997
            787              0.0000   2.109836e-02         0.9995
            788              0.0000   2.113719e-02         1.0018
            789              0.0000   2.117667e-02         1.0019
            790              0.0000   2.040884e-02         0.9637
            791              0.0000   2.078513e-02         1.0184
            792              0.0000   2.107872e-02         1.0141
            793              0.0000   2.097865e-02         0.9953
            794              0.0000   2.097069e-02         0.9996
            795              0.0000   2.097325e-02         1.0001
            796              0.0000   2.092931e-02         0.9979
            797              0.0000   2.094410e-02         1.0007
            798              0.0000   2.082269e-02         0.9942
            799              0.0000   2.082247e-02         1.0000
            800              0.0000   2.089207e-02         1.0033
            801              0.0000   2.086894e-02         0.9989
            802              0.0000   2.086443e-02         0.9998
            803              0.0000   2.083864e-02         0.9988
            804              0.0000   2.081431e-02         0.9988
            805              0.0000   2.080405e-02         0.9995
            806              0.0000   2.067700e-02         0.9939
            807              0.0000   2.069622e-02         1.0009
            808              0.0000   2.070312e-02         1.0003
            809              0.0000   2.062256e-02         0.9961
            810              0.0000   2.055880e-02         0.9969
            811              0.0000   2.054184e-02         0.9992
            812              0.0000   2.053604e-02         0.9997
            813              0.0000   2.053795e-02         1.0001
            814              0.0000   2.051642e-02         0.9990
            815              0.0000   2.050775e-02         0.9996
            816              0.0000   2.047421e-02         0.9984
            817              0.0000   2.047675e-02         1.0001
            818              0.0000   2.045348e-02         0.9989
            819              0.0000   2.044609e-02         0.9996
            820              0.0000   2.041951e-02         0.9987
            821              0.0000   2.041925e-02         1.0000
            822              0.0000   2.042954e-02         1.0005
            823              0.0000   2.033226e-02         0.9952
            824              0.0000   2.044642e-02         1.0056
            825              0.0000   2.040352e-02         0.9979
            826              0.0000   2.040547e-02         1.0001
            827              0.0000   2.448957e-02         1.2001
            828              0.0000   1.994447e-02         0.8144
            829              0.0000   2.978407e-02         1.4933
            830              0.0000   2.218443e-02         0.7448
            831              0.0000   2.237827e-02         1.0087
            832              0.0000   2.216893e-02         0.9906
            833              0.0000   2.107463e-02         0.9506
            834              0.0000   2.034405e-02         0.9653
            835              0.0000   2.014416e-02         0.9902
            836              0.0000   1.996766e-02         0.9912
            837              0.0000   1.998306e-02         1.0008
            838              0.0000   1.959691e-02         0.9807
            839              0.0000   1.994210e-02         1.0176
            840              0.0000   1.993272e-02         0.9995
            841              0.0000   1.991811e-02         0.9993
            842              0.0000   1.992339e-02         1.0003
            843              0.0000   1.992205e-02         0.9999
            844              0.0000   1.993571e-02         1.0007
            845              0.0000   2.001499e-02         1.0040
            846              0.0000   1.873186e-02         0.9359
            847              0.0000   1.852610e-02         0.9890
            848              0.0000   1.926150e-02         1.0397
            849              0.0000   1.999767e-02         1.0382
            850              0.0000   2.005152e-02         1.0027
            851              0.0000   2.007849e-02         1.0013
            852              0.0000   2.001611e-02         0.9969
            853              0.0000   1.968522e-02         0.9835
            854              0.0000   1.967646e-02         0.9996
            855              0.0000   1.967518e-02         0.9999
            856              0.0000   1.967427e-02         1.0000
            857              0.0000   1.967513e-02         1.0000
            858              0.0000   1.967375e-02         0.9999
            859              0.0000   1.967259e-02         0.9999
            860              0.0000   1.968260e-02         1.0005
            861              0.0000   1.972550e-02         1.0022
            862              0.0000   1.971609e-02         0.9995
            863              0.0000   1.919125e-02         0.9734
            864              0.0000   1.945037e-02         1.0135
            865              0.0000   1.944249e-02         0.9996
            866              0.0000   1.946892e-02         1.0014
            867              0.0000   1.947212e-02         1.0002
            868              0.0000   1.943615e-02         0.9982
            869              0.0000   1.887996e-02         0.9714
            870              0.0000   1.942798e-02         1.0290
            871              0.0000   1.942711e-02         1.0000
            872              0.0000   1.942763e-02         1.0000
            873              0.0000   1.942746e-02         1.0000
            874              0.0000   1.942265e-02         0.9998
            875              0.0000   1.941187e-02         0.9994
            876              0.0000   1.940565e-02         0.9997
            877              0.0000   1.940373e-02         0.9999
            878              0.0000   1.942171e-02         1.0009
            879              0.0000   1.937065e-02         0.9974
            880              0.0000   1.943638e-02         1.0034
            881              0.0000   1.942890e-02         0.9996
            882              0.0000   1.937490e-02         0.9972
            883              0.0000   1.941396e-02         1.0020
            884              0.0000   1.940794e-02         0.9997
            885              0.0000   2.234995e-02         1.1516
            886              0.0000   1.911823e-02         0.8554
            887              0.0000   1.906379e-02         0.9972
            888              0.0000   1.915826e-02         1.0050
            889              0.0000   1.937920e-02         1.0115
            890              0.0000   1.916872e-02         0.9891
            891              0.0000   1.915980e-02         0.9995
            892              0.0000   1.915792e-02         0.9999
            893              0.0000   1.915860e-02         1.0000
            894              0.0000   1.913152e-02         0.9986
            895              0.0000   1.913024e-02         0.9999
            896              0.0000   1.913087e-02         1.0000
            897              0.0000   1.913516e-02         1.0002
            898              0.0000   1.912160e-02         0.9993
            899              0.0000   1.906375e-02         0.9970
            900              0.0000   1.906644e-02         1.0001
            901              0.0000   1.906386e-02         0.9999
            902              0.0000   1.903351e-02         0.9984
            903              0.0000   1.899130e-02         0.9978
            904              0.0000   1.892856e-02         0.9967
            905              0.0000   1.889340e-02         0.9981
            906              0.0000   1.890960e-02         1.0009
            907              0.0000   1.890471e-02         0.9997
            908              0.0000   1.890385e-02         1.0000
            909              0.0000   1.890317e-02         1.0000
            910              0.0000   1.890426e-02         1.0001
            911              0.0000   1.888778e-02         0.9991
            912              0.0000   1.887349e-02         0.9992
            913              0.0000   1.887188e-02         0.9999
            914              0.0000   1.875925e-02         0.9940
            915              0.0000   1.882546e-02         1.0035
            916              0.0000   1.882350e-02         0.9999
            917              0.0000   1.882488e-02         1.0001
            918              0.0000   1.878415e-02         0.9978
            919              0.0000   1.875512e-02         0.9985
            920              0.0000   1.875503e-02         1.0000
            921              0.0000   1.873140e-02         0.9987
            922              0.0000   1.865885e-02         0.9961
            923              0.0000   1.866553e-02         1.0004
            924              0.0000   1.865447e-02         0.9994
            925              0.0000   1.864097e-02         0.9993
            926              0.0000   1.860365e-02         0.9980
            927              0.0000   1.858962e-02         0.9992
            928              0.0000   1.873760e-02         1.0080
            929              0.0000   1.850586e-02         0.9876
            930              0.0000   1.852017e-02         1.0008
            931              0.0000   1.853188e-02         1.0006
            932              0.0000   1.853658e-02         1.0003
            933              0.0000   1.854663e-02         1.0005
            934              0.0000   1.853213e-02         0.9992
            935              0.0000   1.852988e-02         0.9999
            936              0.0000   1.853231e-02         1.0001
            937              0.0000   1.853871e-02         1.0003
            938              0.0000   1.853680e-02         0.9999
            939              0.0000   1.856344e-02         1.0014
            940              0.0000   1.856032e-02         0.9998
            941              0.0000   1.490137e-02         0.8029
            942              0.0000   1.860026e-02         1.2482
            943              0.0000   1.866082e-02         1.0033
            944              0.0000   1.839009e-02         0.9855
            945              0.0000   1.848175e-02         1.0050
            946              0.0000   1.846374e-02         0.9990
            947              0.0000   1.847474e-02         1.0006
            948              0.0000   1.849068e-02         1.0009
            949              0.0000   1.840816e-02         0.9955
            950              0.0000   1.828161e-02         0.9931
            951              0.0000   1.822079e-02         0.9967
            952              0.0000   1.801465e-02         0.9887
            953              0.0000   1.799921e-02         0.9991
            954              0.0000   1.799433e-02         0.9997
            955              0.0000   1.799397e-02         1.0000
            956              0.0000   1.799352e-02         1.0000
            957              0.0000   1.799254e-02         0.9999
            958              0.0000   1.799121e-02         0.9999
            959              0.0000   1.799245e-02         1.0001
            960              0.0000   1.799203e-02         1.0000
            961              0.0000   1.799217e-02         1.0000
            962              0.0000   1.799448e-02         1.0001
            963              0.0000   1.797478e-02         0.9989
            964              0.0000   1.797712e-02         1.0001
            965              0.0000   1.781882e-02         0.9912
            966              0.0000   1.694298e-02         0.9508
            967              0.0000   1.705662e-02         1.0067
            968              0.0000   1.624734e-02         0.9526
            969              0.0000   1.575614e-02         0.9698
            970              0.0000   1.636451e-02         1.0386
            971              0.0000   1.635550e-02         0.9994
            972              0.0000   1.628447e-02         0.9957
            973              0.0000   2.141170e-02         1.3149
            974              0.0000   1.687970e-02         0.7883
            975              0.0000   1.678411e-02         0.9943
            976              0.0000   1.647518e-02         0.9816
            977              0.0000   1.641344e-02         0.9963
            978              0.0000   1.649968e-02         1.0053
            979              0.0000   1.649918e-02         1.0000
            980              0.0000   1.646311e-02         0.9978
            981              0.0000   1.643240e-02         0.9981
            982              0.0000   1.644427e-02         1.0007
            983              0.0000   1.634881e-02         0.9942
            984              0.0000   1.504086e-02         0.9200
            985              0.0000   1.571154e-02         1.0446
            986              0.0000   1.563467e-02         0.9951
            987              0.0000   1.659089e-02         1.0612
            988              0.0000   1.503622e-02         0.9063
            989              0.0000   1.548605e-02         1.0299
            990              0.0000   1.493474e-02         0.9644
            991              0.0000   1.490720e-02         0.9982
            992              0.0000   1.490758e-02         1.0000
            993              0.0000   1.476076e-02         0.9902
            994              0.0000   1.534328e-02         1.0395
            995              0.0000   1.531475e-02         0.9981
            996              0.0000   1.495892e-02         0.9768
            997              0.0000   1.502120e-02         1.0042
            998              0.0000   1.364608e-02         0.9085
            999              0.0000   1.370542e-02         1.0043
           1000              0.0000   1.347096e-02         0.9829
           1001              0.0000   1.356542e-02         1.0070
           1002              0.0000   1.351367e-02         0.9962
           1003              0.0000   1.351448e-02         1.0001
           1004              0.0000   1.411546e-02         1.0445
           1005              0.0000   1.404450e-02         0.9950
           1006              0.0000   1.327642e-02         0.9453
           1007              0.0000   1.209872e-02         0.9113
           1008              0.0000   1.243607e-02         1.0279
           1009              0.0000   1.246688e-02         1.0025
           1010              0.0000   1.250237e-02         1.0028
           1011              0.0000   1.223246e-02         0.9784
           1012              0.0000   1.217715e-02         0.9955
           1013              0.0000   1.210803e-02         0.9943
           1014              0.0000   1.219931e-02         1.0075
           1015              0.0000   1.054310e-02         0.8642
           1016              0.0000   4.051617e-03         0.3843
           1017              0.0000   9.336374e-03         2.3044
           1018              0.0000   1.927417e-02         2.0644
           1019              0.0000   1.551610e-02         0.8050
           1020              0.0000   2.026593e-02         1.3061
           1021              0.0000   9.351973e-03         0.4615
           1022              0.0000   9.638928e-03         1.0307
           1023              0.0000   9.652524e-03         1.0014
           1024              0.0000   9.653342e-03         1.0001
           1025              0.0000   9.661439e-03         1.0008
           1026              0.0000   9.702557e-03         1.0043
           1027              0.0000   9.696952e-03         0.9994
           1028              0.0000   9.701011e-03         1.0004
           1029              0.0000   1.126897e-02         1.1616
           1030              0.0000   9.252832e-03         0.8211
           1031              0.0000   9.251453e-03         0.9999
           1032              0.0000   8.804828e-03         0.9517
           1033              0.0000   7.358707e-03         0.8358
           1034              0.0000   7.131701e-03         0.9692
           1035              0.0000   7.046892e-03         0.9881
           1036              0.0000   7.019536e-03         0.9961
           1037              0.0000   7.334155e-03         1.0448
           1038              0.0000   7.031723e-03         0.9588
           1039              0.0000   7.006899e-03         0.9965
           1040              0.0000   7.007710e-03         1.0001
           1041              0.0000   6.776132e-03         0.9670
           1042              0.0000   6.782510e-03         1.0009
           1043              0.0000   5.869592e-03         0.8654
           1044              0.0000   8.471525e-03         1.4433
           1045              0.0000   5.308032e-03         0.6266
           1046              0.0000   4.236693e-03         0.7982
           1047              0.0000   4.218294e-03         0.9957
           1048              0.0000   4.220146e-03         1.0004
           1049              0.0000   1.815841e-03         0.4303
           1050              0.0000   1.613994e-03         0.8888
           1051              0.0000   1.610050e-03         0.9976
           1052              0.0000   1.611767e-03         1.0011
           1053              0.0000   1.768888e-03         1.0975
           1054              0.0000   3.812024e-03         2.1550
           1055              0.0000   3.600117e-03         0.9444
           1056              0.0000   4.032942e-03         1.1202
           1057              0.0000   3.439385e-03         0.8528
           1058              0.0000   3.702919e-03         1.0766
           1059              0.0000   3.703750e-03         1.0002
           1060              0.0000   3.759325e-03         1.0150
           1061              0.0000   3.270210e-02         8.6989
           1062              0.0000   4.365644e-03         0.1335
           1063              0.0000   3.414255e-03         0.7821
           1064              0.0000   3.395430e-03         0.9945
           1065              0.0000   3.409810e-03         1.0042
           1066              0.0000   3.873122e-03         1.1359
           1067              0.0000   3.681319e-03         0.9505
           1068              0.0000   3.679718e-03         0.9996
           1069              0.0000   2.691091e-03         0.7313
           1070              0.0000   2.032409e-03         0.7552
           1071              0.0000   2.735952e-03         1.3462
           1072              0.0000   2.886048e-03         1.0549
           1073              0.0000   2.342830e-03         0.8118
           1074              0.0000   2.432234e-03         1.0382
           1075              0.0000   2.407911e-03         0.9900
           1076              0.0000   2.409875e-03         1.0008
           1077              0.0000   3.343643e-03         1.3875
           1078              0.0000   2.158783e-03         0.6456
           1079              0.0000   2.159497e-03         1.0003
           1080              0.0000   2.062885e-03         0.9553
           1081              0.0000   2.078462e-03         1.0076
           1082              0.0000   2.073782e-03         0.9977
           1083              0.0000   2.057559e-03         0.9922
           1084              0.0000   2.061212e-03         1.0018
           1085              0.0000   2.110510e-03         1.0239
           1086              0.0000   2.017401e-03         0.9559
           1087              0.0000   1.749397e-03         0.8672
           1088              0.0000   2.133991e-03         1.2198
           1089              0.0000   2.119091e-03         0.9930
           1090              0.0000   2.912670e-03         1.3745
           1091              0.0000   2.245533e-03         0.7710
           1092              0.0000   2.072192e-03         0.9228
           1093              0.0000   1.739156e-03         0.8393
           1094              0.0000   1.910919e-03         1.0988
           1095              0.0000   2.061800e-03         1.0790
           1096              0.0000   1.651903e-03         0.8012
           1097              0.0000   1.650633e-03         0.9992
           1098              0.0000   1.658558e-03         1.0048
           1099              0.0000   1.666927e-03         1.0050
           1100              0.0000   1.665157e-03         0.9989
           1101              0.0000   1.682889e-03         1.0106
           1102              0.0000   1.700981e-03         1.0108
           1103              0.0000   1.696509e-03         0.9974
           1104              0.0000   1.693982e-03         0.9985
           1105              0.0000   1.694525e-03         1.0003
           1106              0.0000   1.694524e-03         1.0000
           1107              0.0000   1.694506e-03         1.0000
           1108              0.0000   1.695267e-03         1.0004
           1109              0.0000   1.692297e-03         0.9982
           1110              0.0000   1.692483e-03         1.0001
           1111              0.0000   1.646866e-03         0.9730
           1112              0.0000   1.668961e-03         1.0134
           1113              0.0000   1.661110e-03         0.9953
           1114              0.0000   1.659028e-03         0.9987
           1115              0.0000   1.654179e-03         0.9971
           1116              0.0000   1.642876e-03         0.9932
           1117              0.0000   1.595190e-03         0.9710
           1118              0.0000   3.735204e-03         2.3415
           1119              0.0000   1.602461e-03         0.4290
           1120              0.0000   1.613362e-03         1.0068
           1121              0.0000   1.623023e-03         1.0060
           1122              0.0000   1.622226e-03         0.9995
           1123              0.0000   1.621940e-03         0.9998
           1124              0.0000   1.622946e-03         1.0006
           1125              0.0000   1.639057e-03         1.0099
           1126              0.0000   1.613090e-03         0.9842
           1127              0.0000   1.615247e-03         1.0013
           1128              0.0000   1.614993e-03         0.9998
           1129              0.0000   1.615055e-03         1.0000
           1130              0.0000   1.617494e-03         1.0015
           1131              0.0000   1.675117e-03         1.0356
           1132              0.0000   1.640438e-03         0.9793
           1133              0.0000   1.753656e-03         1.0690
           1134              0.0000   1.628473e-03         0.9286
           1135              0.0000   1.580255e-03         0.9704
           1136              0.0000   1.591548e-03         1.0071
           1137              0.0000   1.590044e-03         0.9991
           1138              0.0000   1.590052e-03         1.0000
           1139              0.0000   1.589134e-03         0.9994
           1140              0.0000   1.589060e-03         1.0000
           1141              0.0000   1.589053e-03         1.0000
           1142              0.0000   1.589270e-03         1.0001
           1143              0.0000   1.589242e-03         1.0000
           1144              0.0000   1.589012e-03         0.9999
           1145              0.0000   1.587377e-03         0.9990
           1146              0.0000   1.600199e-03         1.0081
           1147              0.0000   1.585437e-03         0.9908
           1148              0.0000   1.585610e-03         1.0001
           1149              0.0000   1.582707e-03         0.9982
           1150              0.0000   1.580635e-03         0.9987
           1151              0.0000   1.575092e-03         0.9965
           1152              0.0000   1.577476e-03         1.0015
           1153              0.0000   1.578025e-03         1.0003
           1154              0.0000   1.579391e-03         1.0009
           1155              0.0000   1.577444e-03         0.9988
           1156              0.0000   1.579526e-03         1.0013
           1157              0.0000   1.580166e-03         1.0004
           1158              0.0000   1.579115e-03         0.9993
           1159              0.0000   1.579015e-03         0.9999
           1160              0.0000   1.579013e-03         1.0000
           1161              0.0000   1.577325e-03         0.9989
           1162              0.0000   1.580450e-03         1.0020
           1163              0.0000   1.584339e-03         1.0025
           1164              0.0000   1.571536e-03         0.9919
           1165              0.0000   1.586159e-03         1.0093
           1166              0.0000   1.573572e-03         0.9921
           1167              0.0000   1.572279e-03         0.9992
           1168              0.0000   1.570602e-03         0.9989
           1169              0.0000   1.572913e-03         1.0015
           1170              0.0000   1.572147e-03         0.9995
           1171              0.0000   1.572011e-03         0.9999
           1172              0.0000   1.572033e-03         1.0000
           1173              0.0000   1.571648e-03         0.9998
           1174              0.0000   1.571873e-03         1.0001
           1175              0.0000   1.571821e-03         1.0000
           1176              0.0000   1.571714e-03         0.9999
           1177              0.0000   1.572291e-03         1.0004
           1178              0.0000   1.572605e-03         1.0002
           1179              0.0000   1.573378e-03         1.0005
           1180              0.0000   1.570633e-03         0.9983
           1181              0.0000   1.570711e-03         1.0001
           1182              0.0000   1.569877e-03         0.9995
           1183              0.0000   1.569356e-03         0.9997
           1184              0.0000   1.569194e-03         0.9999
           1185              0.0000   1.568978e-03         0.9999
           1186              0.0000   1.568974e-03         1.0000
           1187              0.0000   1.567476e-03         0.9990
           1188              0.0000   1.568471e-03         1.0006
           1189              0.0000   1.567910e-03         0.9996
           1190              0.0000   1.567848e-03         1.0000
           1191              0.0000   1.567835e-03         1.0000
           1192              0.0000   1.564967e-03         0.9982
           1193              0.0000   1.566670e-03         1.0011
           1194              0.0000   1.565057e-03         0.9990
           1195              0.0000   1.563288e-03         0.9989
           1196              0.0000   1.562924e-03         0.9998
           1197              0.0000   1.562917e-03         1.0000
           1198              0.0000   1.563062e-03         1.0001
           1199              0.0000   1.563044e-03         1.0000
           1200              0.0000   1.560770e-03         0.9985
           1201              0.0000   1.565847e-03         1.0033
           1202              0.0000   1.565220e-03         0.9996
           1203              0.0000   1.562877e-03         0.9985
           1204              0.0000   1.561584e-03         0.9992
           1205              0.0000   1.561026e-03         0.9996
           1206              0.0000   1.560968e-03         1.0000
           1207              0.0000   1.560733e-03         0.9998
           1208              0.0000   1.560697e-03         1.0000
           1209              0.0000   1.560473e-03         0.9999
           1210              0.0000   1.560371e-03         0.9999
           1211              0.0000   1.560495e-03         1.0001
           1212              0.0000   1.558818e-03         0.9989
           1213              0.0000   1.557907e-03         0.9994
           1214              0.0000   1.557803e-03         0.9999
           1215              0.0000   1.558688e-03         1.0006
           1216              0.0000   1.557139e-03         0.9990
           1217              0.0000   1.557144e-03         1.0000
           1218              0.0000   1.557140e-03         1.0000
           1219              0.0000   1.557087e-03         1.0000
           1220              0.0000   1.557812e-03         1.0005
           1221              0.0000   1.550617e-03         0.9954
           1222              0.0000   1.551638e-03         1.0007
           1223              0.0000   1.551482e-03         0.9999
           1224              0.0000   1.554601e-03         1.0020
           1225              0.0000   1.554047e-03         0.9996
           1226              0.0000   1.553854e-03         0.9999
           1227              0.0000   1.553792e-03         1.0000
           1228              0.0000   1.553659e-03         0.9999
           1229              0.0000   1.554029e-03         1.0002
           1230              0.0000   1.553360e-03         0.9996
           1231              0.0000   1.552379e-03         0.9994
           1232              0.0000   1.552961e-03         1.0004
           1233              0.0000   1.552704e-03         0.9998
           1234              0.0000   1.551522e-03         0.9992
           1235              0.0000   1.551261e-03         0.9998
           1236              0.0000   1.551250e-03         1.0000
           1237              0.0000   1.551265e-03         1.0000
           1238              0.0000   1.551124e-03         0.9999
           1239              0.0000   1.551835e-03         1.0005
           1240              0.0000   1.551768e-03         1.0000
           1241              0.0000   1.551586e-03         0.9999
           1242              0.0000   1.525241e-03         0.9830
           1243              0.0000   1.523524e-03         0.9989
           1244              0.0000   1.535523e-03         1.0079
           1245              0.0000   1.524639e-03         0.9929
           1246              0.0000   1.546896e-03         1.0146
           1247              0.0000   1.544159e-03         0.9982
           1248              0.0000   1.534819e-03         0.9940
           1249              0.0000   1.526654e-03         0.9947
           1250              0.0000   1.525747e-03         0.9994
           1251              0.0000   1.525795e-03         1.0000
           1252              0.0000   1.525734e-03         1.0000
           1253              0.0000   1.525672e-03         1.0000
           1254              0.0000   1.526597e-03         1.0006
           1255              0.0000   1.526825e-03         1.0001
           1256              0.0000   1.526809e-03         1.0000
           1257              0.0000   1.526803e-03         1.0000
           1258              0.0000   1.527111e-03         1.0002
           1259              0.0000   1.592262e-03         1.0427
           1260              0.0000   1.525153e-03         0.9579
           1261              0.0000   1.525760e-03         1.0004
           1262              0.0000   1.525901e-03         1.0001
           1263              0.0000   1.525896e-03         1.0000
           1264              0.0000   1.525673e-03         0.9999
           1265              0.0000   1.525706e-03         1.0000
           1266              0.0000   1.526328e-03         1.0004
           1267              0.0000   1.522588e-03         0.9976
           1268              0.0000   1.515422e-03         0.9953
           1269              0.0000   1.514556e-03         0.9994
           1270              0.0000   1.514471e-03         0.9999
           1271              0.0000   1.529378e-03         1.0098
           1272              0.0000   1.516363e-03         0.9915
           1273              0.0000   1.516406e-03         1.0000
           1274              0.0000   1.516347e-03         1.0000
           1275              0.0000   1.516331e-03         1.0000
           1276              0.0000   1.516335e-03         1.0000
           1277              0.0000   1.516319e-03         1.0000
           1278              0.0000   1.516307e-03         1.0000
           1279              0.0000   1.516386e-03         1.0001
           1280              0.0000   1.516331e-03         1.0000
           1281              0.0000   1.516248e-03         0.9999
           1282              0.0000   1.516359e-03         1.0001
           1283              0.0000   1.516358e-03         1.0000
           1284              0.0000   1.516306e-03         1.0000
           1285              0.0000   1.516290e-03         1.0000
           1286              0.0000   1.517197e-03         1.0006
           1287              0.0000   1.519516e-03         1.0015
           1288              0.0000   1.515075e-03         0.9971
           1289              0.0000   1.513621e-03         0.9990
           1290              0.0000   1.513731e-03         1.0001
           1291              0.0000   1.511304e-03         0.9984
           1292              0.0000   1.512186e-03         1.0006
           1293              0.0000   1.508264e-03         0.9974
           1294              0.0000   1.509766e-03         1.0010
           1295              0.0000   1.506669e-03         0.9979
           1296              0.0000   1.505696e-03         0.9994
           1297              0.0000   1.505361e-03         0.9998
           1298              0.0000   1.505499e-03         1.0001
           1299              0.0000   1.505147e-03         0.9998
           1300              0.0000   1.503690e-03         0.9990
           1301              0.0000   1.499333e-03         0.9971
           1302              0.0000   1.553286e-03         1.0360
           1303              0.0000   1.520838e-03         0.9791
           1304              0.0000   1.494390e-03         0.9826
           1305              0.0000   1.497713e-03         1.0022
           1306              0.0000   1.496110e-03         0.9989
           1307              0.0000   1.495565e-03         0.9996
           1308              0.0000   1.495460e-03         0.9999
           1309              0.0000   1.499880e-03         1.0030
           1310              0.0000   1.498786e-03         0.9993
           1311              0.0000   1.498387e-03         0.9997
           1312              0.0000   1.498461e-03         1.0000
           1313              0.0000   1.498371e-03         0.9999
           1314              0.0000   1.498393e-03         1.0000
           1315              0.0000   1.498237e-03         0.9999
           1316              0.0000   1.550461e-03         1.0349
           1317              0.0000   1.499633e-03         0.9672
           1318              0.0000   1.500254e-03         1.0004
           1319              0.0000   1.503180e-03         1.0020
           1320              0.0000   1.485676e-03         0.9884
           1321              0.0000   1.492347e-03         1.0045
           1322              0.0000   1.492177e-03         0.9999
           1323              0.0000   1.491348e-03         0.9994
           1324              0.0000   1.489134e-03         0.9985
           1325              0.0000   1.489073e-03         1.0000
           1326              0.0000   1.488902e-03         0.9999
           1327              0.0000   1.493871e-03         1.0033
           1328              0.0000   1.485351e-03         0.9943
           1329              0.0000   1.511304e-03         1.0175
           1330              0.0000   1.558164e-03         1.0310
           1331              0.0000   1.492045e-03         0.9576
           1332              0.0000   1.492185e-03         1.0001
           1333              0.0000   1.486868e-03         0.9964
           1334              0.0000   1.484335e-03         0.9983
           1335              0.0000   1.483369e-03         0.9993
           1336              0.0000   1.483106e-03         0.9998
           1337              0.0000   1.483655e-03         1.0004
           1338              0.0000   1.483217e-03         0.9997
           1339              0.0000   1.482240e-03         0.9993
           1340              0.0000   1.487546e-03         1.0036
           1341              0.0000   1.489762e-03         1.0015
           1342              0.0000   1.482981e-03         0.9954
           1343              0.0000   1.479385e-03         0.9976
           1344              0.0000   1.479412e-03         1.0000
           1345              0.0000   1.478426e-03         0.9993
           1346              0.0000   1.478494e-03         1.0000
           1347              0.0000   1.478155e-03         0.9998
           1348              0.0000   1.477895e-03         0.9998
           1349              0.0000   1.478730e-03         1.0006
           1350              0.0000   1.478446e-03         0.9998
           1351              0.0000   1.478256e-03         0.9999
           1352              0.0000   1.478129e-03         0.9999
           1353              0.0000   1.477799e-03         0.9998
           1354              0.0000   1.480690e-03         1.0020
           1355              0.0000   1.486403e-03         1.0039
           1356              0.0000   1.469631e-03         0.9887
           1357              0.0000   1.476130e-03         1.0044
           1358              0.0000   1.474594e-03         0.9990
           1359              0.0000   1.475157e-03         1.0004
           1360              0.0000   1.475127e-03         1.0000
           1361              0.0000   1.475074e-03         1.0000
           1362              0.0000   1.474758e-03         0.9998
           1363              0.0000   1.477281e-03         1.0017
           1364              0.0000   1.475886e-03         0.9991
           1365              0.0000   1.474057e-03         0.9988
           1366              0.0000   1.473876e-03         0.9999
           1367              0.0000   1.473667e-03         0.9999
           1368              0.0000   1.471771e-03         0.9987
           1369              0.0000   1.471659e-03         0.9999
           1370              0.0000   1.472522e-03         1.0006
           1371              0.0000   1.472147e-03         0.9997
           1372              0.0000   1.472312e-03         1.0001
           1373              0.0000   1.472441e-03         1.0001
           1374              0.0000   1.462832e-03         0.9935
           1375              0.0000   1.489311e-03         1.0181
           1376              0.0000   1.468491e-03         0.9860
           1377              0.0000   1.468455e-03         1.0000
           1378              0.0000   1.467919e-03         0.9996
           1379              0.0000   1.447178e-03         0.9859
           1380              0.0000   1.306079e-03         0.9025
           1381              0.0000   1.465802e-03         1.1223
           1382              0.0000   1.466092e-03         1.0002
           1383              0.0000   1.466388e-03         1.0002
           1384              0.0000   1.466242e-03         0.9999
           1385              0.0000   1.465949e-03         0.9998
           1386              0.0000   1.465631e-03         0.9998
           1387              0.0000   1.465685e-03         1.0000
           1388              0.0000   1.465640e-03         1.0000
           1389              0.0000   1.465692e-03         1.0000
           1390              0.0000   1.465701e-03         1.0000
           1391              0.0000   1.465548e-03         0.9999
           1392              0.0000   1.465496e-03         1.0000
           1393              0.0000   1.465400e-03         0.9999
           1394              0.0000   1.465397e-03         1.0000
           1395              0.0000   1.465386e-03         1.0000
           1396              0.0000   1.465376e-03         1.0000
           1397              0.0000   1.465420e-03         1.0000
           1398              0.0000   1.465372e-03         1.0000
           1399              0.0000   1.465273e-03         0.9999
           1400              0.0000   1.465266e-03         1.0000
           1401              0.0000   1.465253e-03         1.0000
           1402              0.0000   1.465249e-03         1.0000
           1403              0.0000   1.465278e-03         1.0000
           1404              0.0000   1.464728e-03         0.9996
           1405              0.0000   1.469652e-03         1.0034
           1406              0.0000   1.467536e-03         0.9986
           1407              0.0000   1.436139e-03         0.9786
           1408              0.0000   1.462475e-03         1.0183
           1409              0.0000   1.462472e-03         1.0000
           1410              0.0000   1.462073e-03         0.9997
           1411              0.0000   1.460163e-03         0.9987
           1412              0.0000   1.469331e-03         1.0063
           1413              0.0000   1.468266e-03         0.9993
           1414              0.0000   1.449125e-03         0.9870
           1415              0.0000   1.448985e-03         0.9999
           1416              0.0000   1.449614e-03         1.0004
           1417              0.0000   1.448594e-03         0.9993
           1418              0.0000   1.448872e-03         1.0002
           1419              0.0000   1.446017e-03         0.9980
           1420              0.0000   1.437093e-03         0.9938
           1421              0.0000   1.439125e-03         1.0014
           1422              0.0000   1.439655e-03         1.0004
           1423              0.0000   1.430957e-03         0.9940
           1424              0.0000   1.430078e-03         0.9994
           1425              0.0000   1.430123e-03         1.0000
           1426              0.0000   1.430115e-03         1.0000
           1427              0.0000   1.430112e-03         1.0000
           1428              0.0000   1.429933e-03         0.9999
           1429              0.0000   1.430637e-03         1.0005
           1430              0.0000   1.430496e-03         0.9999
           1431              0.0000   1.430509e-03         1.0000
           1432              0.0000   1.431133e-03         1.0004
           1433              0.0000   1.431861e-03         1.0005
           1434              0.0000   1.423106e-03         0.9939
           1435              0.0000   1.476148e-03         1.0373
           1436              0.0000   1.338036e-03         0.9064
           1437              0.0000   1.395502e-03         1.0429
           1438              0.0000   1.388079e-03         0.9947
           1439              0.0000   1.973001e-03         1.4214
           1440              0.0000   1.325813e-03         0.6720
           1441              0.0000   1.311908e-03         0.9895
           1442              0.0000   1.276844e-03         0.9733
           1443              0.0000   1.275692e-03         0.9991
           1444              0.0000   1.257461e-03         0.9857
           1445              0.0000   1.264970e-03         1.0060
           1446              0.0000   1.219112e-03         0.9637
           1447              0.0000   9.574140e-04         0.7853
           1448              0.0000   1.408491e-03         1.4711
           1449              0.0000   1.376651e-03         0.9774
           1450              0.0000   1.356639e-03         0.9855
           1451              0.0000   1.360958e-03         1.0032
           1452              0.0000   1.360952e-03         1.0000
           1453              0.0000   1.360618e-03         0.9998
           1454              0.0000   1.369338e-03         1.0064
           1455              0.0000   1.362022e-03         0.9947
           1456              0.0000   1.364208e-03         1.0016
           1457              0.0000   1.375541e-03         1.0083
           1458              0.0000   1.349329e-03         0.9809
           1459              0.0000   1.424174e-03         1.0555
           1460              0.0000   1.273026e-03         0.8939
           1461              0.0000   1.144657e-03         0.8992
           1462              0.0000   1.389312e-03         1.2137
           1463              0.0000   1.257299e-03         0.9050
           1464              0.0000   1.250244e-03         0.9944
           1465              0.0000   1.250411e-03         1.0001
           1466              0.0000   1.287599e-03         1.0297
           1467              0.0000   1.263152e-03         0.9810
           1468              0.0000   1.251382e-03         0.9907
           1469              0.0000   1.211847e-03         0.9684
           1470              0.0000   1.188782e-03         0.9810
           1471              0.0000   1.197843e-03         1.0076
           1472              0.0000   7.194164e-04         0.6006
           1473              0.0000   6.262879e-04         0.8705
           1474              0.0000   1.135134e-03         1.8125
           1475              0.0000   1.097215e-03         0.9666
           1476              0.0000   1.097165e-03         1.0000
           1477              0.0000   1.090453e-03         0.9939
           1478              0.0000   1.078425e-03         0.9890
           1479              0.0000   9.011446e-04         0.8356
           1480              0.0000   1.030447e-03         1.1435
           1481              0.0000   1.028503e-03         0.9981
           1482              0.0000   1.027773e-03         0.9993
           1483              0.0000   1.028704e-03         1.0009
           1484              0.0000   1.023794e-03         0.9952
           1485              0.0000   1.000081e-03         0.9768
           1486              0.0000   5.289301e-04         0.5289
           1487              0.0000   1.858596e-04         0.3514
           1488              0.0000   8.770556e-03        47.1891
           1489              0.0000   1.882199e-03         0.2146
           1490              0.0000   6.332982e-04         0.3365
           1491              0.0000   6.444244e-04         1.0176
           1492              0.0000   6.380774e-04         0.9902
           1493              0.0000   7.079377e-04         1.1095
           1494              0.0000   7.174905e-04         1.0135
           1495              0.0000   7.269084e-04         1.0131
           1496              0.0000   7.272774e-04         1.0005
           1497              0.0000   7.188440e-04         0.9884
           1498              0.0000   7.108418e-04         0.9889
           1499              0.0000   7.059077e-04         0.9931
           1500              0.0000   7.167860e-04         1.0154
           1501              0.0000   6.699489e-04         0.9347
           1502              0.0000   6.713223e-04         1.0020
           1503              0.0000   6.341040e-04         0.9446
           1504              0.0000   6.056403e-04         0.9551
           1505              0.0000   5.712822e-04         0.9433
           1506              0.0000   5.317996e-04         0.9309
           1507              0.0000   4.969223e-04         0.9344
           1508              0.0000   4.876235e-04         0.9813
           1509              0.0000   2.824956e-04         0.5793
           1510              0.0000   5.697405e-04         2.0168
           1511              0.0000   3.863286e-04         0.6781
           1512              0.0000   3.474659e-04         0.8994
           1513              0.0000   3.630985e-04         1.0450
           1514              0.0000   3.600177e-04         0.9915
           1515              0.0000   3.690849e-04         1.0252
           1516              0.0000   3.533900e-04         0.9575
           1517              0.0000   3.664655e-04         1.0370
           1518              0.0000   3.635704e-04         0.9921
           1519              0.0000   3.608170e-04         0.9924
           1520              0.0000   3.921924e-04         1.0870
           1521              0.0000   6.401508e-04         1.6322
           1522              0.0000   2.282440e-04         0.3565
           1523              0.0000   2.077543e-04         0.9102
           1524              0.0000   2.037116e-04         0.9805
           1525              0.0000   2.052049e-04         1.0073
           1526              0.0000   1.987899e-04         0.9687
           1527              0.0000   2.496310e-04         1.2558
           1528              0.0000   2.414651e-06         0.0097
           1529              0.0000   6.631415e-05        27.4632
           1530              0.0000   8.001738e-05         1.2066
           1531              0.0000   8.600766e-05         1.0749
           1532              0.0000   9.413632e-05         1.0945
           1533              0.0000   1.021112e-04         1.0847
           1534              0.0000   9.994648e-05         0.9788
           1535              0.0000   1.003457e-04         1.0040
           1536              0.0000   1.005624e-04         1.0022
           1537              0.0000   1.006195e-04         1.0006
           1538              0.0000   1.005525e-04         0.9993
           1539              0.0000   1.006067e-04         1.0005
           1540              0.0000   1.019423e-04         1.0133
           1541              0.0000   9.792816e-05         0.9606
           1542              0.0000   1.480244e-04         1.5116
           1543              0.0000   1.307076e-04         0.8830
           1544              0.0000   1.259898e-04         0.9639
           1545              0.0000   6.034988e-05         0.4790
           1546              0.0000   9.080057e-05         1.5046
           1547              0.0000   1.057085e-04         1.1642
           1548              0.0000   1.076983e-04         1.0188
           1549              0.0000   1.073584e-04         0.9968
           1550              0.0000   1.073160e-04         0.9996
           1551              0.0000   1.073346e-04         1.0002
           1552              0.0000   1.073364e-04         1.0000
           1553              0.0000   1.072780e-04         0.9995
           1554              0.0000   1.074976e-04         1.0020
           1555              0.0000   1.073198e-04         0.9983
           1556              0.0000   1.073720e-04         1.0005
           1557              0.0000   1.085496e-04         1.0110
           1558              0.0000   1.026112e-04         0.9453
           1559              0.0000   1.490111e-04         1.4522
           1560              0.0000   1.421699e-04         0.9541
           1561              0.0000   9.470988e-05         0.6662
           1562              0.0000   1.063572e-04         1.1230
           1563              0.0000   7.590610e-05         0.7137
           1564              0.0000   1.616571e-04         2.1297
           1565              0.0000   2.608134e-05         0.1613
           1566              0.0000   2.731533e-05         1.0473
           1567              0.0000   2.563541e-05         0.9385
           1568              0.0000   6.496930e-05         2.5344
           1569              0.0000   6.313782e-05         0.9718
           1570              0.0000   6.514442e-05         1.0318
           1571              0.0000   5.484619e-05         0.8419
           1572              0.0000   5.396886e-05         0.9840
           1573              0.0000   5.394792e-05         0.9996
           1574              0.0000   5.425730e-05         1.0057
           1575              0.0000   5.140521e-05         0.9474
           1576              0.0000   5.730960e-05         1.1149
           1577              0.0000   5.267700e-05         0.9192
           1578              0.0000   4.884129e-05         0.9272
           1579              0.0000   4.950886e-05         1.0137
           1580              0.0000   5.003987e-05         1.0107
           1581              0.0000   5.561422e-05         1.1114
           1582              0.0000   5.486366e-05         0.9865
           1583              0.0000   5.979479e-05         1.0899
           1584              0.0000   5.838801e-05         0.9765
           1585              0.0000   5.661207e-05         0.9696
           1586              0.0000   5.809506e-05         1.0262
           1587              0.0000   1.890645e-04         3.2544
           1588              0.0000   4.209879e-05         0.2227
           1589              0.0000   3.827327e-04         9.0913
           1590              0.0000   2.580184e-04         0.6741
           1591              0.0000   2.183029e-04         0.8461
           1592              0.0000   2.646264e-04         1.2122
           1593              0.0000   5.023844e-04         1.8985
           1594              0.0000   1.528548e-04         0.3043
           1595              0.0000   9.489913e-06         0.0621
           1596              0.0000   3.079971e-06         0.3246
           1597              0.0000   8.285553e-05        26.9014
           1598              0.0000   8.939465e-06         0.1079
           1599              0.0000   8.961352e-06         1.0024
           1600              0.0000   8.547001e-06         0.9538
           1601              0.0000   7.812533e-06         0.9141
           1602              0.0000   6.511121e-06         0.8334
           1603              0.0000   7.294204e-06         1.1203
           1604              0.0000   7.805295e-06         1.0701
           1605              0.0000   7.783807e-06         0.9972
           1606              0.0000   7.662282e-06         0.9844
           1607              0.0000   7.735298e-06         1.0095
           1608              0.0000   1.009139e-05         1.3046
           1609              0.0000   1.110470e-05         1.1004
           1610              0.0000   1.149558e-05         1.0352
           1611              0.0000   1.142710e-05         0.9940
           1612              0.0000   1.142771e-05         1.0001
           1613              0.0000   1.145784e-05         1.0026
           1614              0.0000   1.123664e-05         0.9807
           1615              0.0000   1.133412e-05         1.0087
           1616              0.0000   1.115541e-05         0.9842
           1617              0.0000   1.114203e-05         0.9988
           1618              0.0000   1.114288e-05         1.0001
           1619              0.0000   1.114320e-05         1.0000
           1620              0.0000   1.113524e-05         0.9993
           1621              0.0000   1.109803e-05         0.9967
           1622              0.0000   1.109633e-05         0.9998
           1623              0.0000   1.034386e-05         0.9322
           1624              0.0000   1.164345e-05         1.1256
           1625              0.0000   1.167145e-05         1.0024
           1626              0.0000   1.163594e-05         0.9970
           1627              0.0000   1.016086e-05         0.8732
           1628              0.0000   1.060219e-05         1.0434
           1629              0.0000   1.037685e-05         0.9787
           1630              0.0000   9.672772e-06         0.9321
           1631              0.0000   8.781171e-06         0.9078
           1632              0.0000   9.149523e-06         1.0419
           1633              0.0000   9.109304e-06         0.9956
           1634              0.0000   9.079016e-06         0.9967
           1635              0.0000   9.600932e-06         1.0575
           1636              0.0000   9.274398e-06         0.9660
           1637              0.0000   9.023035e-06         0.9729
           1638              0.0000   6.047714e-06         0.6703
           1639              0.0000   8.419644e-06         1.3922
           1640              0.0000   8.981635e-06         1.0667
           1641              0.0000   7.693979e-06         0.8566
           1642              0.0000   9.956405e-06         1.2941
           1643              0.0000   9.827586e-06         0.9871
           1644              0.0000   1.060031e-05         1.0786
           1645              0.0000   1.114683e-05         1.0516
           1646              0.0000   1.220481e-05         1.0949
           1647              0.0000   9.683602e-06         0.7934
           1648              0.0000   1.812250e-05         1.8715
           1649              0.0000   1.797072e-05         0.9916
           1650              0.0000   1.930697e-05         1.0744
           1651              0.0000   1.967113e-05         1.0189
           1652              0.0000   1.950727e-05         0.9917
           1653              0.0000   2.657992e-05         1.3626
           1654              0.0000   1.800057e-05         0.6772
           1655              0.0000   1.664194e-05         0.9245
           1656              0.0000   1.343082e-05         0.8070
           1657              0.0000   1.245772e-05         0.9275
           1658              0.0000   1.277470e-05         1.0254
           1659              0.0000   1.260694e-05         0.9869
           1660              0.0000   1.313290e-05         1.0417
           1661              0.0000   1.331265e-05         1.0137
           1662              0.0000   1.327276e-05         0.9970
           1663              0.0000   1.322755e-05         0.9966
           1664              0.0000   1.322350e-05         0.9997
           1665              0.0000   1.322454e-05         1.0001
           1666              0.0000   1.329647e-05         1.0054
           1667              0.0000   1.322701e-05         0.9948
           1668              0.0000   1.277762e-05         0.9660
           1669              0.0000   1.238142e-05         0.9690
           1670              0.0000   1.240580e-05         1.0020
           1671              0.0000   1.222380e-05         0.9853
           1672              0.0000   1.098417e-05         0.8986
           1673              0.0000   6.510999e-06         0.5928
           1674              0.0000   6.631179e-06         1.0185
           1675              0.0000   6.062554e-05         9.1425
           1676              0.0000   1.778073e-05         0.2933
           1677              0.0000   1.885943e-05         1.0607
           1678              0.0000   1.846584e-05         0.9791
           1679              0.0000   2.697355e-05         1.4607
           1680              0.0000   2.696621e-05         0.9997
           1681              0.0000   2.658821e-04         9.8598
           1682              0.0000   2.077478e-04         0.7814
           1683              0.0000   5.504998e-07         0.0026
           1684              0.0000   2.210156e-06         4.0148
           1685              0.0000   1.071186e-06         0.4847
           1686              0.0000   6.220495e-06         5.8071
           1687              0.0000   5.416772e-06         0.8708
           1688              0.0000   6.742473e-06         1.2447
           1689              0.0000   5.039035e-06         0.7474
           1690              0.0000   8.257226e-06         1.6387
           1691              0.0000   1.083958e-05         1.3127
           1692              0.0000   9.423051e-06         0.8693
           1693              0.0000   1.360596e-07         0.0144
           1694              0.0000   1.917544e-06        14.0934
           1695              0.0000   3.562130e-07         0.1858
           1696              0.0000   1.855675e-07         0.5209
           1697              0.0000   4.648185e-07         2.5048
           1698              0.0000   5.460330e-07         1.1747
           1699              0.0000   5.493543e-07         1.0061
           1700              0.0000   5.802525e-07         1.0562
           1701              0.0000   6.288148e-07         1.0837
           1702              0.0000   5.344535e-07         0.8499
           1703              0.0000   7.020517e-07         1.3136
           1704              0.0000   2.442982e-08         0.0348
           1705              0.0000   8.544961e-08         3.4978
           1706              0.0000   7.867710e-08         0.9207
           1707              0.0000   8.983685e-08         1.1418
           1708              0.0000   1.528886e-08         0.1702
           1709              0.0000   4.212884e-08         2.7555
           1710              0.0000   1.252849e-07         2.9739
           1711              0.0000   1.221507e-07         0.9750
           1712              0.0000   1.607967e-07         1.3164
           1713              0.0000   1.614768e-07         1.0042
           1714              0.0000   1.554622e-07         0.9628
           1715              0.0000   1.491053e-07         0.9591
           1716              0.0000   1.508048e-07         1.0114
           1717              0.0000   1.716520e-07         1.1382
           1718              0.0000   1.880205e-07         1.0954
           1719              0.0000   1.797125e-07         0.9558
           1720              0.0000   1.116267e-07         0.6211
           1721              0.0000   7.358632e-08         0.6592
           1722              0.0000   5.586678e-08         0.7592
           1723              0.0000   5.920655e-08         1.0598
           1724              0.0000   5.924859e-08         1.0007
           1725              0.0000   5.304461e-08         0.8953
           1726              0.0000   8.434735e-08         1.5901
           1727              0.0000   2.130794e-08         0.2526
           1728              0.0000   9.331474e-09         0.4379
         --------------------------------------------------------------
         Total Iterations: 1729
         Avg Convergence Rate: 		         0.9894
         Final Residual: 		   9.331474e-09
         Total Reduction in Residual: 	   9.331474e-09
         Maximum Memory Usage: 		          0.000 GB
         --------------------------------------------------------------
Total Time: 2.93319
    setup: 0.00323686 s
    solve: 2.92995 s
    solve(per iteration): 0.00169459 s
BackScaleLinearSystem: Scaling back to original scale
ComputeNorm: Computing norm of solution
ComputeChange: NS (ITER=1) (NRM,RELC): ( 0.23398559E-01  2.0000000     ) :: linelast
SolveSystem: System solved
SolveSystem: Linear system time (CPU,REAL) for displacement:     3.91   10.28 (s)
SolveSystem: Finished solving the system
DefaultFinish: Finished solver: linelast
StressSolver: All done
StressSolver: ------------------------------------------
SolverActivate: Solver time (CPU,REAL) for linelast:    20.65   27.34 (s)
ComputeNorm: Computing norm of solution
ComputeChange: SS (ITER=1) (NRM,RELC): ( 0.23398559E-01  2.0000000     ) :: linelast
SetActiveElementsTable: Creating active element table for: savescalars
SetActiveElementsTable: No active elements found
SingleSolver: Attempting to call solver: 2
SingleSolver: Solver Equation string is: savescalars
SaveScalars: -----------------------------------------
SaveScalars: Saving scalar values of various kinds
SolverOutputDirectory: Creating directory: results_amgx
SaveScalars: Treating variable: displacement
SaveScalars: Treating operator: dofs
SaveScalars: Treating variable: displacement
SaveScalars: Treating operator: elements
SaveScalars: Treating variable: displacement
SaveScalars: Treating operator: partitions
SaveScalars: Treating variable: displacement
SaveScalars: Treating operator: norm
SaveScalars: Treating variable: displacement
SaveScalars: Treating operator: cpu time
SaveScalars: Performed 5 reduction operations
SaveScalars: Adding information on simulation timing
SaveScalars: Found 4 result scalars in simulation section
SaveScalars: Found 12 values to save in total
SaveScalars: Saving names of values to file: results_amgx/f1.dat.names
SaveScalars: Data is appended to existing file
SaveScalars: Saving values to file: results_amgx/f1.dat
SaveScalars: -----------------------------------------
SolveEquations: Solvers after timestep
SetActiveElementsTable: Creating active element table for: internalvtuoutputsolver
SetActiveElementsTable: No active elements found
SingleSolver: Attempting to call solver: 0
SingleSolver: Solver Equation string is: internalvtuoutputsolver
ResultOutputSolver: -------------------------------------
ResultOutputSolver: Saving with prefix: case
ResultOutputSolver: Number of output meshes: 1
ResultOutputSolver: Dimension of mesh is: 3
ResultOutputSolver: Working on mesh 1: winkel with 270641 nodes
ResultOutputSolver: Creating list for saving - if not present
CreateListForSaving: Field Variables for Saving
CreateListForSaving: Vector Field 1: displacement
ResultOutputSolver: Saving in unstructured VTK XML (.vtu) format
VtuOutputSolver: Saving results in VTK XML format with prefix: case
VtuOutputSolver: Saving number of partitions: 1
SolverOutputDirectory: Creating directory: results_amgx
VtuOutputSolver: Full filename base is: results_amgx/case
GenerateSaveMask: Allocating NodePerm of size: 270641
GenerateSaveMask: Allocating ActiveElem of size: 284800
GenerateSaveMask: Number of active elements 284800 out of 284800
GenerateSaveMask: Number of geometry nodes 270641 out of 270641
VtuOutputSolver: Total number of elements to save: 284800
VtuOutputSolver: Total number of geometry nodes to save: 270641
VtuOutputSolver: Total number of dof nodes to save: 270641
VtuOutputSolver: Setting offset for boundary entities: 100
VtuOutputSolver: Writing the vtu file: results_amgx/case_t0001.vtu
AscBinWriteInit: Initializing buffered ascii/binary writing
AscBinWriteInit: Writing in binary
AscBinWriteInit: Writing in double precision
AscBinWriteInit: Writing to unit number: 58
AscBinWriteInit: Size of buffer is: 270641
WriteVtuFile: Writing nodal fields
WriteVtuFile: Saving variable: displacement
WriteVtuFile: Number of nodal fields written: 1
WriteVtuFile: Writing elemental fields
WriteVtuFile: Number of elemental fields written: 0
WriteVtuFile: Writing entity IDs for bodies and boundaries
WriteVtuFile: Writing coordinates for each used node
WriteVtuFile: Writing the elemental connectivity data
WriteVtuFile: Writing nodal fields
WriteVtuFile: Saving variable: displacement
WriteVtuFile: Writing elemental fields
AscBinWriteFree: Terminating buffered ascii/binary writing
WriteVtuFile: Finished writing file
VtuOutputSolver: Finished writing vtu file
VtuOutputSolver: All done for now
ResultOutputSolver: -------------------------------------
ResultOutputSolver: Skipping inactive mesh: winkelp
WARNING:: CompareToReferenceSolution: Solver 1 FAILED:  Norm = 2.33985585E-02  RefNorm = 2.33900606E-02
CompareToReferenceSolution: Relative Error to reference norm: 3.633125E-04
ReloadInputFile: Realoading input file
LoadInputFile: Loading input file:
WARNING:: CompareToReferenceSolution: FAILED 1 tests out of 1!
MAIN: Reporting unused list entries for sif improvement!
MAIN: If you do not want these lines undefine > DEVEL_LISTUSAGE < !
   Unused keywords:
       Solver 1              bubbles
       Solver 1              nonlinear system consistent norm
       Solver 2              parallel reduce
MAIN: *** Elmer Solver: ALL DONE ***
FreeModel: Freeing meshes
ReleaseMesh: Releasing mesh variables
ReleaseMesh: Releasing mesh nodes
ReleaseMesh: Releasing mesh finished
ReleaseMesh: Releasing mesh variables
ReleaseMesh: Releasing mesh nodes
ReleaseMesh: Releasing mesh finished
FreeModel: Freeing constants list
FreeModel: Freeing simulation list
FreeModel: Freeing boundary lists
FreeModel: Freeing solvers
FreeModel: Freeing initial conditions lists
FreeModel: Freeing body lists
FreeModel: Freeing equations lists
FreeModel: Freeing body forces lists
MAIN: The end
SOLVER TOTAL TIME(CPU,REAL):        24.57       36.94
ELMER SOLVER FINISHED AT: 2026/07/20 10:01:01

Ending linsysAMGX/amgx_bicgstab_none.sif with mesh level 2
Elapsed time: 47 s
-----------------------------------



-----------------------------------
Starting linsysAMGX/amgx_cg_dilu.sif with mesh level 2

ELMER SOLVER (v 9.0) STARTED AT: 2026/07/20 10:01:04
ParCommInit:  Initialize #PEs:            1
MAIN: Read 2 integer parameters from command line!
MAIN: 
MAIN: =============================================================
MAIN: ElmerSolver finite element software, Welcome!
MAIN: This program is free software licensed under (L)GPL
MAIN: Copyright 1st April 1995 - , CSC - IT Center for Science Ltd.
MAIN: Webpage http://www.csc.fi/elmer, Email elmeradm@csc.fi
MAIN: Version: 9.0 (Rev: 12f311015, Compiled: 2025-03-11)
MAIN:  Running one task without MPI parallelization.
MAIN:  Running in parallel with 32 threads per task.
MAIN:  HYPRE library linked in.
MAIN:  MUMPS library linked in.
MAIN:  MMG library linked in.
MAIN:  ParMMG library linked in.
MAIN:  Lua interpreter linked in.
MAIN:  Zoltan library linked in.
MAIN:  AMGX library linked in.
MAIN: =============================================================
MAIN: 
MAIN: 
MAIN: -------------------------------------
MAIN: Reading Model: case.sif
LoadInputFile: Scanning input file: case.sif
LoadInputFile: Scanning only size info
LoadInputFile: First time visiting
LoadInputFile: Reading base load of sif file
OpenIncludeFile: Trying to include file: linsys.sif
CheckKeyword: Found keyword type assuming suffix 1 for: operator 2
CheckKeyword: Found keyword type assuming suffix 1 for: operator 2
CheckKeyword: Found keyword type assuming suffix 1 for: operator 3
CheckKeyword: Found keyword type assuming suffix 1 for: operator 3
CheckKeyword: Found keyword type assuming suffix 1 for: operator 4
CheckKeyword: Found keyword type assuming suffix 1 for: operator 4
CheckKeyword: Found keyword type assuming suffix 1 for: operator 5
CheckKeyword: Found keyword type assuming suffix 1 for: operator 5
LoadInputFile: Loading input file: case.sif
LoadInputFile: Reading base load of sif file
OpenIncludeFile: Trying to include file: linsys.sif
CheckKeyword:  Unlisted keyword: [amgx config] in section: [solver 1]
CheckKeyword: Found keyword type assuming suffix 1 for: operator 2
CheckKeyword: Found keyword type assuming suffix 1 for: operator 2
CheckKeyword: Found keyword type assuming suffix 1 for: operator 3
CheckKeyword: Found keyword type assuming suffix 1 for: operator 3
CheckKeyword: Found keyword type assuming suffix 1 for: operator 4
CheckKeyword: Found keyword type assuming suffix 1 for: operator 4
CheckKeyword: Found keyword type assuming suffix 1 for: operator 5
CheckKeyword: Found keyword type assuming suffix 1 for: operator 5
CheckKeyword:  Unlisted keyword: [expression 1] in section: [solver 2]
CheckKeyword:  Unlisted keyword: [line marker] in section: [solver 2]
LoadInputFile: Number of BCs: 3
LoadInputFile: Number of Body Forces: 0
LoadInputFile: Number of Initial Conditions: 0
LoadInputFile: Number of Materials: 1
LoadInputFile: Number of Equations: 1
LoadInputFile: Number of Solvers: 2
LoadInputFile: Number of Bodies: 1
ListTagKeywords: Setting weight for keywords!
ListTagKeywords: No parameters width suffix: normalize by area
ListTagKeywords: Setting weight for keywords!
ListTagKeywords: No parameters width suffix: normalize by volume
Loading user function library: [StressSolve]...[StressSolver_Init0]
Loading user function library: [SaveData]...[SaveScalars_Init0]
Loading user function library: [SaveData]...[SaveScalars_Init0]
LoadMesh: Loading serial mesh!
ElmerAsciiMesh: Performing step: 1
ElmerAsciiMesh: Base mesh name: ./winkel
ReadHeaderFile: Reading header info from file: ./winkel/mesh.header
InitializeMesh: Number of nodes in mesh: 35721
InitializeMesh: Number of bulk elements in mesh: 32000
InitializeMesh: Number of boundary elements in mesh: 7200
InitializeMesh: Initial number of max element nodes: 8
ElmerAsciiMesh: Performing step: 2
ReadNodesFile: Reading nodes from file: ./winkel/mesh.nodes
SetMeshDimension: Dimension of mesh is: 3
SetMeshDimension: Max dimension of mesh is: 3
ElmerAsciiMesh: Performing step: 3
ReadElementsFile: Reading bulk elements from file: ./winkel/mesh.elements
ElmerAsciiMesh: Performing step: 4
ReadBoundaryFile: Reading boundary elements from file: ./winkel/mesh.boundary
PermuteNodeNumbering: Performing node mapping
MapBodiesAndBCs: Skipping remapping of bodies
MapBodiesAndBCs: Remapping boundaries
MapBodiesAndBCs: Minimum initial boundary index: 1
MapBodiesAndBCs: Maximum initial boundary index: 7
ElmerAsciiMesh: Performing step: 5
ElmerAsciiMesh: Performing step: 6
LoadMesh: Loading mesh done
NonNodalElements: Element dofs max: 8
LoadMesh: Preparing mesh done
LoadMesh: Elapsed REAL time:     0.1054 (s)
LoadModel: Creating hierarchy of meshes by mesh multiplication: 2
LoadModel: Keeping number of meshes: 2
LoadModel: Performing splitting at level: 2
SplitMeshEqual: Mesh splitting works for first order elements 303, 404, 504, (706) and 808.
FindMeshEdges: Determining faces in 3D mesh
FindMeshFaces3D: Finding mesh faces in 3D mesh
FindMeshFaces3D: Number of faces found: 99600
FindMeshEdges: Determining edges in 3D mesh
FindMeshEdges3D: Finding mesh edges in 3D mesh
FindMeshEdges3D: Number of edges found: 103320
SplitMeshEqual: ******** Old mesh ********
SplitMeshEqual:  Nodes             :        35721
SplitMeshEqual:  Bulk elements     :        32000
SplitMeshEqual:  Boundary elements :         7200
SplitMeshEqual:  Edges             :       103320
SplitMeshEqual:  Faces             :        99600
SplitMeshEqual: Added 99600 nodes in the center of faces
SplitMeshEqual: Added 32000 nodes in the center of bulks
SplitMeshEqual: Added edge centers to the nodes list.
SplitMeshEqual: Added face centers to the nodes list.
SplitMeshEqual: Added quad and brick centers to the nodes list.
SplitMeshEqual:  Count of new elements :       284800
SplitMeshEqual: New mesh allocated.
SplitMeshEqual: Array for bulk elements allocated.
SplitMeshEqual: ******** New mesh ********
SplitMeshEqual:  Nodes             :       270641
SplitMeshEqual:  Bulk elements     :       256000
SplitMeshEqual:  Boundary elements :        28800
SplitMeshEqual: Elapsed REAL time:     0.0914 (s)
ReleaseMeshFaceTables: Releasing number of faces: 99600
SetMeshDimension: Dimension of mesh is: 3
SetMeshDimension: Max dimension of mesh is: 3
NonNodalElements: Element dofs max: 8
MeshStabParams: Computing stabilization parameters
MeshStabParams: Elapsed REAL time:     0.0489 (s)
MeshStabParams: Computing stabilization parameters
MeshStabParams: Elapsed REAL time:     0.0064 (s)
CompleteModelKeywords: Completing keywords for mortars and mechanics!
MAIN: -------------------------------------
AddVtuOutputSolverHack: Adding ResultOutputSolver to write VTU output in file: case
AppendNewSolver: Increasing number of solvers to: 3
AddVtuOutputSolverHack: Finished appending VTU output solver
AddMeshCoordinates: Setting mesh coordinates and time
VariableAdd: Adding variable > Coordinate 1 < of size 270641
VariableAdd: Adding variable > Coordinate 2 < of size 270641
VariableAdd: Adding variable > Coordinate 3 < of size 270641
VariableAdd: Adding variable > Coordinate 1 < of size 35721
VariableAdd: Adding variable > Coordinate 2 < of size 35721
VariableAdd: Adding variable > Coordinate 3 < of size 35721
AddSolvers: Setting up 3 solvers
AddSolvers: Setting up solver 1: linelast
AddEquationBasics: Using procedure: StressSolve StressSolver
AddEquationBasics: Setting up solver: linelast
Loading user function library: [StressSolve]...[StressSolver_Init]
AddEquationBasics: Checking for _init solver
StressSolve_init: --------------------------------------------------
StressSolve_init: Solving displacements from linear elasticity model
StressSolve_init: --------------------------------------------------
Loading user function library: [StressSolve]...[StressSolver_bulk]
Loading user function library: [StressSolve]...[StressSolver_bulk]
AddEquationBasics: Checking for _bulk solver
Loading user function library: [StressSolve]...[StressSolver]
AddEquationBasics: Treating variable string: -dofs 3 displacement
AddEquationBasics: Creating standard variable: displacement
AddEquationBasics: Computing size of permutation vector
AddEquationBasics: Maximum size of permutation vector is: 270641
AddEquationBasics: Creating solver matrix topology
CreateMatrix: Creating initial permutation
CreateMatrix: Creating inverse of initial order of size: 270641
CreateMatrix: Creating list matrix for equation: linelast
MakeListMatrix: Creating list matrix
OptimizeBandwidth: ---------------------------------------------------------
OptimizeBandwidth: Computing matrix structure for: linelast
OptimizeBandwidth: Initial bandwidth for linelast: 238642
OptimizeBandwidth: Optimized bandwidth for linelast: 6683
OptimizeBandwidth: ---------------------------------------------------------
CreateMatrix: Initializing list matrix for equation
CRS_CreateMatrix: Creating CRS Matrix of size: 811923
CRS_CreateMatrix: Creating CRS Matrix with nofs: 63380889
CreateMatrix: Sparse matrix created
AddEquationBasics: Number of rows in CRS matrix: 811923
AddEquationBasics: Creating solver variable
VariableAdd: Adding variable > displacement < of size 811923
VariableAdd: Adding variable > displacement 1 < of size 270641
VariableAdd: Adding variable > displacement 2 < of size 270641
VariableAdd: Adding variable > displacement 3 < of size 270641
SolverInitialization: Elapsed REAL time:     3.1933 (s)
AddSolvers: Setting up solver 2: savescalars
AddEquationBasics: Using procedure: SaveData SaveScalars
AddEquationBasics: Setting up solver: savescalars
Loading user function library: [SaveData]...[SaveScalars_Init]
AddEquationBasics: Checking for _init solver
Loading user function library: [SaveData]...[SaveScalars_bulk]
Loading user function library: [SaveData]...[SaveScalars_bulk]
AddEquationBasics: Checking for _bulk solver
Loading user function library: [SaveData]...[SaveScalars]
AddEquationBasics: Creating null variable with no name
AddSolvers: Setting up solver 3: internalvtuoutputsolver
AddEquationBasics: Using procedure: ResultOutputSolve ResultOutputSolver
AddEquationBasics: Setting up solver: internalvtuoutputsolver
Loading user function library: [ResultOutputSolve]...[ResultOutputSolver_Init]
Loading user function library: [ResultOutputSolve]...[ResultOutputSolver_Init]
AddEquationBasics: Checking for _init solver
Loading user function library: [ResultOutputSolve]...[ResultOutputSolver_bulk]
Loading user function library: [ResultOutputSolve]...[ResultOutputSolver_bulk]
AddEquationBasics: Checking for _bulk solver
Loading user function library: [ResultOutputSolve]...[ResultOutputSolver]
AddEquationBasics: Treating variable string: -global vtu_internal_dummy
AddEquationBasics: Creating global variable: vtu_internal_dummy
VariableAdd: Adding variable > vtu_internal_dummy < of size 1
AddSolvers: Setting up solvers done
AddTimeEtc: Setting time and other global variables
VariableAdd: Adding variable > Time < of size 1
VariableAdd: Adding variable > Timestep < of size 1
VariableAdd: Adding variable > Timestep size < of size 1
VariableAdd: Adding variable > Timestep interval < of size 1
VariableAdd: Adding variable > nonlin iter < of size 1
VariableAdd: Adding variable > coupled iter < of size 1
VariableAdd: Adding variable > Partition < of size 1
VariableAdd: Adding variable > Time < of size 1
VariableAdd: Adding variable > Timestep < of size 1
VariableAdd: Adding variable > Timestep size < of size 1
VariableAdd: Adding variable > Timestep interval < of size 1
VariableAdd: Adding variable > nonlin iter < of size 1
VariableAdd: Adding variable > coupled iter < of size 1
VariableAdd: Adding variable > Partition < of size 1
MAIN: Random seed initialized to: 314159265
SetInitialConditions: Setting up initial conditions (if any)
MAIN: Number of timesteps to be saved: 1
MAIN: 
MAIN: -------------------------------------
MAIN:  Steady state iteration:            1
MAIN: -------------------------------------
MAIN: 
SolveEquations: Solvers before timestep
SolveEquations: Solvers in main iteration loop
SolveEquations: Performing set of solvers in sequence
ListTagCount: Counting tags for keyword normalization!
SetActiveElementsTable: Creating active element table for: linelast
SetActiveElementsTable: Number of active elements found : 256000
SingleSolver: Attempting to call solver: 1
SingleSolver: Solver Equation string is: linelast
StressSolve: 
StressSolve: --------------------------------------------------
StressSolve: Solving displacements from linear elasticity model
StressSolve: --------------------------------------------------
DefaultStart: Starting solver: linelast
StressSolve: Starting assembly...
InitializeToZero: Initializing the linear system to zero
StressSolve: Assembly:
: ................Finished checking for nodal loads
SetNodalLoads: Finished checking for nodal loads
SetNodalLoads: Finished checking for nodal loads
SetDirichletBoundaries: Number of dofs set for displacement: 0
DefUtils::DefaultDirichletBCs: Setting Dirichlet boundary conditions
SetDirichletBoundaries: Number of dofs set for displacement 1: 6400
DefUtils::DefaultDirichletBCs: p-element condition setup: displacement 1
SetDirichletBoundaries: Number of dofs set for displacement 2: 6400
DefUtils::DefaultDirichletBCs: p-element condition setup: displacement 2
SetDirichletBoundaries: Number of dofs set for displacement 3: 6400
DefUtils::DefaultDirichletBCs: p-element condition setup: displacement 3
EnforceDirichletConditions: Enforcing total of 5043 Dirichlet conditions.
EnforceDirichletConditions: Applying Dirichlet conditions using scaled diagonal
ScaleLinearSystem: Creating > DiagScaling < vector of size 811923
EnforceDirichletConditions: Dirichlet conditions enforced for dofs: 5043
DefUtils::DefaultDirichletBCs: Dirichlet boundary conditions set
DefaultSolve: Solving linear system with default routines
GenerateConstraintMatrix: Nothing to do for now
SolveSystem: Solving linear system
SolveSystem: Solving linear system in standard way
SolveLinearSystem: Assuming real valued linear system
SolveLinearSystem: Assuming serial linear system
ScaleLinearSystem: Creating > DiagScaling < vector of size 811923
SolveLinearSystem: Serial linear System Solver: amgx
AMGX version 2.2.0.132-opensource
Built on Mar 11 2025, 14:25:11
Compiled with CUDA Runtime 11.5, using CUDA driver 12.2
           iter      Mem Usage (GB)       residual           rate
         --------------------------------------------------------------
            Ini                   0   1.000000e+00
              0                   0   7.331439e-01         0.7331
              1              0.0000   9.086727e-01         1.2394
              2              0.0000   1.113446e+00         1.2254
              3              0.0000   1.047649e+00         0.9409
              4              0.0000   1.063480e+00         1.0151
              5              0.0000   1.056796e+00         0.9937
              6              0.0000   1.201476e+00         1.1369
              7              0.0000   1.011023e+00         0.8415
              8              0.0000   1.239365e+00         1.2259
              9              0.0000   1.049088e+00         0.8465
             10              0.0000   1.184267e+00         1.1289
             11              0.0000   1.129704e+00         0.9539
             12              0.0000   1.162683e+00         1.0292
             13              0.0000   1.163816e+00         1.0010
             14              0.0000   1.213744e+00         1.0429
             15              0.0000   1.167777e+00         0.9621
             16              0.0000   1.259975e+00         1.0790
             17              0.0000   1.197392e+00         0.9503
             18              0.0000   1.275636e+00         1.0653
             19              0.0000   1.242531e+00         0.9740
             20              0.0000   1.293376e+00         1.0409
             21              0.0000   1.275327e+00         0.9860
             22              0.0000   1.313888e+00         1.0302
             23              0.0000   1.328601e+00         1.0112
             24              0.0000   1.319617e+00         0.9932
             25              0.0000   1.346725e+00         1.0205
             26              0.0000   1.371677e+00         1.0185
             27              0.0000   1.369474e+00         0.9984
             28              0.0000   1.413532e+00         1.0322
             29              0.0000   1.396777e+00         0.9881
             30              0.0000   1.424083e+00         1.0195
             31              0.0000   1.472861e+00         1.0343
             32              0.0000   1.429325e+00         0.9704
             33              0.0000   1.526256e+00         1.0678
             34              0.0000   1.506012e+00         0.9867
             35              0.0000   1.530671e+00         1.0164
             36              0.0000   1.576472e+00         1.0299
             37              0.0000   1.606908e+00         1.0193
             38              0.0000   1.634337e+00         1.0171
             39              0.0000   1.740353e+00         1.0649
             40              0.0000   1.736672e+00         0.9979
             41              0.0000   1.861059e+00         1.0716
             42              0.0000   1.892193e+00         1.0167
             43              0.0000   1.882006e+00         0.9946
             44              0.0000   1.959507e+00         1.0412
             45              0.0000   1.929554e+00         0.9847
             46              0.0000   1.966791e+00         1.0193
             47              0.0000   2.024261e+00         1.0292
             48              0.0000   1.953654e+00         0.9651
             49              0.0000   2.015670e+00         1.0317
             50              0.0000   2.022712e+00         1.0035
             51              0.0000   1.983493e+00         0.9806
             52              0.0000   2.031986e+00         1.0244
             53              0.0000   1.980904e+00         0.9749
             54              0.0000   2.022480e+00         1.0210
             55              0.0000   1.958526e+00         0.9684
             56              0.0000   2.020164e+00         1.0315
             57              0.0000   1.941585e+00         0.9611
             58              0.0000   1.996503e+00         1.0283
             59              0.0000   1.949846e+00         0.9766
             60              0.0000   1.949283e+00         0.9997
             61              0.0000   1.973396e+00         1.0124
             62              0.0000   1.930889e+00         0.9785
             63              0.0000   1.954438e+00         1.0122
             64              0.0000   1.950346e+00         0.9979
             65              0.0000   1.929487e+00         0.9893
             66              0.0000   1.964657e+00         1.0182
             67              0.0000   1.924505e+00         0.9796
             68              0.0000   1.944072e+00         1.0102
             69              0.0000   1.940696e+00         0.9983
             70              0.0000   1.969491e+00         1.0148
             71              0.0000   1.950911e+00         0.9906
             72              0.0000   2.002979e+00         1.0267
             73              0.0000   2.034968e+00         1.0160
             74              0.0000   2.018596e+00         0.9920
             75              0.0000   2.041670e+00         1.0114
             76              0.0000   1.984559e+00         0.9720
             77              0.0000   1.990648e+00         1.0031
             78              0.0000   1.977382e+00         0.9933
             79              0.0000   1.982677e+00         1.0027
             80              0.0000   1.954987e+00         0.9860
             81              0.0000   1.952829e+00         0.9989
             82              0.0000   1.929816e+00         0.9882
             83              0.0000   1.920586e+00         0.9952
             84              0.0000   1.892129e+00         0.9852
             85              0.0000   1.896368e+00         1.0022
             86              0.0000   1.878463e+00         0.9906
             87              0.0000   1.869923e+00         0.9955
             88              0.0000   1.878535e+00         1.0046
             89              0.0000   1.857333e+00         0.9887
             90              0.0000   1.874683e+00         1.0093
             91              0.0000   1.878564e+00         1.0021
             92              0.0000   1.887778e+00         1.0049
             93              0.0000   1.913305e+00         1.0135
             94              0.0000   1.906772e+00         0.9966
             95              0.0000   1.953866e+00         1.0247
             96              0.0000   1.961913e+00         1.0041
             97              0.0000   2.001231e+00         1.0200
             98              0.0000   2.009066e+00         1.0039
             99              0.0000   2.051477e+00         1.0211
            100              0.0000   2.069610e+00         1.0088
            101              0.0000   2.100392e+00         1.0149
            102              0.0000   2.109637e+00         1.0044
            103              0.0000   2.165981e+00         1.0267
            104              0.0000   2.131627e+00         0.9841
            105              0.0000   2.220275e+00         1.0416
            106              0.0000   2.185480e+00         0.9843
            107              0.0000   2.228157e+00         1.0195
            108              0.0000   2.245979e+00         1.0080
            109              0.0000   2.262797e+00         1.0075
            110              0.0000   2.292574e+00         1.0132
            111              0.0000   2.297123e+00         1.0020
            112              0.0000   2.347341e+00         1.0219
            113              0.0000   2.324978e+00         0.9905
            114              0.0000   2.396085e+00         1.0306
            115              0.0000   2.377314e+00         0.9922
            116              0.0000   2.425437e+00         1.0202
            117              0.0000   2.468471e+00         1.0177
            118              0.0000   2.508096e+00         1.0161
            119              0.0000   2.579074e+00         1.0283
            120              0.0000   2.642269e+00         1.0245
            121              0.0000   2.718627e+00         1.0289
            122              0.0000   2.815427e+00         1.0356
            123              0.0000   2.895330e+00         1.0284
            124              0.0000   2.980430e+00         1.0294
            125              0.0000   3.025568e+00         1.0151
            126              0.0000   3.127160e+00         1.0336
            127              0.0000   3.181668e+00         1.0174
            128              0.0000   3.259938e+00         1.0246
            129              0.0000   3.306176e+00         1.0142
            130              0.0000   3.345354e+00         1.0118
            131              0.0000   3.390768e+00         1.0136
            132              0.0000   3.455134e+00         1.0190
            133              0.0000   3.477099e+00         1.0064
            134              0.0000   3.538146e+00         1.0176
            135              0.0000   3.575898e+00         1.0107
            136              0.0000   3.588956e+00         1.0037
            137              0.0000   3.649016e+00         1.0167
            138              0.0000   3.623805e+00         0.9931
            139              0.0000   3.649302e+00         1.0070
            140              0.0000   3.669419e+00         1.0055
            141              0.0000   3.655948e+00         0.9963
            142              0.0000   3.681469e+00         1.0070
            143              0.0000   3.620267e+00         0.9834
            144              0.0000   3.623870e+00         1.0010
            145              0.0000   3.556254e+00         0.9813
            146              0.0000   3.524283e+00         0.9910
            147              0.0000   3.458537e+00         0.9813
            148              0.0000   3.383466e+00         0.9783
            149              0.0000   3.358467e+00         0.9926
            150              0.0000   3.267363e+00         0.9729
            151              0.0000   3.227220e+00         0.9877
            152              0.0000   3.115490e+00         0.9654
            153              0.0000   2.981018e+00         0.9568
            154              0.0000   2.828687e+00         0.9489
            155              0.0000   2.631312e+00         0.9302
            156              0.0000   2.504197e+00         0.9517
            157              0.0000   2.427689e+00         0.9694
            158              0.0000   2.454733e+00         1.0111
            159              0.0000   2.573574e+00         1.0484
            160              0.0000   2.624206e+00         1.0197
            161              0.0000   2.549317e+00         0.9715
            162              0.0000   2.342310e+00         0.9188
            163              0.0000   2.131511e+00         0.9100
            164              0.0000   2.046902e+00         0.9603
            165              0.0000   2.154410e+00         1.0525
            166              0.0000   2.399801e+00         1.1139
            167              0.0000   2.561529e+00         1.0674
            168              0.0000   2.455286e+00         0.9585
            169              0.0000   2.160209e+00         0.8798
            170              0.0000   1.978333e+00         0.9158
            171              0.0000   1.993401e+00         1.0076
            172              0.0000   2.139788e+00         1.0734
            173              0.0000   2.233916e+00         1.0440
            174              0.0000   2.108263e+00         0.9438
            175              0.0000   1.961914e+00         0.9306
            176              0.0000   1.937117e+00         0.9874
            177              0.0000   2.120666e+00         1.0948
            178              0.0000   2.224308e+00         1.0489
            179              0.0000   2.209384e+00         0.9933
            180              0.0000   2.094463e+00         0.9480
            181              0.0000   2.199582e+00         1.0502
            182              0.0000   2.380413e+00         1.0822
            183              0.0000   2.437802e+00         1.0241
            184              0.0000   2.370365e+00         0.9723
            185              0.0000   2.235188e+00         0.9430
            186              0.0000   2.348828e+00         1.0508
            187              0.0000   2.503884e+00         1.0660
            188              0.0000   2.439319e+00         0.9742
            189              0.0000   2.288584e+00         0.9382
            190              0.0000   2.245015e+00         0.9810
            191              0.0000   2.344902e+00         1.0445
            192              0.0000   2.296917e+00         0.9795
            193              0.0000   2.108486e+00         0.9180
            194              0.0000   1.992569e+00         0.9450
            195              0.0000   2.001347e+00         1.0044
            196              0.0000   2.005886e+00         1.0023
            197              0.0000   1.807257e+00         0.9010
            198              0.0000   1.712196e+00         0.9474
            199              0.0000   1.739008e+00         1.0157
            200              0.0000   1.734323e+00         0.9973
            201              0.0000   1.635483e+00         0.9430
            202              0.0000   1.585902e+00         0.9697
            203              0.0000   1.667134e+00         1.0512
            204              0.0000   1.741312e+00         1.0445
            205              0.0000   1.683604e+00         0.9669
            206              0.0000   1.669301e+00         0.9915
            207              0.0000   1.702736e+00         1.0200
            208              0.0000   1.667607e+00         0.9794
            209              0.0000   1.531443e+00         0.9183
            210              0.0000   1.479101e+00         0.9658
            211              0.0000   1.571268e+00         1.0623
            212              0.0000   1.601581e+00         1.0193
            213              0.0000   1.575780e+00         0.9839
            214              0.0000   1.586248e+00         1.0066
            215              0.0000   1.598947e+00         1.0080
            216              0.0000   1.537066e+00         0.9613
            217              0.0000   1.488954e+00         0.9687
            218              0.0000   1.542270e+00         1.0358
            219              0.0000   1.605600e+00         1.0411
            220              0.0000   1.526966e+00         0.9510
            221              0.0000   1.514956e+00         0.9921
            222              0.0000   1.533826e+00         1.0125
            223              0.0000   1.513309e+00         0.9866
            224              0.0000   1.437623e+00         0.9500
            225              0.0000   1.443624e+00         1.0042
            226              0.0000   1.514788e+00         1.0493
            227              0.0000   1.457052e+00         0.9619
            228              0.0000   1.413921e+00         0.9704
            229              0.0000   1.464449e+00         1.0357
            230              0.0000   1.468869e+00         1.0030
            231              0.0000   1.470440e+00         1.0011
            232              0.0000   1.453574e+00         0.9885
            233              0.0000   1.491834e+00         1.0263
            234              0.0000   1.461552e+00         0.9797
            235              0.0000   1.415043e+00         0.9682
            236              0.0000   1.493131e+00         1.0552
            237              0.0000   1.469619e+00         0.9843
            238              0.0000   1.460285e+00         0.9936
            239              0.0000   1.486846e+00         1.0182
            240              0.0000   1.544458e+00         1.0387
            241              0.0000   1.545040e+00         1.0004
            242              0.0000   1.497202e+00         0.9690
            243              0.0000   1.558189e+00         1.0407
            244              0.0000   1.559187e+00         1.0006
            245              0.0000   1.537220e+00         0.9859
            246              0.0000   1.555238e+00         1.0117
            247              0.0000   1.588600e+00         1.0215
            248              0.0000   1.554796e+00         0.9787
            249              0.0000   1.529095e+00         0.9835
            250              0.0000   1.562165e+00         1.0216
            251              0.0000   1.561704e+00         0.9997
            252              0.0000   1.499188e+00         0.9600
            253              0.0000   1.577047e+00         1.0519
            254              0.0000   1.541404e+00         0.9774
            255              0.0000   1.485912e+00         0.9640
            256              0.0000   1.464946e+00         0.9859
            257              0.0000   1.465782e+00         1.0006
            258              0.0000   1.451045e+00         0.9899
            259              0.0000   1.396477e+00         0.9624
            260              0.0000   1.426875e+00         1.0218
            261              0.0000   1.439077e+00         1.0086
            262              0.0000   1.410717e+00         0.9803
            263              0.0000   1.409842e+00         0.9994
            264              0.0000   1.408753e+00         0.9992
            265              0.0000   1.383221e+00         0.9819
            266              0.0000   1.354071e+00         0.9789
            267              0.0000   1.396108e+00         1.0310
            268              0.0000   1.351466e+00         0.9680
            269              0.0000   1.318629e+00         0.9757
            270              0.0000   1.333074e+00         1.0110
            271              0.0000   1.300312e+00         0.9754
            272              0.0000   1.291221e+00         0.9930
            273              0.0000   1.309513e+00         1.0142
            274              0.0000   1.337408e+00         1.0213
            275              0.0000   1.284608e+00         0.9605
            276              0.0000   1.309933e+00         1.0197
            277              0.0000   1.327162e+00         1.0132
            278              0.0000   1.317523e+00         0.9927
            279              0.0000   1.310515e+00         0.9947
            280              0.0000   1.336637e+00         1.0199
            281              0.0000   1.315167e+00         0.9839
            282              0.0000   1.271789e+00         0.9670
            283              0.0000   1.287222e+00         1.0121
            284              0.0000   1.216075e+00         0.9447
            285              0.0000   1.185442e+00         0.9748
            286              0.0000   1.201258e+00         1.0133
            287              0.0000   1.208565e+00         1.0061
            288              0.0000   1.202001e+00         0.9946
            289              0.0000   1.203509e+00         1.0013
            290              0.0000   1.215320e+00         1.0098
            291              0.0000   1.145514e+00         0.9426
            292              0.0000   1.137254e+00         0.9928
            293              0.0000   1.114160e+00         0.9797
            294              0.0000   1.076773e+00         0.9664
            295              0.0000   1.089461e+00         1.0118
            296              0.0000   1.089202e+00         0.9998
            297              0.0000   1.096776e+00         1.0070
            298              0.0000   1.076397e+00         0.9814
            299              0.0000   1.089494e+00         1.0122
            300              0.0000   1.100583e+00         1.0102
            301              0.0000   1.085094e+00         0.9859
            302              0.0000   1.112367e+00         1.0251
            303              0.0000   1.102694e+00         0.9913
            304              0.0000   1.095327e+00         0.9933
            305              0.0000   1.120447e+00         1.0229
            306              0.0000   1.156387e+00         1.0321
            307              0.0000   1.147150e+00         0.9920
            308              0.0000   1.171229e+00         1.0210
            309              0.0000   1.192784e+00         1.0184
            310              0.0000   1.188771e+00         0.9966
            311              0.0000   1.249796e+00         1.0513
            312              0.0000   1.314433e+00         1.0517
            313              0.0000   1.349730e+00         1.0269
            314              0.0000   1.400541e+00         1.0376
            315              0.0000   1.447649e+00         1.0336
            316              0.0000   1.431760e+00         0.9890
            317              0.0000   1.406435e+00         0.9823
            318              0.0000   1.451782e+00         1.0322
            319              0.0000   1.450803e+00         0.9993
            320              0.0000   1.477567e+00         1.0184
            321              0.0000   1.550054e+00         1.0491
            322              0.0000   1.609839e+00         1.0386
            323              0.0000   1.593207e+00         0.9897
            324              0.0000   1.614760e+00         1.0135
            325              0.0000   1.585599e+00         0.9819
            326              0.0000   1.580311e+00         0.9967
            327              0.0000   1.638451e+00         1.0368
            328              0.0000   1.688981e+00         1.0308
            329              0.0000   1.675593e+00         0.9921
            330              0.0000   1.670388e+00         0.9969
            331              0.0000   1.661820e+00         0.9949
            332              0.0000   1.632654e+00         0.9824
            333              0.0000   1.690095e+00         1.0352
            334              0.0000   1.730647e+00         1.0240
            335              0.0000   1.721610e+00         0.9948
            336              0.0000   1.686937e+00         0.9799
            337              0.0000   1.674920e+00         0.9929
            338              0.0000   1.704377e+00         1.0176
            339              0.0000   1.773969e+00         1.0408
            340              0.0000   1.866664e+00         1.0523
            341              0.0000   1.881526e+00         1.0080
            342              0.0000   1.859945e+00         0.9885
            343              0.0000   1.877420e+00         1.0094
            344              0.0000   1.922404e+00         1.0240
            345              0.0000   2.044500e+00         1.0635
            346              0.0000   2.169072e+00         1.0609
            347              0.0000   2.138419e+00         0.9859
            348              0.0000   2.079918e+00         0.9726
            349              0.0000   2.091388e+00         1.0055
            350              0.0000   2.121094e+00         1.0142
            351              0.0000   2.222473e+00         1.0478
            352              0.0000   2.272698e+00         1.0226
            353              0.0000   2.209563e+00         0.9722
            354              0.0000   2.196987e+00         0.9943
            355              0.0000   2.183881e+00         0.9940
            356              0.0000   2.299012e+00         1.0527
            357              0.0000   2.275114e+00         0.9896
            358              0.0000   2.305379e+00         1.0133
            359              0.0000   2.310470e+00         1.0022
            360              0.0000   2.351982e+00         1.0180
            361              0.0000   2.497837e+00         1.0620
            362              0.0000   2.466111e+00         0.9873
            363              0.0000   2.394457e+00         0.9709
            364              0.0000   2.383424e+00         0.9954
            365              0.0000   2.444996e+00         1.0258
            366              0.0000   2.485816e+00         1.0167
            367              0.0000   2.471048e+00         0.9941
            368              0.0000   2.498658e+00         1.0112
            369              0.0000   2.485022e+00         0.9945
            370              0.0000   2.542497e+00         1.0231
            371              0.0000   2.504621e+00         0.9851
            372              0.0000   2.355404e+00         0.9404
            373              0.0000   2.319632e+00         0.9848
            374              0.0000   2.346625e+00         1.0116
            375              0.0000   2.345613e+00         0.9996
            376              0.0000   2.328520e+00         0.9927
            377              0.0000   2.279498e+00         0.9789
            378              0.0000   2.298230e+00         1.0082
            379              0.0000   2.378782e+00         1.0350
            380              0.0000   2.338413e+00         0.9830
            381              0.0000   2.237840e+00         0.9570
            382              0.0000   2.201919e+00         0.9839
            383              0.0000   2.267326e+00         1.0297
            384              0.0000   2.262720e+00         0.9980
            385              0.0000   2.187405e+00         0.9667
            386              0.0000   2.160154e+00         0.9875
            387              0.0000   2.155220e+00         0.9977
            388              0.0000   2.200818e+00         1.0212
            389              0.0000   2.167750e+00         0.9850
            390              0.0000   2.131252e+00         0.9832
            391              0.0000   2.201302e+00         1.0329
            392              0.0000   2.191568e+00         0.9956
            393              0.0000   2.127024e+00         0.9705
            394              0.0000   2.150123e+00         1.0109
            395              0.0000   2.232466e+00         1.0383
            396              0.0000   2.298437e+00         1.0296
            397              0.0000   2.259915e+00         0.9832
            398              0.0000   2.201455e+00         0.9741
            399              0.0000   2.132323e+00         0.9686
            400              0.0000   2.163439e+00         1.0146
            401              0.0000   2.112915e+00         0.9766
            402              0.0000   1.985516e+00         0.9397
            403              0.0000   2.024213e+00         1.0195
            404              0.0000   2.059518e+00         1.0174
            405              0.0000   2.027415e+00         0.9844
            406              0.0000   1.982857e+00         0.9780
            407              0.0000   1.946347e+00         0.9816
            408              0.0000   1.911163e+00         0.9819
            409              0.0000   1.855837e+00         0.9711
            410              0.0000   1.799682e+00         0.9697
            411              0.0000   1.823536e+00         1.0133
            412              0.0000   1.859794e+00         1.0199
            413              0.0000   1.782825e+00         0.9586
            414              0.0000   1.697746e+00         0.9523
            415              0.0000   1.651435e+00         0.9727
            416              0.0000   1.666836e+00         1.0093
            417              0.0000   1.602593e+00         0.9615
            418              0.0000   1.579753e+00         0.9857
            419              0.0000   1.580561e+00         1.0005
            420              0.0000   1.570039e+00         0.9933
            421              0.0000   1.532329e+00         0.9760
            422              0.0000   1.469319e+00         0.9589
            423              0.0000   1.417150e+00         0.9645
            424              0.0000   1.398997e+00         0.9872
            425              0.0000   1.337669e+00         0.9562
            426              0.0000   1.298080e+00         0.9704
            427              0.0000   1.311942e+00         1.0107
            428              0.0000   1.311566e+00         0.9997
            429              0.0000   1.245537e+00         0.9497
            430              0.0000   1.206926e+00         0.9690
            431              0.0000   1.193739e+00         0.9891
            432              0.0000   1.173588e+00         0.9831
            433              0.0000   1.138433e+00         0.9700
            434              0.0000   1.110993e+00         0.9759
            435              0.0000   1.070040e+00         0.9631
            436              0.0000   1.025299e+00         0.9582
            437              0.0000   9.938163e-01         0.9693
            438              0.0000   1.002504e+00         1.0087
            439              0.0000   9.990753e-01         0.9966
            440              0.0000   9.408305e-01         0.9417
            441              0.0000   8.960245e-01         0.9524
            442              0.0000   8.829362e-01         0.9854
            443              0.0000   8.475182e-01         0.9599
            444              0.0000   8.086340e-01         0.9541
            445              0.0000   7.989004e-01         0.9880
            446              0.0000   8.047114e-01         1.0073
            447              0.0000   8.048295e-01         1.0001
            448              0.0000   7.937752e-01         0.9863
            449              0.0000   8.251308e-01         1.0395
            450              0.0000   8.134924e-01         0.9859
            451              0.0000   7.910515e-01         0.9724
            452              0.0000   7.758547e-01         0.9808
            453              0.0000   7.852843e-01         1.0122
            454              0.0000   8.123089e-01         1.0344
            455              0.0000   8.015422e-01         0.9867
            456              0.0000   8.096921e-01         1.0102
            457              0.0000   8.279470e-01         1.0225
            458              0.0000   8.181883e-01         0.9882
            459              0.0000   8.129726e-01         0.9936
            460              0.0000   8.363410e-01         1.0287
            461              0.0000   8.340701e-01         0.9973
            462              0.0000   8.021692e-01         0.9618
            463              0.0000   8.048898e-01         1.0034
            464              0.0000   8.235914e-01         1.0232
            465              0.0000   8.281623e-01         1.0055
            466              0.0000   8.256755e-01         0.9970
            467              0.0000   8.337924e-01         1.0098
            468              0.0000   8.361918e-01         1.0029
            469              0.0000   8.446487e-01         1.0101
            470              0.0000   8.631307e-01         1.0219
            471              0.0000   8.719505e-01         1.0102
            472              0.0000   8.563451e-01         0.9821
            473              0.0000   8.700048e-01         1.0160
            474              0.0000   8.893795e-01         1.0223
            475              0.0000   8.963883e-01         1.0079
            476              0.0000   8.851815e-01         0.9875
            477              0.0000   9.222503e-01         1.0419
            478              0.0000   9.554388e-01         1.0360
            479              0.0000   9.404848e-01         0.9843
            480              0.0000   9.730418e-01         1.0346
            481              0.0000   1.012694e+00         1.0408
            482              0.0000   1.021308e+00         1.0085
            483              0.0000   1.015981e+00         0.9948
            484              0.0000   1.023664e+00         1.0076
            485              0.0000   1.051306e+00         1.0270
            486              0.0000   1.031367e+00         0.9810
            487              0.0000   1.014886e+00         0.9840
            488              0.0000   1.047563e+00         1.0322
            489              0.0000   1.093634e+00         1.0440
            490              0.0000   1.099478e+00         1.0053
            491              0.0000   1.115576e+00         1.0146
            492              0.0000   1.142935e+00         1.0245
            493              0.0000   1.144566e+00         1.0014
            494              0.0000   1.122314e+00         0.9806
            495              0.0000   1.172247e+00         1.0445
            496              0.0000   1.192286e+00         1.0171
            497              0.0000   1.179129e+00         0.9890
            498              0.0000   1.205889e+00         1.0227
            499              0.0000   1.218512e+00         1.0105
            500              0.0000   1.190148e+00         0.9767
            501              0.0000   1.203380e+00         1.0111
            502              0.0000   1.258902e+00         1.0461
            503              0.0000   1.271877e+00         1.0103
            504              0.0000   1.236522e+00         0.9722
            505              0.0000   1.289896e+00         1.0432
            506              0.0000   1.304035e+00         1.0110
            507              0.0000   1.322804e+00         1.0144
            508              0.0000   1.317899e+00         0.9963
            509              0.0000   1.357894e+00         1.0303
            510              0.0000   1.339094e+00         0.9862
            511              0.0000   1.346755e+00         1.0057
            512              0.0000   1.373001e+00         1.0195
            513              0.0000   1.397529e+00         1.0179
            514              0.0000   1.410916e+00         1.0096
            515              0.0000   1.437535e+00         1.0189
            516              0.0000   1.452676e+00         1.0105
            517              0.0000   1.427026e+00         0.9823
            518              0.0000   1.451283e+00         1.0170
            519              0.0000   1.499618e+00         1.0333
            520              0.0000   1.493165e+00         0.9957
            521              0.0000   1.502925e+00         1.0065
            522              0.0000   1.513219e+00         1.0068
            523              0.0000   1.510447e+00         0.9982
            524              0.0000   1.548216e+00         1.0250
            525              0.0000   1.592078e+00         1.0283
            526              0.0000   1.597520e+00         1.0034
            527              0.0000   1.565296e+00         0.9798
            528              0.0000   1.576661e+00         1.0073
            529              0.0000   1.625363e+00         1.0309
            530              0.0000   1.610589e+00         0.9909
            531              0.0000   1.590686e+00         0.9876
            532              0.0000   1.601692e+00         1.0069
            533              0.0000   1.612479e+00         1.0067
            534              0.0000   1.595302e+00         0.9893
            535              0.0000   1.631966e+00         1.0230
            536              0.0000   1.631420e+00         0.9997
            537              0.0000   1.608024e+00         0.9857
            538              0.0000   1.640243e+00         1.0200
            539              0.0000   1.689339e+00         1.0299
            540              0.0000   1.667489e+00         0.9871
            541              0.0000   1.663295e+00         0.9975
            542              0.0000   1.624977e+00         0.9770
            543              0.0000   1.603685e+00         0.9869
            544              0.0000   1.559284e+00         0.9723
            545              0.0000   1.583781e+00         1.0157
            546              0.0000   1.589935e+00         1.0039
            547              0.0000   1.537209e+00         0.9668
            548              0.0000   1.510201e+00         0.9824
            549              0.0000   1.509996e+00         0.9999
            550              0.0000   1.471739e+00         0.9747
            551              0.0000   1.448757e+00         0.9844
            552              0.0000   1.422272e+00         0.9817
            553              0.0000   1.415393e+00         0.9952
            554              0.0000   1.360011e+00         0.9609
            555              0.0000   1.335891e+00         0.9823
            556              0.0000   1.289760e+00         0.9655
            557              0.0000   1.233360e+00         0.9563
            558              0.0000   1.227333e+00         0.9951
            559              0.0000   1.204192e+00         0.9811
            560              0.0000   1.170243e+00         0.9718
            561              0.0000   1.117223e+00         0.9547
            562              0.0000   1.092881e+00         0.9782
            563              0.0000   1.055886e+00         0.9661
            564              0.0000   1.016628e+00         0.9628
            565              0.0000   1.008277e+00         0.9918
            566              0.0000   9.910876e-01         0.9830
            567              0.0000   9.803288e-01         0.9891
            568              0.0000   9.692502e-01         0.9887
            569              0.0000   9.603611e-01         0.9908
            570              0.0000   9.362844e-01         0.9749
            571              0.0000   9.555002e-01         1.0205
            572              0.0000   9.682658e-01         1.0134
            573              0.0000   9.558134e-01         0.9871
            574              0.0000   9.739728e-01         1.0190
            575              0.0000   9.804301e-01         1.0066
            576              0.0000   9.945148e-01         1.0144
            577              0.0000   1.021718e+00         1.0274
            578              0.0000   9.912575e-01         0.9702
            579              0.0000   1.005255e+00         1.0141
            580              0.0000   1.018548e+00         1.0132
            581              0.0000   1.059422e+00         1.0401
            582              0.0000   1.073654e+00         1.0134
            583              0.0000   1.069161e+00         0.9958
            584              0.0000   1.068965e+00         0.9998
            585              0.0000   1.075524e+00         1.0061
            586              0.0000   1.116723e+00         1.0383
            587              0.0000   1.135534e+00         1.0168
            588              0.0000   1.155989e+00         1.0180
            589              0.0000   1.184328e+00         1.0245
            590              0.0000   1.219492e+00         1.0297
            591              0.0000   1.281645e+00         1.0510
            592              0.0000   1.286118e+00         1.0035
            593              0.0000   1.318347e+00         1.0251
            594              0.0000   1.316237e+00         0.9984
            595              0.0000   1.320963e+00         1.0036
            596              0.0000   1.335579e+00         1.0111
            597              0.0000   1.339991e+00         1.0033
            598              0.0000   1.330458e+00         0.9929
            599              0.0000   1.348530e+00         1.0136
            600              0.0000   1.380926e+00         1.0240
            601              0.0000   1.395156e+00         1.0103
            602              0.0000   1.401964e+00         1.0049
            603              0.0000   1.460942e+00         1.0421
            604              0.0000   1.466906e+00         1.0041
            605              0.0000   1.466886e+00         1.0000
            606              0.0000   1.457414e+00         0.9935
            607              0.0000   1.454285e+00         0.9979
            608              0.0000   1.473126e+00         1.0130
            609              0.0000   1.499372e+00         1.0178
            610              0.0000   1.510182e+00         1.0072
            611              0.0000   1.477426e+00         0.9783
            612              0.0000   1.500710e+00         1.0158
            613              0.0000   1.510850e+00         1.0068
            614              0.0000   1.524525e+00         1.0091
            615              0.0000   1.539495e+00         1.0098
            616              0.0000   1.511798e+00         0.9820
            617              0.0000   1.529418e+00         1.0117
            618              0.0000   1.531261e+00         1.0012
            619              0.0000   1.557359e+00         1.0170
            620              0.0000   1.572923e+00         1.0100
            621              0.0000   1.558356e+00         0.9907
            622              0.0000   1.568401e+00         1.0064
            623              0.0000   1.567851e+00         0.9996
            624              0.0000   1.590818e+00         1.0146
            625              0.0000   1.612101e+00         1.0134
            626              0.0000   1.584218e+00         0.9827
            627              0.0000   1.559926e+00         0.9847
            628              0.0000   1.557770e+00         0.9986
            629              0.0000   1.569122e+00         1.0073
            630              0.0000   1.550956e+00         0.9884
            631              0.0000   1.529811e+00         0.9864
            632              0.0000   1.534692e+00         1.0032
            633              0.0000   1.516612e+00         0.9882
            634              0.0000   1.507494e+00         0.9940
            635              0.0000   1.527965e+00         1.0136
            636              0.0000   1.483051e+00         0.9706
            637              0.0000   1.447251e+00         0.9759
            638              0.0000   1.445248e+00         0.9986
            639              0.0000   1.446369e+00         1.0008
            640              0.0000   1.404563e+00         0.9711
            641              0.0000   1.376743e+00         0.9802
            642              0.0000   1.342311e+00         0.9750
            643              0.0000   1.375401e+00         1.0247
            644              0.0000   1.393701e+00         1.0133
            645              0.0000   1.381706e+00         0.9914
            646              0.0000   1.359062e+00         0.9836
            647              0.0000   1.371818e+00         1.0094
            648              0.0000   1.370470e+00         0.9990
            649              0.0000   1.359351e+00         0.9919
            650              0.0000   1.337337e+00         0.9838
            651              0.0000   1.334153e+00         0.9976
            652              0.0000   1.310447e+00         0.9822
            653              0.0000   1.307999e+00         0.9981
            654              0.0000   1.291698e+00         0.9875
            655              0.0000   1.281767e+00         0.9923
            656              0.0000   1.242914e+00         0.9697
            657              0.0000   1.223259e+00         0.9842
            658              0.0000   1.221940e+00         0.9989
            659              0.0000   1.238108e+00         1.0132
            660              0.0000   1.223901e+00         0.9885
            661              0.0000   1.201757e+00         0.9819
            662              0.0000   1.197292e+00         0.9963
            663              0.0000   1.189989e+00         0.9939
            664              0.0000   1.196607e+00         1.0056
            665              0.0000   1.209322e+00         1.0106
            666              0.0000   1.207391e+00         0.9984
            667              0.0000   1.164879e+00         0.9648
            668              0.0000   1.156636e+00         0.9929
            669              0.0000   1.153680e+00         0.9974
            670              0.0000   1.143128e+00         0.9909
            671              0.0000   1.110864e+00         0.9718
            672              0.0000   1.105814e+00         0.9955
            673              0.0000   1.125294e+00         1.0176
            674              0.0000   1.118141e+00         0.9936
            675              0.0000   1.121745e+00         1.0032
            676              0.0000   1.113728e+00         0.9929
            677              0.0000   1.114010e+00         1.0003
            678              0.0000   1.126270e+00         1.0110
            679              0.0000   1.135685e+00         1.0084
            680              0.0000   1.124166e+00         0.9899
            681              0.0000   1.138457e+00         1.0127
            682              0.0000   1.159144e+00         1.0182
            683              0.0000   1.150499e+00         0.9925
            684              0.0000   1.156224e+00         1.0050
            685              0.0000   1.170355e+00         1.0122
            686              0.0000   1.160775e+00         0.9918
            687              0.0000   1.188271e+00         1.0237
            688              0.0000   1.187082e+00         0.9990
            689              0.0000   1.176534e+00         0.9911
            690              0.0000   1.157968e+00         0.9842
            691              0.0000   1.178666e+00         1.0179
            692              0.0000   1.173526e+00         0.9956
            693              0.0000   1.167146e+00         0.9946
            694              0.0000   1.158797e+00         0.9928
            695              0.0000   1.174839e+00         1.0138
            696              0.0000   1.172312e+00         0.9978
            697              0.0000   1.172826e+00         1.0004
            698              0.0000   1.154818e+00         0.9846
            699              0.0000   1.155044e+00         1.0002
            700              0.0000   1.136954e+00         0.9843
            701              0.0000   1.151727e+00         1.0130
            702              0.0000   1.142003e+00         0.9916
            703              0.0000   1.133345e+00         0.9924
            704              0.0000   1.120310e+00         0.9885
            705              0.0000   1.116630e+00         0.9967
            706              0.0000   1.112573e+00         0.9964
            707              0.0000   1.109934e+00         0.9976
            708              0.0000   1.117808e+00         1.0071
            709              0.0000   1.110937e+00         0.9939
            710              0.0000   1.110077e+00         0.9992
            711              0.0000   1.065649e+00         0.9600
            712              0.0000   1.026821e+00         0.9636
            713              0.0000   1.010626e+00         0.9842
            714              0.0000   1.011588e+00         1.0010
            715              0.0000   9.901839e-01         0.9788
            716              0.0000   9.797951e-01         0.9895
            717              0.0000   9.592973e-01         0.9791
            718              0.0000   9.815743e-01         1.0232
            719              0.0000   9.449388e-01         0.9627
            720              0.0000   9.155813e-01         0.9689
            721              0.0000   9.062982e-01         0.9899
            722              0.0000   8.934015e-01         0.9858
            723              0.0000   8.700517e-01         0.9739
            724              0.0000   8.395833e-01         0.9650
            725              0.0000   8.144018e-01         0.9700
            726              0.0000   7.886096e-01         0.9683
            727              0.0000   7.843898e-01         0.9946
            728              0.0000   7.763728e-01         0.9898
            729              0.0000   7.695142e-01         0.9912
            730              0.0000   7.693969e-01         0.9998
            731              0.0000   7.566907e-01         0.9835
            732              0.0000   7.506666e-01         0.9920
            733              0.0000   7.444723e-01         0.9917
            734              0.0000   7.353034e-01         0.9877
            735              0.0000   7.256664e-01         0.9869
            736              0.0000   7.119998e-01         0.9812
            737              0.0000   7.159366e-01         1.0055
            738              0.0000   7.102164e-01         0.9920
            739              0.0000   6.994472e-01         0.9848
            740              0.0000   6.944255e-01         0.9928
            741              0.0000   7.004149e-01         1.0086
            742              0.0000   7.087128e-01         1.0118
            743              0.0000   7.195996e-01         1.0154
            744              0.0000   7.192190e-01         0.9995
            745              0.0000   7.255460e-01         1.0088
            746              0.0000   7.292213e-01         1.0051
            747              0.0000   7.247627e-01         0.9939
            748              0.0000   7.268853e-01         1.0029
            749              0.0000   7.370706e-01         1.0140
            750              0.0000   7.487806e-01         1.0159
            751              0.0000   7.416255e-01         0.9904
            752              0.0000   7.449803e-01         1.0045
            753              0.0000   7.477623e-01         1.0037
            754              0.0000   7.612313e-01         1.0180
            755              0.0000   7.877667e-01         1.0349
            756              0.0000   7.945869e-01         1.0087
            757              0.0000   7.849527e-01         0.9879
            758              0.0000   7.889999e-01         1.0052
            759              0.0000   7.951195e-01         1.0078
            760              0.0000   8.050957e-01         1.0125
            761              0.0000   7.985848e-01         0.9919
            762              0.0000   8.154233e-01         1.0211
            763              0.0000   8.137624e-01         0.9980
            764              0.0000   8.290627e-01         1.0188
            765              0.0000   8.281624e-01         0.9989
            766              0.0000   8.305678e-01         1.0029
            767              0.0000   8.418601e-01         1.0136
            768              0.0000   8.532402e-01         1.0135
            769              0.0000   8.202582e-01         0.9613
            770              0.0000   8.145139e-01         0.9930
            771              0.0000   8.118005e-01         0.9967
            772              0.0000   7.972933e-01         0.9821
            773              0.0000   7.997709e-01         1.0031
            774              0.0000   7.818845e-01         0.9776
            775              0.0000   7.799267e-01         0.9975
            776              0.0000   7.741192e-01         0.9926
            777              0.0000   7.583155e-01         0.9796
            778              0.0000   7.497305e-01         0.9887
            779              0.0000   7.457255e-01         0.9947
            780              0.0000   7.370800e-01         0.9884
            781              0.0000   7.300283e-01         0.9904
            782              0.0000   7.193362e-01         0.9854
            783              0.0000   6.969758e-01         0.9689
            784              0.0000   6.864549e-01         0.9849
            785              0.0000   6.848450e-01         0.9977
            786              0.0000   6.663355e-01         0.9730
            787              0.0000   6.504455e-01         0.9762
            788              0.0000   6.396817e-01         0.9835
            789              0.0000   6.372659e-01         0.9962
            790              0.0000   6.303943e-01         0.9892
            791              0.0000   6.197080e-01         0.9830
            792              0.0000   6.031873e-01         0.9733
            793              0.0000   6.048825e-01         1.0028
            794              0.0000   5.992669e-01         0.9907
            795              0.0000   5.802806e-01         0.9683
            796              0.0000   5.773043e-01         0.9949
            797              0.0000   5.799222e-01         1.0045
            798              0.0000   5.715982e-01         0.9856
            799              0.0000   5.640819e-01         0.9869
            800              0.0000   5.519108e-01         0.9784
            801              0.0000   5.555474e-01         1.0066
            802              0.0000   5.401691e-01         0.9723
            803              0.0000   5.348163e-01         0.9901
            804              0.0000   5.322004e-01         0.9951
            805              0.0000   5.466163e-01         1.0271
            806              0.0000   5.374958e-01         0.9833
            807              0.0000   5.262529e-01         0.9791
            808              0.0000   5.182353e-01         0.9848
            809              0.0000   5.158257e-01         0.9954
            810              0.0000   5.076594e-01         0.9842
            811              0.0000   4.953388e-01         0.9757
            812              0.0000   4.918277e-01         0.9929
            813              0.0000   4.849598e-01         0.9860
            814              0.0000   4.826227e-01         0.9952
            815              0.0000   4.710937e-01         0.9761
            816              0.0000   4.676011e-01         0.9926
            817              0.0000   4.675058e-01         0.9998
            818              0.0000   4.616766e-01         0.9875
            819              0.0000   4.493980e-01         0.9734
            820              0.0000   4.465356e-01         0.9936
            821              0.0000   4.382712e-01         0.9815
            822              0.0000   4.374562e-01         0.9981
            823              0.0000   4.313801e-01         0.9861
            824              0.0000   4.216931e-01         0.9775
            825              0.0000   4.259526e-01         1.0101
            826              0.0000   4.167097e-01         0.9783
            827              0.0000   4.118835e-01         0.9884
            828              0.0000   3.978353e-01         0.9659
            829              0.0000   3.916440e-01         0.9844
            830              0.0000   3.923482e-01         1.0018
            831              0.0000   3.854800e-01         0.9825
            832              0.0000   3.790242e-01         0.9833
            833              0.0000   3.748316e-01         0.9889
            834              0.0000   3.746575e-01         0.9995
            835              0.0000   3.760811e-01         1.0038
            836              0.0000   3.780683e-01         1.0053
            837              0.0000   3.813529e-01         1.0087
            838              0.0000   3.809893e-01         0.9990
            839              0.0000   3.805871e-01         0.9989
            840              0.0000   3.823062e-01         1.0045
            841              0.0000   3.763932e-01         0.9845
            842              0.0000   3.721477e-01         0.9887
            843              0.0000   3.636069e-01         0.9771
            844              0.0000   3.662915e-01         1.0074
            845              0.0000   3.598761e-01         0.9825
            846              0.0000   3.428011e-01         0.9526
            847              0.0000   3.433498e-01         1.0016
            848              0.0000   3.409895e-01         0.9931
            849              0.0000   3.408449e-01         0.9996
            850              0.0000   3.348962e-01         0.9825
            851              0.0000   3.293901e-01         0.9836
            852              0.0000   3.284048e-01         0.9970
            853              0.0000   3.203487e-01         0.9755
            854              0.0000   3.221711e-01         1.0057
            855              0.0000   3.124882e-01         0.9699
            856              0.0000   3.186488e-01         1.0197
            857              0.0000   3.105522e-01         0.9746
            858              0.0000   3.066607e-01         0.9875
            859              0.0000   3.085834e-01         1.0063
            860              0.0000   3.054381e-01         0.9898
            861              0.0000   3.008992e-01         0.9851
            862              0.0000   2.970114e-01         0.9871
            863              0.0000   2.982646e-01         1.0042
            864              0.0000   2.938600e-01         0.9852
            865              0.0000   2.875492e-01         0.9785
            866              0.0000   2.907284e-01         1.0111
            867              0.0000   2.932914e-01         1.0088
            868              0.0000   2.906220e-01         0.9909
            869              0.0000   2.846676e-01         0.9795
            870              0.0000   2.868278e-01         1.0076
            871              0.0000   2.869028e-01         1.0003
            872              0.0000   2.852952e-01         0.9944
            873              0.0000   2.850264e-01         0.9991
            874              0.0000   2.859930e-01         1.0034
            875              0.0000   2.889920e-01         1.0105
            876              0.0000   2.911708e-01         1.0075
            877              0.0000   2.987848e-01         1.0261
            878              0.0000   3.028372e-01         1.0136
            879              0.0000   3.084372e-01         1.0185
            880              0.0000   3.082565e-01         0.9994
            881              0.0000   3.077043e-01         0.9982
            882              0.0000   3.165219e-01         1.0287
            883              0.0000   3.267725e-01         1.0324
            884              0.0000   3.280661e-01         1.0040
            885              0.0000   3.337157e-01         1.0172
            886              0.0000   3.429428e-01         1.0276
            887              0.0000   3.522988e-01         1.0273
            888              0.0000   3.590294e-01         1.0191
            889              0.0000   3.678371e-01         1.0245
            890              0.0000   3.849381e-01         1.0465
            891              0.0000   3.890172e-01         1.0106
            892              0.0000   4.000961e-01         1.0285
            893              0.0000   4.108861e-01         1.0270
            894              0.0000   4.182513e-01         1.0179
            895              0.0000   4.276103e-01         1.0224
            896              0.0000   4.387195e-01         1.0260
            897              0.0000   4.512738e-01         1.0286
            898              0.0000   4.570986e-01         1.0129
            899              0.0000   4.691940e-01         1.0265
            900              0.0000   4.707148e-01         1.0032
            901              0.0000   4.896990e-01         1.0403
            902              0.0000   5.017457e-01         1.0246
            903              0.0000   4.988005e-01         0.9941
            904              0.0000   5.127583e-01         1.0280
            905              0.0000   5.252731e-01         1.0244
            906              0.0000   5.235252e-01         0.9967
            907              0.0000   5.381680e-01         1.0280
            908              0.0000   5.344802e-01         0.9931
            909              0.0000   5.471861e-01         1.0238
            910              0.0000   5.523844e-01         1.0095
            911              0.0000   5.612415e-01         1.0160
            912              0.0000   5.652906e-01         1.0072
            913              0.0000   5.649019e-01         0.9993
            914              0.0000   5.728302e-01         1.0140
            915              0.0000   5.923660e-01         1.0341
            916              0.0000   5.979656e-01         1.0095
            917              0.0000   5.984568e-01         1.0008
            918              0.0000   6.247742e-01         1.0440
            919              0.0000   6.291447e-01         1.0070
            920              0.0000   6.282698e-01         0.9986
            921              0.0000   6.383723e-01         1.0161
            922              0.0000   6.462330e-01         1.0123
            923              0.0000   6.519491e-01         1.0088
            924              0.0000   6.523042e-01         1.0005
            925              0.0000   6.662156e-01         1.0213
            926              0.0000   6.648698e-01         0.9980
            927              0.0000   6.649253e-01         1.0001
            928              0.0000   6.646979e-01         0.9997
            929              0.0000   6.790710e-01         1.0216
            930              0.0000   6.854954e-01         1.0095
            931              0.0000   6.908507e-01         1.0078
            932              0.0000   7.059534e-01         1.0219
            933              0.0000   7.273167e-01         1.0303
            934              0.0000   7.220055e-01         0.9927
            935              0.0000   7.103408e-01         0.9838
            936              0.0000   7.166859e-01         1.0089
            937              0.0000   7.262000e-01         1.0133
            938              0.0000   7.148240e-01         0.9843
            939              0.0000   7.337644e-01         1.0265
            940              0.0000   7.344649e-01         1.0010
            941              0.0000   7.232810e-01         0.9848
            942              0.0000   7.286740e-01         1.0075
            943              0.0000   7.458530e-01         1.0236
            944              0.0000   7.581489e-01         1.0165
            945              0.0000   7.727229e-01         1.0192
            946              0.0000   7.674938e-01         0.9932
            947              0.0000   7.903643e-01         1.0298
            948              0.0000   7.920896e-01         1.0022
            949              0.0000   8.057739e-01         1.0173
            950              0.0000   8.184070e-01         1.0157
            951              0.0000   8.289920e-01         1.0129
            952              0.0000   8.387549e-01         1.0118
            953              0.0000   8.397495e-01         1.0012
            954              0.0000   8.444242e-01         1.0056
            955              0.0000   8.549568e-01         1.0125
            956              0.0000   8.488853e-01         0.9929
            957              0.0000   8.488633e-01         1.0000
            958              0.0000   8.581730e-01         1.0110
            959              0.0000   8.455886e-01         0.9853
            960              0.0000   8.410277e-01         0.9946
            961              0.0000   8.419340e-01         1.0011
            962              0.0000   8.365150e-01         0.9936
            963              0.0000   8.270682e-01         0.9887
            964              0.0000   8.278062e-01         1.0009
            965              0.0000   8.353409e-01         1.0091
            966              0.0000   8.276321e-01         0.9908
            967              0.0000   8.319486e-01         1.0052
            968              0.0000   8.456742e-01         1.0165
            969              0.0000   8.425537e-01         0.9963
            970              0.0000   8.479966e-01         1.0065
            971              0.0000   8.493885e-01         1.0016
            972              0.0000   8.546699e-01         1.0062
            973              0.0000   8.736496e-01         1.0222
            974              0.0000   8.840674e-01         1.0119
            975              0.0000   8.783075e-01         0.9935
            976              0.0000   8.758541e-01         0.9972
            977              0.0000   8.848526e-01         1.0103
            978              0.0000   8.883203e-01         1.0039
            979              0.0000   8.823820e-01         0.9933
            980              0.0000   8.804300e-01         0.9978
            981              0.0000   8.875457e-01         1.0081
            982              0.0000   8.795610e-01         0.9910
            983              0.0000   8.600502e-01         0.9778
            984              0.0000   8.488198e-01         0.9869
            985              0.0000   8.575793e-01         1.0103
            986              0.0000   8.464225e-01         0.9870
            987              0.0000   8.242849e-01         0.9738
            988              0.0000   8.122158e-01         0.9854
            989              0.0000   8.132019e-01         1.0012
            990              0.0000   7.911381e-01         0.9729
            991              0.0000   7.768750e-01         0.9820
            992              0.0000   7.758953e-01         0.9987
            993              0.0000   7.721260e-01         0.9951
            994              0.0000   7.537841e-01         0.9762
            995              0.0000   7.332276e-01         0.9727
            996              0.0000   7.066721e-01         0.9638
            997              0.0000   6.826175e-01         0.9660
            998              0.0000   6.681978e-01         0.9789
            999              0.0000   6.651584e-01         0.9955
           1000              0.0000   6.472768e-01         0.9731
           1001              0.0000   6.327879e-01         0.9776
           1002              0.0000   6.193405e-01         0.9787
           1003              0.0000   6.066344e-01         0.9795
           1004              0.0000   5.837845e-01         0.9623
           1005              0.0000   5.771991e-01         0.9887
           1006              0.0000   5.699048e-01         0.9874
           1007              0.0000   5.566623e-01         0.9768
           1008              0.0000   5.391269e-01         0.9685
           1009              0.0000   5.284360e-01         0.9802
           1010              0.0000   5.106799e-01         0.9664
           1011              0.0000   5.114469e-01         1.0015
           1012              0.0000   4.935497e-01         0.9650
           1013              0.0000   4.845396e-01         0.9817
           1014              0.0000   4.747279e-01         0.9798
           1015              0.0000   4.728698e-01         0.9961
           1016              0.0000   4.599266e-01         0.9726
           1017              0.0000   4.484709e-01         0.9751
           1018              0.0000   4.445285e-01         0.9912
           1019              0.0000   4.393638e-01         0.9884
           1020              0.0000   4.286044e-01         0.9755
           1021              0.0000   4.234937e-01         0.9881
           1022              0.0000   4.174686e-01         0.9858
           1023              0.0000   4.152830e-01         0.9948
           1024              0.0000   4.080171e-01         0.9825
           1025              0.0000   3.990216e-01         0.9780
           1026              0.0000   3.925166e-01         0.9837
           1027              0.0000   3.859111e-01         0.9832
           1028              0.0000   3.704012e-01         0.9598
           1029              0.0000   3.681421e-01         0.9939
           1030              0.0000   3.604126e-01         0.9790
           1031              0.0000   3.472298e-01         0.9634
           1032              0.0000   3.421889e-01         0.9855
           1033              0.0000   3.339130e-01         0.9758
           1034              0.0000   3.237125e-01         0.9695
           1035              0.0000   3.183377e-01         0.9834
           1036              0.0000   3.112091e-01         0.9776
           1037              0.0000   3.010355e-01         0.9673
           1038              0.0000   2.927336e-01         0.9724
           1039              0.0000   2.858255e-01         0.9764
           1040              0.0000   2.762423e-01         0.9665
           1041              0.0000   2.681937e-01         0.9709
           1042              0.0000   2.612645e-01         0.9742
           1043              0.0000   2.512735e-01         0.9618
           1044              0.0000   2.424748e-01         0.9650
           1045              0.0000   2.359639e-01         0.9731
           1046              0.0000   2.331012e-01         0.9879
           1047              0.0000   2.255673e-01         0.9677
           1048              0.0000   2.227633e-01         0.9876
           1049              0.0000   2.203664e-01         0.9892
           1050              0.0000   2.230782e-01         1.0123
           1051              0.0000   2.184408e-01         0.9792
           1052              0.0000   2.144147e-01         0.9816
           1053              0.0000   2.112393e-01         0.9852
           1054              0.0000   2.055819e-01         0.9732
           1055              0.0000   1.996668e-01         0.9712
           1056              0.0000   1.961364e-01         0.9823
           1057              0.0000   1.941820e-01         0.9900
           1058              0.0000   1.888089e-01         0.9723
           1059              0.0000   1.830805e-01         0.9697
           1060              0.0000   1.760682e-01         0.9617
           1061              0.0000   1.725570e-01         0.9801
           1062              0.0000   1.673187e-01         0.9696
           1063              0.0000   1.644475e-01         0.9828
           1064              0.0000   1.565361e-01         0.9519
           1065              0.0000   1.520349e-01         0.9712
           1066              0.0000   1.511520e-01         0.9942
           1067              0.0000   1.472466e-01         0.9742
           1068              0.0000   1.439358e-01         0.9775
           1069              0.0000   1.435446e-01         0.9973
           1070              0.0000   1.395378e-01         0.9721
           1071              0.0000   1.380261e-01         0.9892
           1072              0.0000   1.366577e-01         0.9901
           1073              0.0000   1.337739e-01         0.9789
           1074              0.0000   1.297664e-01         0.9700
           1075              0.0000   1.286444e-01         0.9914
           1076              0.0000   1.281153e-01         0.9959
           1077              0.0000   1.260122e-01         0.9836
           1078              0.0000   1.242756e-01         0.9862
           1079              0.0000   1.248795e-01         1.0049
           1080              0.0000   1.249982e-01         1.0010
           1081              0.0000   1.236552e-01         0.9893
           1082              0.0000   1.212580e-01         0.9806
           1083              0.0000   1.178997e-01         0.9723
           1084              0.0000   1.169125e-01         0.9916
           1085              0.0000   1.134252e-01         0.9702
           1086              0.0000   1.125305e-01         0.9921
           1087              0.0000   1.096719e-01         0.9746
           1088              0.0000   1.059411e-01         0.9660
           1089              0.0000   1.036999e-01         0.9788
           1090              0.0000   1.022754e-01         0.9863
           1091              0.0000   1.010260e-01         0.9878
           1092              0.0000   9.893701e-02         0.9793
           1093              0.0000   9.677872e-02         0.9782
           1094              0.0000   9.457246e-02         0.9772
           1095              0.0000   9.256849e-02         0.9788
           1096              0.0000   9.228695e-02         0.9970
           1097              0.0000   8.895959e-02         0.9639
           1098              0.0000   8.898454e-02         1.0003
           1099              0.0000   8.619466e-02         0.9686
           1100              0.0000   8.412755e-02         0.9760
           1101              0.0000   8.266079e-02         0.9826
           1102              0.0000   8.141494e-02         0.9849
           1103              0.0000   7.976415e-02         0.9797
           1104              0.0000   7.835466e-02         0.9823
           1105              0.0000   7.806293e-02         0.9963
           1106              0.0000   7.586580e-02         0.9719
           1107              0.0000   7.404467e-02         0.9760
           1108              0.0000   7.092238e-02         0.9578
           1109              0.0000   6.940912e-02         0.9787
           1110              0.0000   6.808152e-02         0.9809
           1111              0.0000   6.710805e-02         0.9857
           1112              0.0000   6.634676e-02         0.9887
           1113              0.0000   6.490795e-02         0.9783
           1114              0.0000   6.369117e-02         0.9813
           1115              0.0000   6.272255e-02         0.9848
           1116              0.0000   6.229764e-02         0.9932
           1117              0.0000   6.058788e-02         0.9726
           1118              0.0000   6.013982e-02         0.9926
           1119              0.0000   5.875064e-02         0.9769
           1120              0.0000   5.926094e-02         1.0087
           1121              0.0000   5.839597e-02         0.9854
           1122              0.0000   5.723388e-02         0.9801
           1123              0.0000   5.620502e-02         0.9820
           1124              0.0000   5.593438e-02         0.9952
           1125              0.0000   5.424372e-02         0.9698
           1126              0.0000   5.384181e-02         0.9926
           1127              0.0000   5.282509e-02         0.9811
           1128              0.0000   5.207838e-02         0.9859
           1129              0.0000   5.105869e-02         0.9804
           1130              0.0000   5.040398e-02         0.9872
           1131              0.0000   5.001339e-02         0.9923
           1132              0.0000   4.959913e-02         0.9917
           1133              0.0000   4.851987e-02         0.9782
           1134              0.0000   4.779531e-02         0.9851
           1135              0.0000   4.790311e-02         1.0023
           1136              0.0000   4.776512e-02         0.9971
           1137              0.0000   4.722719e-02         0.9887
           1138              0.0000   4.727930e-02         1.0011
           1139              0.0000   4.742467e-02         1.0031
           1140              0.0000   4.678548e-02         0.9865
           1141              0.0000   4.641575e-02         0.9921
           1142              0.0000   4.565736e-02         0.9837
           1143              0.0000   4.607009e-02         1.0090
           1144              0.0000   4.479160e-02         0.9722
           1145              0.0000   4.463012e-02         0.9964
           1146              0.0000   4.492943e-02         1.0067
           1147              0.0000   4.489428e-02         0.9992
           1148              0.0000   4.536279e-02         1.0104
           1149              0.0000   4.472046e-02         0.9858
           1150              0.0000   4.516258e-02         1.0099
           1151              0.0000   4.587473e-02         1.0158
           1152              0.0000   4.602258e-02         1.0032
           1153              0.0000   4.615684e-02         1.0029
           1154              0.0000   4.620807e-02         1.0011
           1155              0.0000   4.660829e-02         1.0087
           1156              0.0000   4.744826e-02         1.0180
           1157              0.0000   4.790216e-02         1.0096
           1158              0.0000   4.789072e-02         0.9998
           1159              0.0000   4.808323e-02         1.0040
           1160              0.0000   4.869420e-02         1.0127
           1161              0.0000   4.949321e-02         1.0164
           1162              0.0000   5.005901e-02         1.0114
           1163              0.0000   5.008513e-02         1.0005
           1164              0.0000   4.932441e-02         0.9848
           1165              0.0000   4.908466e-02         0.9951
           1166              0.0000   4.926223e-02         1.0036
           1167              0.0000   4.966114e-02         1.0081
           1168              0.0000   4.918775e-02         0.9905
           1169              0.0000   4.961634e-02         1.0087
           1170              0.0000   4.990845e-02         1.0059
           1171              0.0000   5.012365e-02         1.0043
           1172              0.0000   5.067263e-02         1.0110
           1173              0.0000   4.956813e-02         0.9782
           1174              0.0000   5.003600e-02         1.0094
           1175              0.0000   5.023772e-02         1.0040
           1176              0.0000   5.039698e-02         1.0032
           1177              0.0000   5.036932e-02         0.9995
           1178              0.0000   5.051547e-02         1.0029
           1179              0.0000   5.083893e-02         1.0064
           1180              0.0000   5.031872e-02         0.9898
           1181              0.0000   5.004919e-02         0.9946
           1182              0.0000   4.993639e-02         0.9977
           1183              0.0000   4.930144e-02         0.9873
           1184              0.0000   4.891942e-02         0.9923
           1185              0.0000   4.811776e-02         0.9836
           1186              0.0000   4.763727e-02         0.9900
           1187              0.0000   4.754033e-02         0.9980
           1188              0.0000   4.747825e-02         0.9987
           1189              0.0000   4.609900e-02         0.9709
           1190              0.0000   4.590507e-02         0.9958
           1191              0.0000   4.614796e-02         1.0053
           1192              0.0000   4.603917e-02         0.9976
           1193              0.0000   4.520679e-02         0.9819
           1194              0.0000   4.560876e-02         1.0089
           1195              0.0000   4.584291e-02         1.0051
           1196              0.0000   4.528328e-02         0.9878
           1197              0.0000   4.561584e-02         1.0073
           1198              0.0000   4.541079e-02         0.9955
           1199              0.0000   4.527140e-02         0.9969
           1200              0.0000   4.495763e-02         0.9931
           1201              0.0000   4.471402e-02         0.9946
           1202              0.0000   4.408354e-02         0.9859
           1203              0.0000   4.367497e-02         0.9907
           1204              0.0000   4.310823e-02         0.9870
           1205              0.0000   4.271829e-02         0.9910
           1206              0.0000   4.217714e-02         0.9873
           1207              0.0000   4.214798e-02         0.9993
           1208              0.0000   4.187797e-02         0.9936
           1209              0.0000   4.114031e-02         0.9824
           1210              0.0000   4.047306e-02         0.9838
           1211              0.0000   4.064861e-02         1.0043
           1212              0.0000   4.042696e-02         0.9945
           1213              0.0000   4.069575e-02         1.0066
           1214              0.0000   4.081995e-02         1.0031
           1215              0.0000   4.045576e-02         0.9911
           1216              0.0000   4.075757e-02         1.0075
           1217              0.0000   4.033887e-02         0.9897
           1218              0.0000   3.970924e-02         0.9844
           1219              0.0000   3.895490e-02         0.9810
           1220              0.0000   3.896181e-02         1.0002
           1221              0.0000   3.840302e-02         0.9857
           1222              0.0000   3.813365e-02         0.9930
           1223              0.0000   3.803891e-02         0.9975
           1224              0.0000   3.772310e-02         0.9917
           1225              0.0000   3.704889e-02         0.9821
           1226              0.0000   3.653606e-02         0.9862
           1227              0.0000   3.601085e-02         0.9856
           1228              0.0000   3.523319e-02         0.9784
           1229              0.0000   3.510240e-02         0.9963
           1230              0.0000   3.425554e-02         0.9759
           1231              0.0000   3.375625e-02         0.9854
           1232              0.0000   3.296746e-02         0.9766
           1233              0.0000   3.225522e-02         0.9784
           1234              0.0000   3.192188e-02         0.9897
           1235              0.0000   3.162501e-02         0.9907
           1236              0.0000   3.116889e-02         0.9856
           1237              0.0000   3.094920e-02         0.9930
           1238              0.0000   3.062742e-02         0.9896
           1239              0.0000   3.077344e-02         1.0048
           1240              0.0000   3.054117e-02         0.9925
           1241              0.0000   3.037499e-02         0.9946
           1242              0.0000   3.028200e-02         0.9969
           1243              0.0000   3.046366e-02         1.0060
           1244              0.0000   2.958731e-02         0.9712
           1245              0.0000   2.960318e-02         1.0005
           1246              0.0000   2.961607e-02         1.0004
           1247              0.0000   2.905444e-02         0.9810
           1248              0.0000   2.905601e-02         1.0001
           1249              0.0000   2.867320e-02         0.9868
           1250              0.0000   2.825134e-02         0.9853
           1251              0.0000   2.781617e-02         0.9846
           1252              0.0000   2.739417e-02         0.9848
           1253              0.0000   2.696182e-02         0.9842
           1254              0.0000   2.679223e-02         0.9937
           1255              0.0000   2.634352e-02         0.9833
           1256              0.0000   2.590732e-02         0.9834
           1257              0.0000   2.563512e-02         0.9895
           1258              0.0000   2.496559e-02         0.9739
           1259              0.0000   2.447944e-02         0.9805
           1260              0.0000   2.407075e-02         0.9833
           1261              0.0000   2.358083e-02         0.9796
           1262              0.0000   2.292727e-02         0.9723
           1263              0.0000   2.236360e-02         0.9754
           1264              0.0000   2.191921e-02         0.9801
           1265              0.0000   2.144330e-02         0.9783
           1266              0.0000   2.092149e-02         0.9757
           1267              0.0000   2.045985e-02         0.9779
           1268              0.0000   2.007091e-02         0.9810
           1269              0.0000   1.965897e-02         0.9795
           1270              0.0000   1.907967e-02         0.9705
           1271              0.0000   1.866134e-02         0.9781
           1272              0.0000   1.821643e-02         0.9762
           1273              0.0000   1.773459e-02         0.9735
           1274              0.0000   1.759087e-02         0.9919
           1275              0.0000   1.712635e-02         0.9736
           1276              0.0000   1.713375e-02         1.0004
           1277              0.0000   1.683686e-02         0.9827
           1278              0.0000   1.632025e-02         0.9693
           1279              0.0000   1.582707e-02         0.9698
           1280              0.0000   1.568055e-02         0.9907
           1281              0.0000   1.545008e-02         0.9853
           1282              0.0000   1.507682e-02         0.9758
           1283              0.0000   1.494682e-02         0.9914
           1284              0.0000   1.483442e-02         0.9925
           1285              0.0000   1.474851e-02         0.9942
           1286              0.0000   1.485170e-02         1.0070
           1287              0.0000   1.478016e-02         0.9952
           1288              0.0000   1.498156e-02         1.0136
           1289              0.0000   1.499949e-02         1.0012
           1290              0.0000   1.525808e-02         1.0172
           1291              0.0000   1.539083e-02         1.0087
           1292              0.0000   1.527821e-02         0.9927
           1293              0.0000   1.541169e-02         1.0087
           1294              0.0000   1.561809e-02         1.0134
           1295              0.0000   1.569554e-02         1.0050
           1296              0.0000   1.578724e-02         1.0058
           1297              0.0000   1.590793e-02         1.0076
           1298              0.0000   1.617541e-02         1.0168
           1299              0.0000   1.616757e-02         0.9995
           1300              0.0000   1.598463e-02         0.9887
           1301              0.0000   1.622909e-02         1.0153
           1302              0.0000   1.616817e-02         0.9962
           1303              0.0000   1.644910e-02         1.0174
           1304              0.0000   1.669565e-02         1.0150
           1305              0.0000   1.685625e-02         1.0096
           1306              0.0000   1.745395e-02         1.0355
           1307              0.0000   1.781896e-02         1.0209
           1308              0.0000   1.829049e-02         1.0265
           1309              0.0000   1.894265e-02         1.0357
           1310              0.0000   1.965248e-02         1.0375
           1311              0.0000   2.015224e-02         1.0254
           1312              0.0000   2.101510e-02         1.0428
           1313              0.0000   2.149650e-02         1.0229
           1314              0.0000   2.155731e-02         1.0028
           1315              0.0000   2.216826e-02         1.0283
           1316              0.0000   2.286511e-02         1.0314
           1317              0.0000   2.329790e-02         1.0189
           1318              0.0000   2.364375e-02         1.0148
           1319              0.0000   2.435334e-02         1.0300
           1320              0.0000   2.467611e-02         1.0133
           1321              0.0000   2.524963e-02         1.0232
           1322              0.0000   2.603370e-02         1.0311
           1323              0.0000   2.653729e-02         1.0193
           1324              0.0000   2.692463e-02         1.0146
           1325              0.0000   2.734899e-02         1.0158
           1326              0.0000   2.777944e-02         1.0157
           1327              0.0000   2.774887e-02         0.9989
           1328              0.0000   2.837224e-02         1.0225
           1329              0.0000   2.867789e-02         1.0108
           1330              0.0000   2.916549e-02         1.0170
           1331              0.0000   2.958165e-02         1.0143
           1332              0.0000   3.006035e-02         1.0162
           1333              0.0000   3.091092e-02         1.0283
           1334              0.0000   3.150911e-02         1.0194
           1335              0.0000   3.202219e-02         1.0163
           1336              0.0000   3.187192e-02         0.9953
           1337              0.0000   3.208736e-02         1.0068
           1338              0.0000   3.246124e-02         1.0117
           1339              0.0000   3.289454e-02         1.0133
           1340              0.0000   3.323861e-02         1.0105
           1341              0.0000   3.410733e-02         1.0261
           1342              0.0000   3.524289e-02         1.0333
           1343              0.0000   3.572121e-02         1.0136
           1344              0.0000   3.636634e-02         1.0181
           1345              0.0000   3.739909e-02         1.0284
           1346              0.0000   3.856667e-02         1.0312
           1347              0.0000   3.992687e-02         1.0353
           1348              0.0000   4.043183e-02         1.0126
           1349              0.0000   4.157059e-02         1.0282
           1350              0.0000   4.264216e-02         1.0258
           1351              0.0000   4.480658e-02         1.0508
           1352              0.0000   4.563569e-02         1.0185
           1353              0.0000   4.703467e-02         1.0307
           1354              0.0000   4.865843e-02         1.0345
           1355              0.0000   5.001760e-02         1.0279
           1356              0.0000   5.186272e-02         1.0369
           1357              0.0000   5.346346e-02         1.0309
           1358              0.0000   5.479083e-02         1.0248
           1359              0.0000   5.761697e-02         1.0516
           1360              0.0000   5.823626e-02         1.0107
           1361              0.0000   5.991034e-02         1.0287
           1362              0.0000   6.121932e-02         1.0218
           1363              0.0000   6.269553e-02         1.0241
           1364              0.0000   6.378558e-02         1.0174
           1365              0.0000   6.531719e-02         1.0240
           1366              0.0000   6.588540e-02         1.0087
           1367              0.0000   6.680081e-02         1.0139
           1368              0.0000   6.858429e-02         1.0267
           1369              0.0000   6.838721e-02         0.9971
           1370              0.0000   7.029258e-02         1.0279
           1371              0.0000   7.124926e-02         1.0136
           1372              0.0000   7.242411e-02         1.0165
           1373              0.0000   7.404627e-02         1.0224
           1374              0.0000   7.631757e-02         1.0307
           1375              0.0000   7.788492e-02         1.0205
           1376              0.0000   7.936556e-02         1.0190
           1377              0.0000   8.098586e-02         1.0204
           1378              0.0000   8.298621e-02         1.0247
           1379              0.0000   8.539030e-02         1.0290
           1380              0.0000   8.655739e-02         1.0137
           1381              0.0000   8.875888e-02         1.0254
           1382              0.0000   9.074882e-02         1.0224
           1383              0.0000   9.324050e-02         1.0275
           1384              0.0000   9.486472e-02         1.0174
           1385              0.0000   9.684829e-02         1.0209
           1386              0.0000   9.892962e-02         1.0215
           1387              0.0000   1.019286e-01         1.0303
           1388              0.0000   1.048141e-01         1.0283
           1389              0.0000   1.057308e-01         1.0087
           1390              0.0000   1.057769e-01         1.0004
           1391              0.0000   1.054780e-01         0.9972
           1392              0.0000   1.057889e-01         1.0029
           1393              0.0000   1.069888e-01         1.0113
           1394              0.0000   1.067289e-01         0.9976
           1395              0.0000   1.084787e-01         1.0164
           1396              0.0000   1.090922e-01         1.0057
           1397              0.0000   1.102768e-01         1.0109
           1398              0.0000   1.106834e-01         1.0037
           1399              0.0000   1.106352e-01         0.9996
           1400              0.0000   1.101876e-01         0.9960
           1401              0.0000   1.106678e-01         1.0044
           1402              0.0000   1.109283e-01         1.0024
           1403              0.0000   1.095702e-01         0.9878
           1404              0.0000   1.095272e-01         0.9996
           1405              0.0000   1.084437e-01         0.9901
           1406              0.0000   1.088334e-01         1.0036
           1407              0.0000   1.085355e-01         0.9973
           1408              0.0000   1.097066e-01         1.0108
           1409              0.0000   1.098892e-01         1.0017
           1410              0.0000   1.088602e-01         0.9906
           1411              0.0000   1.099194e-01         1.0097
           1412              0.0000   1.095823e-01         0.9969
           1413              0.0000   1.096546e-01         1.0007
           1414              0.0000   1.090784e-01         0.9947
           1415              0.0000   1.095287e-01         1.0041
           1416              0.0000   1.090875e-01         0.9960
           1417              0.0000   1.087810e-01         0.9972
           1418              0.0000   1.075017e-01         0.9882
           1419              0.0000   1.064742e-01         0.9904
           1420              0.0000   1.049602e-01         0.9858
           1421              0.0000   1.019494e-01         0.9713
           1422              0.0000   9.862597e-02         0.9674
           1423              0.0000   9.678793e-02         0.9814
           1424              0.0000   9.416029e-02         0.9729
           1425              0.0000   9.071124e-02         0.9634
           1426              0.0000   8.873829e-02         0.9783
           1427              0.0000   8.602652e-02         0.9694
           1428              0.0000   8.383616e-02         0.9745
           1429              0.0000   8.161073e-02         0.9735
           1430              0.0000   7.939763e-02         0.9729
           1431              0.0000   7.681287e-02         0.9674
           1432              0.0000   7.419074e-02         0.9659
           1433              0.0000   7.202741e-02         0.9708
           1434              0.0000   7.085689e-02         0.9837
           1435              0.0000   6.887044e-02         0.9720
           1436              0.0000   6.605895e-02         0.9592
           1437              0.0000   6.348491e-02         0.9610
           1438              0.0000   6.102537e-02         0.9613
           1439              0.0000   5.821896e-02         0.9540
           1440              0.0000   5.583040e-02         0.9590
           1441              0.0000   5.328468e-02         0.9544
           1442              0.0000   5.139233e-02         0.9645
           1443              0.0000   4.938801e-02         0.9610
           1444              0.0000   4.815658e-02         0.9751
           1445              0.0000   4.665953e-02         0.9689
           1446              0.0000   4.546676e-02         0.9744
           1447              0.0000   4.385155e-02         0.9645
           1448              0.0000   4.206897e-02         0.9593
           1449              0.0000   4.051398e-02         0.9630
           1450              0.0000   3.922407e-02         0.9682
           1451              0.0000   3.803745e-02         0.9697
           1452              0.0000   3.702143e-02         0.9733
           1453              0.0000   3.623806e-02         0.9788
           1454              0.0000   3.556554e-02         0.9814
           1455              0.0000   3.484301e-02         0.9797
           1456              0.0000   3.443146e-02         0.9882
           1457              0.0000   3.391457e-02         0.9850
           1458              0.0000   3.350670e-02         0.9880
           1459              0.0000   3.312607e-02         0.9886
           1460              0.0000   3.263109e-02         0.9851
           1461              0.0000   3.226601e-02         0.9888
           1462              0.0000   3.173015e-02         0.9834
           1463              0.0000   3.133773e-02         0.9876
           1464              0.0000   3.093103e-02         0.9870
           1465              0.0000   3.084219e-02         0.9971
           1466              0.0000   3.071669e-02         0.9959
           1467              0.0000   3.104960e-02         1.0108
           1468              0.0000   3.082611e-02         0.9928
           1469              0.0000   3.084332e-02         1.0006
           1470              0.0000   3.099306e-02         1.0049
           1471              0.0000   3.078890e-02         0.9934
           1472              0.0000   3.108572e-02         1.0096
           1473              0.0000   3.087831e-02         0.9933
           1474              0.0000   3.108630e-02         1.0067
           1475              0.0000   3.152148e-02         1.0140
           1476              0.0000   3.147563e-02         0.9985
           1477              0.0000   3.145712e-02         0.9994
           1478              0.0000   3.181017e-02         1.0112
           1479              0.0000   3.175720e-02         0.9983
           1480              0.0000   3.159252e-02         0.9948
           1481              0.0000   3.126844e-02         0.9897
           1482              0.0000   3.065884e-02         0.9805
           1483              0.0000   3.026606e-02         0.9872
           1484              0.0000   3.000430e-02         0.9914
           1485              0.0000   2.873802e-02         0.9578
           1486              0.0000   2.878709e-02         1.0017
           1487              0.0000   2.798777e-02         0.9722
           1488              0.0000   2.787704e-02         0.9960
           1489              0.0000   2.739014e-02         0.9825
           1490              0.0000   2.697780e-02         0.9849
           1491              0.0000   2.671015e-02         0.9901
           1492              0.0000   2.637711e-02         0.9875
           1493              0.0000   2.586415e-02         0.9806
           1494              0.0000   2.541348e-02         0.9826
           1495              0.0000   2.506479e-02         0.9863
           1496              0.0000   2.439040e-02         0.9731
           1497              0.0000   2.389055e-02         0.9795
           1498              0.0000   2.341317e-02         0.9800
           1499              0.0000   2.309300e-02         0.9863
           1500              0.0000   2.205474e-02         0.9550
           1501              0.0000   2.123280e-02         0.9627
           1502              0.0000   2.043922e-02         0.9626
           1503              0.0000   1.963095e-02         0.9605
           1504              0.0000   1.897333e-02         0.9665
           1505              0.0000   1.852635e-02         0.9764
           1506              0.0000   1.789333e-02         0.9658
           1507              0.0000   1.739631e-02         0.9722
           1508              0.0000   1.695682e-02         0.9747
           1509              0.0000   1.645286e-02         0.9703
           1510              0.0000   1.591251e-02         0.9672
           1511              0.0000   1.548287e-02         0.9730
           1512              0.0000   1.510447e-02         0.9756
           1513              0.0000   1.451056e-02         0.9607
           1514              0.0000   1.401186e-02         0.9656
           1515              0.0000   1.354671e-02         0.9668
           1516              0.0000   1.322410e-02         0.9762
           1517              0.0000   1.279117e-02         0.9673
           1518              0.0000   1.245939e-02         0.9741
           1519              0.0000   1.208712e-02         0.9701
           1520              0.0000   1.171904e-02         0.9695
           1521              0.0000   1.136289e-02         0.9696
           1522              0.0000   1.100986e-02         0.9689
           1523              0.0000   1.068059e-02         0.9701
           1524              0.0000   1.045152e-02         0.9786
           1525              0.0000   1.012310e-02         0.9686
           1526              0.0000   9.876776e-03         0.9757
           1527              0.0000   9.646438e-03         0.9767
           1528              0.0000   9.412819e-03         0.9758
           1529              0.0000   9.023172e-03         0.9586
           1530              0.0000   8.660086e-03         0.9598
           1531              0.0000   8.428214e-03         0.9732
           1532              0.0000   8.116927e-03         0.9631
           1533              0.0000   7.808972e-03         0.9621
           1534              0.0000   7.613434e-03         0.9750
           1535              0.0000   7.423531e-03         0.9751
           1536              0.0000   7.112699e-03         0.9581
           1537              0.0000   6.797924e-03         0.9557
           1538              0.0000   6.545775e-03         0.9629
           1539              0.0000   6.250395e-03         0.9549
           1540              0.0000   6.033727e-03         0.9653
           1541              0.0000   5.815973e-03         0.9639
           1542              0.0000   5.530301e-03         0.9509
           1543              0.0000   5.328509e-03         0.9635
           1544              0.0000   5.140472e-03         0.9647
           1545              0.0000   4.942210e-03         0.9614
           1546              0.0000   4.839294e-03         0.9792
           1547              0.0000   4.613969e-03         0.9534
           1548              0.0000   4.455817e-03         0.9657
           1549              0.0000   4.347160e-03         0.9756
           1550              0.0000   4.211652e-03         0.9688
           1551              0.0000   4.079264e-03         0.9686
           1552              0.0000   3.921187e-03         0.9612
           1553              0.0000   3.806220e-03         0.9707
           1554              0.0000   3.662709e-03         0.9623
           1555              0.0000   3.522719e-03         0.9618
           1556              0.0000   3.438836e-03         0.9762
           1557              0.0000   3.358225e-03         0.9766
           1558              0.0000   3.275904e-03         0.9755
           1559              0.0000   3.079657e-03         0.9401
           1560              0.0000   2.990353e-03         0.9710
           1561              0.0000   2.851447e-03         0.9535
           1562              0.0000   2.738597e-03         0.9604
           1563              0.0000   2.651645e-03         0.9682
           1564              0.0000   2.545005e-03         0.9598
           1565              0.0000   2.492627e-03         0.9794
           1566              0.0000   2.417835e-03         0.9700
           1567              0.0000   2.345149e-03         0.9699
           1568              0.0000   2.247117e-03         0.9582
           1569              0.0000   2.185943e-03         0.9728
           1570              0.0000   2.113463e-03         0.9668
           1571              0.0000   2.032740e-03         0.9618
           1572              0.0000   1.955675e-03         0.9621
           1573              0.0000   1.903968e-03         0.9736
           1574              0.0000   1.827796e-03         0.9600
           1575              0.0000   1.741983e-03         0.9531
           1576              0.0000   1.667822e-03         0.9574
           1577              0.0000   1.605760e-03         0.9628
           1578              0.0000   1.530693e-03         0.9533
           1579              0.0000   1.455476e-03         0.9509
           1580              0.0000   1.386457e-03         0.9526
           1581              0.0000   1.321712e-03         0.9533
           1582              0.0000   1.257385e-03         0.9513
           1583              0.0000   1.201724e-03         0.9557
           1584              0.0000   1.137683e-03         0.9467
           1585              0.0000   1.095204e-03         0.9627
           1586              0.0000   1.057369e-03         0.9655
           1587              0.0000   1.014735e-03         0.9597
           1588              0.0000   9.805787e-04         0.9663
           1589              0.0000   9.497040e-04         0.9685
           1590              0.0000   9.089886e-04         0.9571
           1591              0.0000   8.756530e-04         0.9633
           1592              0.0000   8.404398e-04         0.9598
           1593              0.0000   8.064348e-04         0.9595
           1594              0.0000   7.650591e-04         0.9487
           1595              0.0000   7.347853e-04         0.9604
           1596              0.0000   6.983551e-04         0.9504
           1597              0.0000   6.605208e-04         0.9458
           1598              0.0000   6.350128e-04         0.9614
           1599              0.0000   5.946481e-04         0.9364
           1600              0.0000   5.732237e-04         0.9640
           1601              0.0000   5.475824e-04         0.9553
           1602              0.0000   5.289641e-04         0.9660
           1603              0.0000   5.011130e-04         0.9473
           1604              0.0000   4.831739e-04         0.9642
           1605              0.0000   4.639786e-04         0.9603
           1606              0.0000   4.369153e-04         0.9417
           1607              0.0000   4.177760e-04         0.9562
           1608              0.0000   4.017593e-04         0.9617
           1609              0.0000   3.814396e-04         0.9494
           1610              0.0000   3.698706e-04         0.9697
           1611              0.0000   3.550525e-04         0.9599
           1612              0.0000   3.419342e-04         0.9631
           1613              0.0000   3.272860e-04         0.9572
           1614              0.0000   3.092244e-04         0.9448
           1615              0.0000   2.946566e-04         0.9529
           1616              0.0000   2.831664e-04         0.9610
           1617              0.0000   2.733113e-04         0.9652
           1618              0.0000   2.624419e-04         0.9602
           1619              0.0000   2.553770e-04         0.9731
           1620              0.0000   2.473142e-04         0.9684
           1621              0.0000   2.380535e-04         0.9626
           1622              0.0000   2.306817e-04         0.9690
           1623              0.0000   2.227095e-04         0.9654
           1624              0.0000   2.134835e-04         0.9586
           1625              0.0000   2.042432e-04         0.9567
           1626              0.0000   1.985112e-04         0.9719
           1627              0.0000   1.913731e-04         0.9640
           1628              0.0000   1.836258e-04         0.9595
           1629              0.0000   1.770286e-04         0.9641
           1630              0.0000   1.716632e-04         0.9697
           1631              0.0000   1.668560e-04         0.9720
           1632              0.0000   1.611937e-04         0.9661
           1633              0.0000   1.556297e-04         0.9655
           1634              0.0000   1.506370e-04         0.9679
           1635              0.0000   1.478891e-04         0.9818
           1636              0.0000   1.428982e-04         0.9663
           1637              0.0000   1.386503e-04         0.9703
           1638              0.0000   1.350995e-04         0.9744
           1639              0.0000   1.294711e-04         0.9583
           1640              0.0000   1.248237e-04         0.9641
           1641              0.0000   1.207752e-04         0.9676
           1642              0.0000   1.159194e-04         0.9598
           1643              0.0000   1.123873e-04         0.9695
           1644              0.0000   1.080422e-04         0.9613
           1645              0.0000   1.041336e-04         0.9638
           1646              0.0000   9.903251e-05         0.9510
           1647              0.0000   9.510218e-05         0.9603
           1648              0.0000   9.077892e-05         0.9545
           1649              0.0000   8.688452e-05         0.9571
           1650              0.0000   8.339688e-05         0.9599
           1651              0.0000   7.949135e-05         0.9532
           1652              0.0000   7.708540e-05         0.9697
           1653              0.0000   7.338326e-05         0.9520
           1654              0.0000   7.002258e-05         0.9542
           1655              0.0000   6.779291e-05         0.9682
           1656              0.0000   6.434594e-05         0.9492
           1657              0.0000   6.164987e-05         0.9581
           1658              0.0000   5.857836e-05         0.9502
           1659              0.0000   5.602351e-05         0.9564
           1660              0.0000   5.333287e-05         0.9520
           1661              0.0000   5.102868e-05         0.9568
           1662              0.0000   4.898832e-05         0.9600
           1663              0.0000   4.658398e-05         0.9509
           1664              0.0000   4.503129e-05         0.9667
           1665              0.0000   4.339200e-05         0.9636
           1666              0.0000   4.140775e-05         0.9543
           1667              0.0000   3.906250e-05         0.9434
           1668              0.0000   3.738226e-05         0.9570
           1669              0.0000   3.563294e-05         0.9532
           1670              0.0000   3.366906e-05         0.9449
           1671              0.0000   3.203291e-05         0.9514
           1672              0.0000   3.057518e-05         0.9545
           1673              0.0000   2.912472e-05         0.9526
           1674              0.0000   2.761472e-05         0.9482
           1675              0.0000   2.641710e-05         0.9566
           1676              0.0000   2.508428e-05         0.9495
           1677              0.0000   2.392975e-05         0.9540
           1678              0.0000   2.271015e-05         0.9490
           1679              0.0000   2.171837e-05         0.9563
           1680              0.0000   2.053615e-05         0.9456
           1681              0.0000   1.975681e-05         0.9621
           1682              0.0000   1.871745e-05         0.9474
           1683              0.0000   1.801046e-05         0.9622
           1684              0.0000   1.705488e-05         0.9469
           1685              0.0000   1.617762e-05         0.9486
           1686              0.0000   1.546948e-05         0.9562
           1687              0.0000   1.470779e-05         0.9508
           1688              0.0000   1.396838e-05         0.9497
           1689              0.0000   1.325075e-05         0.9486
           1690              0.0000   1.250689e-05         0.9439
           1691              0.0000   1.186576e-05         0.9487
           1692              0.0000   1.132858e-05         0.9547
           1693              0.0000   1.089729e-05         0.9619
           1694              0.0000   1.041690e-05         0.9559
           1695              0.0000   9.917359e-06         0.9520
           1696              0.0000   9.486236e-06         0.9565
           1697              0.0000   9.158063e-06         0.9654
           1698              0.0000   8.768854e-06         0.9575
           1699              0.0000   8.388647e-06         0.9566
           1700              0.0000   7.979577e-06         0.9512
           1701              0.0000   7.665281e-06         0.9606
           1702              0.0000   7.370293e-06         0.9615
           1703              0.0000   7.094661e-06         0.9626
           1704              0.0000   6.741293e-06         0.9502
           1705              0.0000   6.491164e-06         0.9629
           1706              0.0000   6.220939e-06         0.9584
           1707              0.0000   5.951740e-06         0.9567
           1708              0.0000   5.665477e-06         0.9519
           1709              0.0000   5.339610e-06         0.9425
           1710              0.0000   5.083778e-06         0.9521
           1711              0.0000   4.803469e-06         0.9449
           1712              0.0000   4.562597e-06         0.9499
           1713              0.0000   4.310685e-06         0.9448
           1714              0.0000   4.109234e-06         0.9533
           1715              0.0000   3.909718e-06         0.9514
           1716              0.0000   3.678850e-06         0.9410
           1717              0.0000   3.502711e-06         0.9521
           1718              0.0000   3.329799e-06         0.9506
           1719              0.0000   3.161098e-06         0.9493
           1720              0.0000   3.024244e-06         0.9567
           1721              0.0000   2.834369e-06         0.9372
           1722              0.0000   2.704898e-06         0.9543
           1723              0.0000   2.597572e-06         0.9603
           1724              0.0000   2.496718e-06         0.9612
           1725              0.0000   2.358165e-06         0.9445
           1726              0.0000   2.290864e-06         0.9715
           1727              0.0000   2.221200e-06         0.9696
           1728              0.0000   2.134881e-06         0.9611
           1729              0.0000   2.017137e-06         0.9448
           1730              0.0000   1.918969e-06         0.9513
           1731              0.0000   1.812723e-06         0.9446
           1732              0.0000   1.735619e-06         0.9575
           1733              0.0000   1.653199e-06         0.9525
           1734              0.0000   1.565713e-06         0.9471
           1735              0.0000   1.506030e-06         0.9619
           1736              0.0000   1.447453e-06         0.9611
           1737              0.0000   1.377960e-06         0.9520
           1738              0.0000   1.340572e-06         0.9729
           1739              0.0000   1.270492e-06         0.9477
           1740              0.0000   1.239329e-06         0.9755
           1741              0.0000   1.191307e-06         0.9613
           1742              0.0000   1.154148e-06         0.9688
           1743              0.0000   1.114905e-06         0.9660
           1744              0.0000   1.072228e-06         0.9617
           1745              0.0000   1.029002e-06         0.9597
           1746              0.0000   9.882900e-07         0.9604
           1747              0.0000   9.542451e-07         0.9656
           1748              0.0000   9.142276e-07         0.9581
           1749              0.0000   8.724220e-07         0.9543
           1750              0.0000   8.337914e-07         0.9557
           1751              0.0000   8.089369e-07         0.9702
           1752              0.0000   7.779161e-07         0.9617
           1753              0.0000   7.492714e-07         0.9632
           1754              0.0000   7.275428e-07         0.9710
           1755              0.0000   7.020103e-07         0.9649
           1756              0.0000   6.714226e-07         0.9564
           1757              0.0000   6.469509e-07         0.9636
           1758              0.0000   6.320327e-07         0.9769
           1759              0.0000   6.115492e-07         0.9676
           1760              0.0000   5.932002e-07         0.9700
           1761              0.0000   5.738028e-07         0.9673
           1762              0.0000   5.552150e-07         0.9676
           1763              0.0000   5.333048e-07         0.9605
           1764              0.0000   5.160500e-07         0.9676
           1765              0.0000   4.984510e-07         0.9659
           1766              0.0000   4.870422e-07         0.9771
           1767              0.0000   4.663872e-07         0.9576
           1768              0.0000   4.526151e-07         0.9705
           1769              0.0000   4.358433e-07         0.9629
           1770              0.0000   4.209567e-07         0.9658
           1771              0.0000   4.066892e-07         0.9661
           1772              0.0000   3.942489e-07         0.9694
           1773              0.0000   3.800777e-07         0.9641
           1774              0.0000   3.662838e-07         0.9637
           1775              0.0000   3.539028e-07         0.9662
           1776              0.0000   3.419469e-07         0.9662
           1777              0.0000   3.256687e-07         0.9524
           1778              0.0000   3.123313e-07         0.9590
           1779              0.0000   3.017076e-07         0.9660
           1780              0.0000   2.907402e-07         0.9636
           1781              0.0000   2.795429e-07         0.9615
           1782              0.0000   2.696031e-07         0.9644
           1783              0.0000   2.604209e-07         0.9659
           1784              0.0000   2.490493e-07         0.9563
           1785              0.0000   2.362159e-07         0.9485
           1786              0.0000   2.255959e-07         0.9550
           1787              0.0000   2.181079e-07         0.9668
           1788              0.0000   2.097952e-07         0.9619
           1789              0.0000   2.013423e-07         0.9597
           1790              0.0000   1.947133e-07         0.9671
           1791              0.0000   1.868641e-07         0.9597
           1792              0.0000   1.825040e-07         0.9767
           1793              0.0000   1.747587e-07         0.9576
           1794              0.0000   1.692889e-07         0.9687
           1795              0.0000   1.628484e-07         0.9620
           1796              0.0000   1.569949e-07         0.9641
           1797              0.0000   1.485690e-07         0.9463
           1798              0.0000   1.433864e-07         0.9651
           1799              0.0000   1.364275e-07         0.9515
           1800              0.0000   1.299534e-07         0.9525
           1801              0.0000   1.243142e-07         0.9566
           1802              0.0000   1.177932e-07         0.9475
           1803              0.0000   1.115744e-07         0.9472
           1804              0.0000   1.063405e-07         0.9531
           1805              0.0000   1.004347e-07         0.9445
           1806              0.0000   9.677235e-08         0.9635
           1807              0.0000   9.243758e-08         0.9552
           1808              0.0000   8.845718e-08         0.9569
           1809              0.0000   8.524016e-08         0.9636
           1810              0.0000   8.081872e-08         0.9481
           1811              0.0000   7.797342e-08         0.9648
           1812              0.0000   7.424403e-08         0.9522
           1813              0.0000   7.104804e-08         0.9570
           1814              0.0000   6.727731e-08         0.9469
           1815              0.0000   6.466370e-08         0.9612
           1816              0.0000   6.183134e-08         0.9562
           1817              0.0000   5.882203e-08         0.9513
           1818              0.0000   5.579161e-08         0.9485
           1819              0.0000   5.303938e-08         0.9507
           1820              0.0000   5.076679e-08         0.9572
           1821              0.0000   4.831691e-08         0.9517
           1822              0.0000   4.632849e-08         0.9588
           1823              0.0000   4.438976e-08         0.9582
           1824              0.0000   4.241698e-08         0.9556
           1825              0.0000   4.021365e-08         0.9481
           1826              0.0000   3.854295e-08         0.9585
           1827              0.0000   3.702749e-08         0.9607
           1828              0.0000   3.513664e-08         0.9489
           1829              0.0000   3.351754e-08         0.9539
           1830              0.0000   3.202806e-08         0.9556
           1831              0.0000   3.050461e-08         0.9524
           1832              0.0000   2.930206e-08         0.9606
           1833              0.0000   2.802308e-08         0.9564
           1834              0.0000   2.711196e-08         0.9675
           1835              0.0000   2.587934e-08         0.9545
           1836              0.0000   2.509928e-08         0.9699
           1837              0.0000   2.374476e-08         0.9460
           1838              0.0000   2.249852e-08         0.9475
           1839              0.0000   2.140404e-08         0.9514
           1840              0.0000   2.034556e-08         0.9505
           1841              0.0000   1.936949e-08         0.9520
           1842              0.0000   1.839584e-08         0.9497
           1843              0.0000   1.752151e-08         0.9525
           1844              0.0000   1.676641e-08         0.9569
           1845              0.0000   1.601632e-08         0.9553
           1846              0.0000   1.516627e-08         0.9469
           1847              0.0000   1.447923e-08         0.9547
           1848              0.0000   1.358538e-08         0.9383
           1849              0.0000   1.301275e-08         0.9578
           1850              0.0000   1.240870e-08         0.9536
           1851              0.0000   1.181744e-08         0.9524
           1852              0.0000   1.130650e-08         0.9568
           1853              0.0000   1.080853e-08         0.9560
           1854              0.0000   1.018355e-08         0.9422
           1855              0.0000   9.703756e-09         0.9529
         --------------------------------------------------------------
         Total Iterations: 1856
         Avg Convergence Rate: 		         0.9901
         Final Residual: 		   9.703756e-09
         Total Reduction in Residual: 	   9.703756e-09
         Maximum Memory Usage: 		          0.000 GB
         --------------------------------------------------------------
Total Time: 1.47716
    setup: 0.000659456 s
    solve: 1.47651 s
    solve(per iteration): 0.000795531 s
BackScaleLinearSystem: Scaling back to original scale
ComputeNorm: Computing norm of solution
ComputeChange: NS (ITER=1) (NRM,RELC): ( 0.23398559E-01  2.0000000     ) :: linelast
SolveSystem: System solved
SolveSystem: Linear system time (CPU,REAL) for displacement:     2.55    3.32 (s)
SolveSystem: Finished solving the system
DefaultFinish: Finished solver: linelast
StressSolver: All done
StressSolver: ------------------------------------------
SolverActivate: Solver time (CPU,REAL) for linelast:    19.28   20.19 (s)
ComputeNorm: Computing norm of solution
ComputeChange: SS (ITER=1) (NRM,RELC): ( 0.23398559E-01  2.0000000     ) :: linelast
SetActiveElementsTable: Creating active element table for: savescalars
SetActiveElementsTable: No active elements found
SingleSolver: Attempting to call solver: 2
SingleSolver: Solver Equation string is: savescalars
SaveScalars: -----------------------------------------
SaveScalars: Saving scalar values of various kinds
SolverOutputDirectory: Creating directory: results_amgx
SaveScalars: Treating variable: displacement
SaveScalars: Treating operator: dofs
SaveScalars: Treating variable: displacement
SaveScalars: Treating operator: elements
SaveScalars: Treating variable: displacement
SaveScalars: Treating operator: partitions
SaveScalars: Treating variable: displacement
SaveScalars: Treating operator: norm
SaveScalars: Treating variable: displacement
SaveScalars: Treating operator: cpu time
SaveScalars: Performed 5 reduction operations
SaveScalars: Adding information on simulation timing
SaveScalars: Found 4 result scalars in simulation section
SaveScalars: Found 12 values to save in total
SaveScalars: Saving names of values to file: results_amgx/f1.dat.names
SaveScalars: Data is appended to existing file
SaveScalars: Saving values to file: results_amgx/f1.dat
SaveScalars: -----------------------------------------
SolveEquations: Solvers after timestep
SetActiveElementsTable: Creating active element table for: internalvtuoutputsolver
SetActiveElementsTable: No active elements found
SingleSolver: Attempting to call solver: 0
SingleSolver: Solver Equation string is: internalvtuoutputsolver
ResultOutputSolver: -------------------------------------
ResultOutputSolver: Saving with prefix: case
ResultOutputSolver: Number of output meshes: 1
ResultOutputSolver: Dimension of mesh is: 3
ResultOutputSolver: Working on mesh 1: winkel with 270641 nodes
ResultOutputSolver: Creating list for saving - if not present
CreateListForSaving: Field Variables for Saving
CreateListForSaving: Vector Field 1: displacement
ResultOutputSolver: Saving in unstructured VTK XML (.vtu) format
VtuOutputSolver: Saving results in VTK XML format with prefix: case
VtuOutputSolver: Saving number of partitions: 1
SolverOutputDirectory: Creating directory: results_amgx
VtuOutputSolver: Full filename base is: results_amgx/case
GenerateSaveMask: Allocating NodePerm of size: 270641
GenerateSaveMask: Allocating ActiveElem of size: 284800
GenerateSaveMask: Number of active elements 284800 out of 284800
GenerateSaveMask: Number of geometry nodes 270641 out of 270641
VtuOutputSolver: Total number of elements to save: 284800
VtuOutputSolver: Total number of geometry nodes to save: 270641
VtuOutputSolver: Total number of dof nodes to save: 270641
VtuOutputSolver: Setting offset for boundary entities: 100
VtuOutputSolver: Writing the vtu file: results_amgx/case_t0001.vtu
AscBinWriteInit: Initializing buffered ascii/binary writing
AscBinWriteInit: Writing in binary
AscBinWriteInit: Writing in double precision
AscBinWriteInit: Writing to unit number: 58
AscBinWriteInit: Size of buffer is: 270641
WriteVtuFile: Writing nodal fields
WriteVtuFile: Saving variable: displacement
WriteVtuFile: Number of nodal fields written: 1
WriteVtuFile: Writing elemental fields
WriteVtuFile: Number of elemental fields written: 0
WriteVtuFile: Writing entity IDs for bodies and boundaries
WriteVtuFile: Writing coordinates for each used node
WriteVtuFile: Writing the elemental connectivity data
WriteVtuFile: Writing nodal fields
WriteVtuFile: Saving variable: displacement
WriteVtuFile: Writing elemental fields
AscBinWriteFree: Terminating buffered ascii/binary writing
WriteVtuFile: Finished writing file
VtuOutputSolver: Finished writing vtu file
VtuOutputSolver: All done for now
ResultOutputSolver: -------------------------------------
ResultOutputSolver: Skipping inactive mesh: winkelp
WARNING:: CompareToReferenceSolution: Solver 1 FAILED:  Norm = 2.33985587E-02  RefNorm = 2.33900606E-02
CompareToReferenceSolution: Relative Error to reference norm: 3.633209E-04
ReloadInputFile: Realoading input file
LoadInputFile: Loading input file:
WARNING:: CompareToReferenceSolution: FAILED 1 tests out of 1!
MAIN: Reporting unused list entries for sif improvement!
MAIN: If you do not want these lines undefine > DEVEL_LISTUSAGE < !
   Unused keywords:
       Solver 1              bubbles
       Solver 1              nonlinear system consistent norm
       Solver 2              parallel reduce
MAIN: *** Elmer Solver: ALL DONE ***
FreeModel: Freeing meshes
ReleaseMesh: Releasing mesh variables
ReleaseMesh: Releasing mesh nodes
ReleaseMesh: Releasing mesh finished
ReleaseMesh: Releasing mesh variables
ReleaseMesh: Releasing mesh nodes
ReleaseMesh: Releasing mesh finished
FreeModel: Freeing constants list
FreeModel: Freeing simulation list
FreeModel: Freeing boundary lists
FreeModel: Freeing solvers
FreeModel: Freeing initial conditions lists
FreeModel: Freeing body lists
FreeModel: Freeing equations lists
FreeModel: Freeing body forces lists
MAIN: The end
SOLVER TOTAL TIME(CPU,REAL):        23.24       24.75
ELMER SOLVER FINISHED AT: 2026/07/20 10:01:29

Ending linsysAMGX/amgx_cg_dilu.sif with mesh level 2
Elapsed time: 26 s
-----------------------------------



-----------------------------------
Starting linsysAMGX/amgx_fgmres_dilu.sif with mesh level 2

ELMER SOLVER (v 9.0) STARTED AT: 2026/07/20 10:01:30
ParCommInit:  Initialize #PEs:            1
MAIN: Read 2 integer parameters from command line!
MAIN: 
MAIN: =============================================================
MAIN: ElmerSolver finite element software, Welcome!
MAIN: This program is free software licensed under (L)GPL
MAIN: Copyright 1st April 1995 - , CSC - IT Center for Science Ltd.
MAIN: Webpage http://www.csc.fi/elmer, Email elmeradm@csc.fi
MAIN: Version: 9.0 (Rev: 12f311015, Compiled: 2025-03-11)
MAIN:  Running one task without MPI parallelization.
MAIN:  Running in parallel with 32 threads per task.
MAIN:  HYPRE library linked in.
MAIN:  MUMPS library linked in.
MAIN:  MMG library linked in.
MAIN:  ParMMG library linked in.
MAIN:  Lua interpreter linked in.
MAIN:  Zoltan library linked in.
MAIN:  AMGX library linked in.
MAIN: =============================================================
MAIN: 
MAIN: 
MAIN: -------------------------------------
MAIN: Reading Model: case.sif
LoadInputFile: Scanning input file: case.sif
LoadInputFile: Scanning only size info
LoadInputFile: First time visiting
LoadInputFile: Reading base load of sif file
OpenIncludeFile: Trying to include file: linsys.sif
CheckKeyword: Found keyword type assuming suffix 1 for: operator 2
CheckKeyword: Found keyword type assuming suffix 1 for: operator 2
CheckKeyword: Found keyword type assuming suffix 1 for: operator 3
CheckKeyword: Found keyword type assuming suffix 1 for: operator 3
CheckKeyword: Found keyword type assuming suffix 1 for: operator 4
CheckKeyword: Found keyword type assuming suffix 1 for: operator 4
CheckKeyword: Found keyword type assuming suffix 1 for: operator 5
CheckKeyword: Found keyword type assuming suffix 1 for: operator 5
LoadInputFile: Loading input file: case.sif
LoadInputFile: Reading base load of sif file
OpenIncludeFile: Trying to include file: linsys.sif
CheckKeyword:  Unlisted keyword: [amgx config] in section: [solver 1]
CheckKeyword: Found keyword type assuming suffix 1 for: operator 2
CheckKeyword: Found keyword type assuming suffix 1 for: operator 2
CheckKeyword: Found keyword type assuming suffix 1 for: operator 3
CheckKeyword: Found keyword type assuming suffix 1 for: operator 3
CheckKeyword: Found keyword type assuming suffix 1 for: operator 4
CheckKeyword: Found keyword type assuming suffix 1 for: operator 4
CheckKeyword: Found keyword type assuming suffix 1 for: operator 5
CheckKeyword: Found keyword type assuming suffix 1 for: operator 5
CheckKeyword:  Unlisted keyword: [expression 1] in section: [solver 2]
CheckKeyword:  Unlisted keyword: [line marker] in section: [solver 2]
LoadInputFile: Number of BCs: 3
LoadInputFile: Number of Body Forces: 0
LoadInputFile: Number of Initial Conditions: 0
LoadInputFile: Number of Materials: 1
LoadInputFile: Number of Equations: 1
LoadInputFile: Number of Solvers: 2
LoadInputFile: Number of Bodies: 1
ListTagKeywords: Setting weight for keywords!
ListTagKeywords: No parameters width suffix: normalize by area
ListTagKeywords: Setting weight for keywords!
ListTagKeywords: No parameters width suffix: normalize by volume
Loading user function library: [StressSolve]...[StressSolver_Init0]
Loading user function library: [SaveData]...[SaveScalars_Init0]
Loading user function library: [SaveData]...[SaveScalars_Init0]
LoadMesh: Loading serial mesh!
ElmerAsciiMesh: Performing step: 1
ElmerAsciiMesh: Base mesh name: ./winkel
ReadHeaderFile: Reading header info from file: ./winkel/mesh.header
InitializeMesh: Number of nodes in mesh: 35721
InitializeMesh: Number of bulk elements in mesh: 32000
InitializeMesh: Number of boundary elements in mesh: 7200
InitializeMesh: Initial number of max element nodes: 8
ElmerAsciiMesh: Performing step: 2
ReadNodesFile: Reading nodes from file: ./winkel/mesh.nodes
SetMeshDimension: Dimension of mesh is: 3
SetMeshDimension: Max dimension of mesh is: 3
ElmerAsciiMesh: Performing step: 3
ReadElementsFile: Reading bulk elements from file: ./winkel/mesh.elements
ElmerAsciiMesh: Performing step: 4
ReadBoundaryFile: Reading boundary elements from file: ./winkel/mesh.boundary
PermuteNodeNumbering: Performing node mapping
MapBodiesAndBCs: Skipping remapping of bodies
MapBodiesAndBCs: Remapping boundaries
MapBodiesAndBCs: Minimum initial boundary index: 1
MapBodiesAndBCs: Maximum initial boundary index: 7
ElmerAsciiMesh: Performing step: 5
ElmerAsciiMesh: Performing step: 6
LoadMesh: Loading mesh done
NonNodalElements: Element dofs max: 8
LoadMesh: Preparing mesh done
LoadMesh: Elapsed REAL time:     0.1071 (s)
LoadModel: Creating hierarchy of meshes by mesh multiplication: 2
LoadModel: Keeping number of meshes: 2
LoadModel: Performing splitting at level: 2
SplitMeshEqual: Mesh splitting works for first order elements 303, 404, 504, (706) and 808.
FindMeshEdges: Determining faces in 3D mesh
FindMeshFaces3D: Finding mesh faces in 3D mesh
FindMeshFaces3D: Number of faces found: 99600
FindMeshEdges: Determining edges in 3D mesh
FindMeshEdges3D: Finding mesh edges in 3D mesh
FindMeshEdges3D: Number of edges found: 103320
SplitMeshEqual: ******** Old mesh ********
SplitMeshEqual:  Nodes             :        35721
SplitMeshEqual:  Bulk elements     :        32000
SplitMeshEqual:  Boundary elements :         7200
SplitMeshEqual:  Edges             :       103320
SplitMeshEqual:  Faces             :        99600
SplitMeshEqual: Added 99600 nodes in the center of faces
SplitMeshEqual: Added 32000 nodes in the center of bulks
SplitMeshEqual: Added edge centers to the nodes list.
SplitMeshEqual: Added face centers to the nodes list.
SplitMeshEqual: Added quad and brick centers to the nodes list.
SplitMeshEqual:  Count of new elements :       284800
SplitMeshEqual: New mesh allocated.
SplitMeshEqual: Array for bulk elements allocated.
SplitMeshEqual: ******** New mesh ********
SplitMeshEqual:  Nodes             :       270641
SplitMeshEqual:  Bulk elements     :       256000
SplitMeshEqual:  Boundary elements :        28800
SplitMeshEqual: Elapsed REAL time:     0.0908 (s)
ReleaseMeshFaceTables: Releasing number of faces: 99600
SetMeshDimension: Dimension of mesh is: 3
SetMeshDimension: Max dimension of mesh is: 3
NonNodalElements: Element dofs max: 8
MeshStabParams: Computing stabilization parameters
MeshStabParams: Elapsed REAL time:     0.0490 (s)
MeshStabParams: Computing stabilization parameters
MeshStabParams: Elapsed REAL time:     0.0064 (s)
CompleteModelKeywords: Completing keywords for mortars and mechanics!
MAIN: -------------------------------------
AddVtuOutputSolverHack: Adding ResultOutputSolver to write VTU output in file: case
AppendNewSolver: Increasing number of solvers to: 3
AddVtuOutputSolverHack: Finished appending VTU output solver
AddMeshCoordinates: Setting mesh coordinates and time
VariableAdd: Adding variable > Coordinate 1 < of size 270641
VariableAdd: Adding variable > Coordinate 2 < of size 270641
VariableAdd: Adding variable > Coordinate 3 < of size 270641
VariableAdd: Adding variable > Coordinate 1 < of size 35721
VariableAdd: Adding variable > Coordinate 2 < of size 35721
VariableAdd: Adding variable > Coordinate 3 < of size 35721
AddSolvers: Setting up 3 solvers
AddSolvers: Setting up solver 1: linelast
AddEquationBasics: Using procedure: StressSolve StressSolver
AddEquationBasics: Setting up solver: linelast
Loading user function library: [StressSolve]...[StressSolver_Init]
AddEquationBasics: Checking for _init solver
StressSolve_init: --------------------------------------------------
StressSolve_init: Solving displacements from linear elasticity model
StressSolve_init: --------------------------------------------------
Loading user function library: [StressSolve]...[StressSolver_bulk]
Loading user function library: [StressSolve]...[StressSolver_bulk]
AddEquationBasics: Checking for _bulk solver
Loading user function library: [StressSolve]...[StressSolver]
AddEquationBasics: Treating variable string: -dofs 3 displacement
AddEquationBasics: Creating standard variable: displacement
AddEquationBasics: Computing size of permutation vector
AddEquationBasics: Maximum size of permutation vector is: 270641
AddEquationBasics: Creating solver matrix topology
CreateMatrix: Creating initial permutation
CreateMatrix: Creating inverse of initial order of size: 270641
CreateMatrix: Creating list matrix for equation: linelast
MakeListMatrix: Creating list matrix
OptimizeBandwidth: ---------------------------------------------------------
OptimizeBandwidth: Computing matrix structure for: linelast
OptimizeBandwidth: Initial bandwidth for linelast: 238642
OptimizeBandwidth: Optimized bandwidth for linelast: 6683
OptimizeBandwidth: ---------------------------------------------------------
CreateMatrix: Initializing list matrix for equation
CRS_CreateMatrix: Creating CRS Matrix of size: 811923
CRS_CreateMatrix: Creating CRS Matrix with nofs: 63380889
CreateMatrix: Sparse matrix created
AddEquationBasics: Number of rows in CRS matrix: 811923
AddEquationBasics: Creating solver variable
VariableAdd: Adding variable > displacement < of size 811923
VariableAdd: Adding variable > displacement 1 < of size 270641
VariableAdd: Adding variable > displacement 2 < of size 270641
VariableAdd: Adding variable > displacement 3 < of size 270641
SolverInitialization: Elapsed REAL time:     3.1579 (s)
AddSolvers: Setting up solver 2: savescalars
AddEquationBasics: Using procedure: SaveData SaveScalars
AddEquationBasics: Setting up solver: savescalars
Loading user function library: [SaveData]...[SaveScalars_Init]
AddEquationBasics: Checking for _init solver
Loading user function library: [SaveData]...[SaveScalars_bulk]
Loading user function library: [SaveData]...[SaveScalars_bulk]
AddEquationBasics: Checking for _bulk solver
Loading user function library: [SaveData]...[SaveScalars]
AddEquationBasics: Creating null variable with no name
AddSolvers: Setting up solver 3: internalvtuoutputsolver
AddEquationBasics: Using procedure: ResultOutputSolve ResultOutputSolver
AddEquationBasics: Setting up solver: internalvtuoutputsolver
Loading user function library: [ResultOutputSolve]...[ResultOutputSolver_Init]
Loading user function library: [ResultOutputSolve]...[ResultOutputSolver_Init]
AddEquationBasics: Checking for _init solver
Loading user function library: [ResultOutputSolve]...[ResultOutputSolver_bulk]
Loading user function library: [ResultOutputSolve]...[ResultOutputSolver_bulk]
AddEquationBasics: Checking for _bulk solver
Loading user function library: [ResultOutputSolve]...[ResultOutputSolver]
AddEquationBasics: Treating variable string: -global vtu_internal_dummy
AddEquationBasics: Creating global variable: vtu_internal_dummy
VariableAdd: Adding variable > vtu_internal_dummy < of size 1
AddSolvers: Setting up solvers done
AddTimeEtc: Setting time and other global variables
VariableAdd: Adding variable > Time < of size 1
VariableAdd: Adding variable > Timestep < of size 1
VariableAdd: Adding variable > Timestep size < of size 1
VariableAdd: Adding variable > Timestep interval < of size 1
VariableAdd: Adding variable > nonlin iter < of size 1
VariableAdd: Adding variable > coupled iter < of size 1
VariableAdd: Adding variable > Partition < of size 1
VariableAdd: Adding variable > Time < of size 1
VariableAdd: Adding variable > Timestep < of size 1
VariableAdd: Adding variable > Timestep size < of size 1
VariableAdd: Adding variable > Timestep interval < of size 1
VariableAdd: Adding variable > nonlin iter < of size 1
VariableAdd: Adding variable > coupled iter < of size 1
VariableAdd: Adding variable > Partition < of size 1
MAIN: Random seed initialized to: 314159265
SetInitialConditions: Setting up initial conditions (if any)
MAIN: Number of timesteps to be saved: 1
MAIN: 
MAIN: -------------------------------------
MAIN:  Steady state iteration:            1
MAIN: -------------------------------------
MAIN: 
SolveEquations: Solvers before timestep
SolveEquations: Solvers in main iteration loop
SolveEquations: Performing set of solvers in sequence
ListTagCount: Counting tags for keyword normalization!
SetActiveElementsTable: Creating active element table for: linelast
SetActiveElementsTable: Number of active elements found : 256000
SingleSolver: Attempting to call solver: 1
SingleSolver: Solver Equation string is: linelast
StressSolve: 
StressSolve: --------------------------------------------------
StressSolve: Solving displacements from linear elasticity model
StressSolve: --------------------------------------------------
DefaultStart: Starting solver: linelast
StressSolve: Starting assembly...
InitializeToZero: Initializing the linear system to zero
StressSolve: Assembly:
: ................Finished checking for nodal loads
SetNodalLoads: Finished checking for nodal loads
SetNodalLoads: Finished checking for nodal loads
SetDirichletBoundaries: Number of dofs set for displacement: 0
DefUtils::DefaultDirichletBCs: Setting Dirichlet boundary conditions
SetDirichletBoundaries: Number of dofs set for displacement 1: 6400
DefUtils::DefaultDirichletBCs: p-element condition setup: displacement 1
SetDirichletBoundaries: Number of dofs set for displacement 2: 6400
DefUtils::DefaultDirichletBCs: p-element condition setup: displacement 2
SetDirichletBoundaries: Number of dofs set for displacement 3: 6400
DefUtils::DefaultDirichletBCs: p-element condition setup: displacement 3
EnforceDirichletConditions: Enforcing total of 5043 Dirichlet conditions.
EnforceDirichletConditions: Applying Dirichlet conditions using scaled diagonal
ScaleLinearSystem: Creating > DiagScaling < vector of size 811923
EnforceDirichletConditions: Dirichlet conditions enforced for dofs: 5043
DefUtils::DefaultDirichletBCs: Dirichlet boundary conditions set
DefaultSolve: Solving linear system with default routines
GenerateConstraintMatrix: Nothing to do for now
SolveSystem: Solving linear system
SolveSystem: Solving linear system in standard way
SolveLinearSystem: Assuming real valued linear system
SolveLinearSystem: Assuming serial linear system
ScaleLinearSystem: Creating > DiagScaling < vector of size 811923
SolveLinearSystem: Serial linear System Solver: amgx
AMGX version 2.2.0.132-opensource
Built on Mar 11 2025, 14:25:11
Compiled with CUDA Runtime 11.5, using CUDA driver 12.2
           iter      Mem Usage (GB)       residual           rate
         --------------------------------------------------------------
            Ini                   0   1.000000e+00
              0                   0   7.500034e-01         0.7500
              1              0.0000   6.850958e-01         0.9135
              2              0.0000   6.362422e-01         0.9287
              3              0.0000   5.776609e-01         0.9079
              4              0.0000   5.224833e-01         0.9045
              5              0.0000   4.877480e-01         0.9335
              6              0.0000   4.695442e-01         0.9627
              7              0.0000   4.538173e-01         0.9665
              8              0.0000   4.356492e-01         0.9600
              9              0.0000   4.161597e-01         0.9553
             10              0.0000   4.014325e-01         0.9646
             11              0.0000   3.915562e-01         0.9754
             12              0.0000   3.824185e-01         0.9767
             13              0.0000   3.715180e-01         0.9715
             14              0.0000   3.621672e-01         0.9748
             15              0.0000   3.553457e-01         0.9812
             16              0.0000   3.484678e-01         0.9806
             17              0.0000   3.416398e-01         0.9804
             18              0.0000   3.353018e-01         0.9814
             19              0.0000   3.299123e-01         0.9839
             20              0.0000   3.252234e-01         0.9858
             21              0.0000   3.212900e-01         0.9879
             22              0.0000   3.171302e-01         0.9871
             23              0.0000   3.141468e-01         0.9906
             24              0.0000   3.115715e-01         0.9918
             25              0.0000   3.092225e-01         0.9925
             26              0.0000   3.070723e-01         0.9930
             27              0.0000   3.043439e-01         0.9911
             28              0.0000   3.018782e-01         0.9919
             29              0.0000   2.994127e-01         0.9918
             30              0.0000   2.971724e-01         0.9925
             31              0.0000   2.950522e-01         0.9929
             32              0.0000   2.930223e-01         0.9931
             33              0.0000   2.907547e-01         0.9923
             34              0.0000   2.884898e-01         0.9922
             35              0.0000   2.864775e-01         0.9930
             36              0.0000   2.849837e-01         0.9948
             37              0.0000   2.842484e-01         0.9974
             38              0.0000   2.822973e-01         0.9931
             39              0.0000   2.804972e-01         0.9936
             40              0.0000   2.784430e-01         0.9927
             41              0.0000   2.768203e-01         0.9942
             42              0.0000   2.748487e-01         0.9929
             43              0.0000   2.731837e-01         0.9939
             44              0.0000   2.712588e-01         0.9930
             45              0.0000   2.696305e-01         0.9940
             46              0.0000   2.677374e-01         0.9930
             47              0.0000   2.661375e-01         0.9940
             48              0.0000   2.643254e-01         0.9932
             49              0.0000   2.625715e-01         0.9934
             50              0.0000   2.606798e-01         0.9928
             51              0.0000   2.592545e-01         0.9945
             52              0.0000   2.578495e-01         0.9946
             53              0.0000   2.563076e-01         0.9940
             54              0.0000   2.549405e-01         0.9947
             55              0.0000   2.536578e-01         0.9950
             56              0.0000   2.525083e-01         0.9955
             57              0.0000   2.512916e-01         0.9952
             58              0.0000   2.501876e-01         0.9956
             59              0.0000   2.491835e-01         0.9960
             60              0.0000   2.482566e-01         0.9963
             61              0.0000   2.472091e-01         0.9958
             62              0.0000   2.462411e-01         0.9961
             63              0.0000   2.453499e-01         0.9964
             64              0.0000   2.446066e-01         0.9970
             65              0.0000   2.440355e-01         0.9977
             66              0.0000   2.436063e-01         0.9982
             67              0.0000   2.429469e-01         0.9973
             68              0.0000   2.423279e-01         0.9975
             69              0.0000   2.417657e-01         0.9977
             70              0.0000   2.412675e-01         0.9979
             71              0.0000   2.408485e-01         0.9983
             72              0.0000   2.403980e-01         0.9981
             73              0.0000   2.400016e-01         0.9984
             74              0.0000   2.395845e-01         0.9983
             75              0.0000   2.391692e-01         0.9983
             76              0.0000   2.388158e-01         0.9985
             77              0.0000   2.384044e-01         0.9983
             78              0.0000   2.380304e-01         0.9984
             79              0.0000   2.375402e-01         0.9979
             80              0.0000   2.371016e-01         0.9982
             81              0.0000   2.366864e-01         0.9982
             82              0.0000   2.362693e-01         0.9982
             83              0.0000   2.357937e-01         0.9980
             84              0.0000   2.354291e-01         0.9985
             85              0.0000   2.349828e-01         0.9981
             86              0.0000   2.344694e-01         0.9978
             87              0.0000   2.338866e-01         0.9975
             88              0.0000   2.331410e-01         0.9968
             89              0.0000   2.324406e-01         0.9970
             90              0.0000   2.317750e-01         0.9971
             91              0.0000   2.311768e-01         0.9974
             92              0.0000   2.302409e-01         0.9960
             93              0.0000   2.294501e-01         0.9966
             94              0.0000   2.285770e-01         0.9962
             95              0.0000   2.277989e-01         0.9966
             96              0.0000   2.271147e-01         0.9970
             97              0.0000   2.264422e-01         0.9970
             98              0.0000   2.256201e-01         0.9964
             99              0.0000   2.249201e-01         0.9969
            100              0.0000   2.242484e-01         0.9970
            101              0.0000   2.236222e-01         0.9972
            102              0.0000   2.229711e-01         0.9971
            103              0.0000   2.223353e-01         0.9971
            104              0.0000   2.216107e-01         0.9967
            105              0.0000   2.208669e-01         0.9966
            106              0.0000   2.200050e-01         0.9961
            107              0.0000   2.190679e-01         0.9957
            108              0.0000   2.179902e-01         0.9951
            109              0.0000   2.166546e-01         0.9939
            110              0.0000   2.152905e-01         0.9937
            111              0.0000   2.136568e-01         0.9924
            112              0.0000   2.122980e-01         0.9936
            113              0.0000   2.110405e-01         0.9941
            114              0.0000   2.098184e-01         0.9942
            115              0.0000   2.084868e-01         0.9937
            116              0.0000   2.072198e-01         0.9939
            117              0.0000   2.058888e-01         0.9936
            118              0.0000   2.046531e-01         0.9940
            119              0.0000   2.032769e-01         0.9933
            120              0.0000   2.019059e-01         0.9933
            121              0.0000   2.006145e-01         0.9936
            122              0.0000   1.993022e-01         0.9935
            123              0.0000   1.980755e-01         0.9938
            124              0.0000   1.968300e-01         0.9937
            125              0.0000   1.956581e-01         0.9940
            126              0.0000   1.944084e-01         0.9936
            127              0.0000   1.931301e-01         0.9934
            128              0.0000   1.920503e-01         0.9944
            129              0.0000   1.909562e-01         0.9943
            130              0.0000   1.899623e-01         0.9948
            131              0.0000   1.890346e-01         0.9951
            132              0.0000   1.880795e-01         0.9949
            133              0.0000   1.870949e-01         0.9948
            134              0.0000   1.861942e-01         0.9952
            135              0.0000   1.852352e-01         0.9948
            136              0.0000   1.843243e-01         0.9951
            137              0.0000   1.832659e-01         0.9943
            138              0.0000   1.822723e-01         0.9946
            139              0.0000   1.812276e-01         0.9943
            140              0.0000   1.802153e-01         0.9944
            141              0.0000   1.791440e-01         0.9941
            142              0.0000   1.782158e-01         0.9948
            143              0.0000   1.772315e-01         0.9945
            144              0.0000   1.761997e-01         0.9942
            145              0.0000   1.751732e-01         0.9942
            146              0.0000   1.741702e-01         0.9943
            147              0.0000   1.731926e-01         0.9944
            148              0.0000   1.722894e-01         0.9948
            149              0.0000   1.713171e-01         0.9944
            150              0.0000   1.703831e-01         0.9945
            151              0.0000   1.693067e-01         0.9937
            152              0.0000   1.681483e-01         0.9932
            153              0.0000   1.671220e-01         0.9939
            154              0.0000   1.661557e-01         0.9942
            155              0.0000   1.651542e-01         0.9940
            156              0.0000   1.640070e-01         0.9931
            157              0.0000   1.627620e-01         0.9924
            158              0.0000   1.615252e-01         0.9924
            159              0.0000   1.603513e-01         0.9927
            160              0.0000   1.593127e-01         0.9935
            161              0.0000   1.583486e-01         0.9939
            162              0.0000   1.573353e-01         0.9936
            163              0.0000   1.564710e-01         0.9945
            164              0.0000   1.556600e-01         0.9948
            165              0.0000   1.549956e-01         0.9957
            166              0.0000   1.543634e-01         0.9959
            167              0.0000   1.538186e-01         0.9965
            168              0.0000   1.532796e-01         0.9965
            169              0.0000   1.527928e-01         0.9968
            170              0.0000   1.523735e-01         0.9973
            171              0.0000   1.519431e-01         0.9972
            172              0.0000   1.515158e-01         0.9972
            173              0.0000   1.510969e-01         0.9972
            174              0.0000   1.507066e-01         0.9974
            175              0.0000   1.503152e-01         0.9974
            176              0.0000   1.499308e-01         0.9974
            177              0.0000   1.495876e-01         0.9977
            178              0.0000   1.492227e-01         0.9976
            179              0.0000   1.489323e-01         0.9981
            180              0.0000   1.486452e-01         0.9981
            181              0.0000   1.483978e-01         0.9983
            182              0.0000   1.481850e-01         0.9986
            183              0.0000   1.479590e-01         0.9985
            184              0.0000   1.477273e-01         0.9984
            185              0.0000   1.475247e-01         0.9986
            186              0.0000   1.473481e-01         0.9988
            187              0.0000   1.471647e-01         0.9988
            188              0.0000   1.469734e-01         0.9987
            189              0.0000   1.467781e-01         0.9987
            190              0.0000   1.465854e-01         0.9987
            191              0.0000   1.464199e-01         0.9989
            192              0.0000   1.462277e-01         0.9987
            193              0.0000   1.460304e-01         0.9987
            194              0.0000   1.458364e-01         0.9987
            195              0.0000   1.456359e-01         0.9986
            196              0.0000   1.454261e-01         0.9986
            197              0.0000   1.452235e-01         0.9986
            198              0.0000   1.450073e-01         0.9985
            199              0.0000   1.447955e-01         0.9985
            200              0.0000   1.447842e-01         0.9999
            201              0.0000   1.447838e-01         1.0000
            202              0.0000   1.447829e-01         1.0000
            203              0.0000   1.447723e-01         0.9999
            204              0.0000   1.447359e-01         0.9997
            205              0.0000   1.446829e-01         0.9996
            206              0.0000   1.446457e-01         0.9997
            207              0.0000   1.446135e-01         0.9998
            208              0.0000   1.445635e-01         0.9997
            209              0.0000   1.445128e-01         0.9996
            210              0.0000   1.444679e-01         0.9997
            211              0.0000   1.444239e-01         0.9997
            212              0.0000   1.443697e-01         0.9996
            213              0.0000   1.442999e-01         0.9995
            214              0.0000   1.442400e-01         0.9996
            215              0.0000   1.441797e-01         0.9996
            216              0.0000   1.441154e-01         0.9996
            217              0.0000   1.440457e-01         0.9995
            218              0.0000   1.439698e-01         0.9995
            219              0.0000   1.438837e-01         0.9994
            220              0.0000   1.438117e-01         0.9995
            221              0.0000   1.437373e-01         0.9995
            222              0.0000   1.436467e-01         0.9994
            223              0.0000   1.435578e-01         0.9994
            224              0.0000   1.434625e-01         0.9993
            225              0.0000   1.433572e-01         0.9993
            226              0.0000   1.432355e-01         0.9992
            227              0.0000   1.431131e-01         0.9991
            228              0.0000   1.429963e-01         0.9992
            229              0.0000   1.428359e-01         0.9989
            230              0.0000   1.426384e-01         0.9986
            231              0.0000   1.424466e-01         0.9987
            232              0.0000   1.422500e-01         0.9986
            233              0.0000   1.420615e-01         0.9987
            234              0.0000   1.418279e-01         0.9984
            235              0.0000   1.416101e-01         0.9985
            236              0.0000   1.413916e-01         0.9985
            237              0.0000   1.411239e-01         0.9981
            238              0.0000   1.408365e-01         0.9980
            239              0.0000   1.405382e-01         0.9979
            240              0.0000   1.402083e-01         0.9977
            241              0.0000   1.398782e-01         0.9976
            242              0.0000   1.394805e-01         0.9972
            243              0.0000   1.390751e-01         0.9971
            244              0.0000   1.386679e-01         0.9971
            245              0.0000   1.382415e-01         0.9969
            246              0.0000   1.377824e-01         0.9967
            247              0.0000   1.372918e-01         0.9964
            248              0.0000   1.368038e-01         0.9964
            249              0.0000   1.362720e-01         0.9961
            250              0.0000   1.357851e-01         0.9964
            251              0.0000   1.352467e-01         0.9960
            252              0.0000   1.347104e-01         0.9960
            253              0.0000   1.341814e-01         0.9961
            254              0.0000   1.336684e-01         0.9962
            255              0.0000   1.331986e-01         0.9965
            256              0.0000   1.326972e-01         0.9962
            257              0.0000   1.321986e-01         0.9962
            258              0.0000   1.317002e-01         0.9962
            259              0.0000   1.312867e-01         0.9969
            260              0.0000   1.308496e-01         0.9967
            261              0.0000   1.304193e-01         0.9967
            262              0.0000   1.300212e-01         0.9969
            263              0.0000   1.295868e-01         0.9967
            264              0.0000   1.291832e-01         0.9969
            265              0.0000   1.287837e-01         0.9969
            266              0.0000   1.283917e-01         0.9970
            267              0.0000   1.280306e-01         0.9972
            268              0.0000   1.276551e-01         0.9971
            269              0.0000   1.272895e-01         0.9971
            270              0.0000   1.269648e-01         0.9974
            271              0.0000   1.266349e-01         0.9974
            272              0.0000   1.263073e-01         0.9974
            273              0.0000   1.260056e-01         0.9976
            274              0.0000   1.256599e-01         0.9973
            275              0.0000   1.253458e-01         0.9975
            276              0.0000   1.249645e-01         0.9970
            277              0.0000   1.246414e-01         0.9974
            278              0.0000   1.243071e-01         0.9973
            279              0.0000   1.239494e-01         0.9971
            280              0.0000   1.236398e-01         0.9975
            281              0.0000   1.233238e-01         0.9974
            282              0.0000   1.229978e-01         0.9974
            283              0.0000   1.226729e-01         0.9974
            284              0.0000   1.223579e-01         0.9974
            285              0.0000   1.220670e-01         0.9976
            286              0.0000   1.217778e-01         0.9976
            287              0.0000   1.214868e-01         0.9976
            288              0.0000   1.212136e-01         0.9978
            289              0.0000   1.209012e-01         0.9974
            290              0.0000   1.205817e-01         0.9974
            291              0.0000   1.202948e-01         0.9976
            292              0.0000   1.200194e-01         0.9977
            293              0.0000   1.197292e-01         0.9976
            294              0.0000   1.194378e-01         0.9976
            295              0.0000   1.191461e-01         0.9976
            296              0.0000   1.188645e-01         0.9976
            297              0.0000   1.185558e-01         0.9974
            298              0.0000   1.182578e-01         0.9975
            299              0.0000   1.179025e-01         0.9970
            300              0.0000   1.175919e-01         0.9974
            301              0.0000   1.172513e-01         0.9971
            302              0.0000   1.169658e-01         0.9976
            303              0.0000   1.166787e-01         0.9975
            304              0.0000   1.163595e-01         0.9973
            305              0.0000   1.160673e-01         0.9975
            306              0.0000   1.156223e-01         0.9962
            307              0.0000   1.148710e-01         0.9935
            308              0.0000   1.141841e-01         0.9940
            309              0.0000   1.136681e-01         0.9955
            310              0.0000   1.132948e-01         0.9967
            311              0.0000   1.130275e-01         0.9976
            312              0.0000   1.127885e-01         0.9979
            313              0.0000   1.125694e-01         0.9981
            314              0.0000   1.123527e-01         0.9981
            315              0.0000   1.121430e-01         0.9981
            316              0.0000   1.119891e-01         0.9986
            317              0.0000   1.117891e-01         0.9982
            318              0.0000   1.115573e-01         0.9979
            319              0.0000   1.113369e-01         0.9980
            320              0.0000   1.111380e-01         0.9982
            321              0.0000   1.109572e-01         0.9984
            322              0.0000   1.107760e-01         0.9984
            323              0.0000   1.106030e-01         0.9984
            324              0.0000   1.104562e-01         0.9987
            325              0.0000   1.103112e-01         0.9987
            326              0.0000   1.101916e-01         0.9989
            327              0.0000   1.100623e-01         0.9988
            328              0.0000   1.099217e-01         0.9987
            329              0.0000   1.098019e-01         0.9989
            330              0.0000   1.096709e-01         0.9988
            331              0.0000   1.095467e-01         0.9989
            332              0.0000   1.094363e-01         0.9990
            333              0.0000   1.093332e-01         0.9991
            334              0.0000   1.092141e-01         0.9989
            335              0.0000   1.090952e-01         0.9989
            336              0.0000   1.089988e-01         0.9991
            337              0.0000   1.089132e-01         0.9992
            338              0.0000   1.088170e-01         0.9991
            339              0.0000   1.087247e-01         0.9992
            340              0.0000   1.086228e-01         0.9991
            341              0.0000   1.085345e-01         0.9992
            342              0.0000   1.084387e-01         0.9991
            343              0.0000   1.083379e-01         0.9991
            344              0.0000   1.082452e-01         0.9991
            345              0.0000   1.081490e-01         0.9991
            346              0.0000   1.080230e-01         0.9988
            347              0.0000   1.079009e-01         0.9989
            348              0.0000   1.077769e-01         0.9989
            349              0.0000   1.076475e-01         0.9988
            350              0.0000   1.074988e-01         0.9986
            351              0.0000   1.073413e-01         0.9985
            352              0.0000   1.071990e-01         0.9987
            353              0.0000   1.070543e-01         0.9986
            354              0.0000   1.068907e-01         0.9985
            355              0.0000   1.067026e-01         0.9982
            356              0.0000   1.065203e-01         0.9983
            357              0.0000   1.063309e-01         0.9982
            358              0.0000   1.061491e-01         0.9983
            359              0.0000   1.059451e-01         0.9981
            360              0.0000   1.056755e-01         0.9975
            361              0.0000   1.054488e-01         0.9979
            362              0.0000   1.052051e-01         0.9977
            363              0.0000   1.049646e-01         0.9977
            364              0.0000   1.046568e-01         0.9971
            365              0.0000   1.043171e-01         0.9968
            366              0.0000   1.040006e-01         0.9970
            367              0.0000   1.036562e-01         0.9967
            368              0.0000   1.032570e-01         0.9961
            369              0.0000   1.027925e-01         0.9955
            370              0.0000   1.022273e-01         0.9945
            371              0.0000   1.017149e-01         0.9950
            372              0.0000   1.011424e-01         0.9944
            373              0.0000   1.005350e-01         0.9940
            374              0.0000   9.979447e-02         0.9926
            375              0.0000   9.907996e-02         0.9928
            376              0.0000   9.831572e-02         0.9923
            377              0.0000   9.766082e-02         0.9933
            378              0.0000   9.693270e-02         0.9925
            379              0.0000   9.623951e-02         0.9928
            380              0.0000   9.552739e-02         0.9926
            381              0.0000   9.483462e-02         0.9927
            382              0.0000   9.412383e-02         0.9925
            383              0.0000   9.342478e-02         0.9926
            384              0.0000   9.277059e-02         0.9930
            385              0.0000   9.217771e-02         0.9936
            386              0.0000   9.156123e-02         0.9933
            387              0.0000   9.095024e-02         0.9933
            388              0.0000   9.035521e-02         0.9935
            389              0.0000   8.975640e-02         0.9934
            390              0.0000   8.920709e-02         0.9939
            391              0.0000   8.866010e-02         0.9939
            392              0.0000   8.813734e-02         0.9941
            393              0.0000   8.759577e-02         0.9939
            394              0.0000   8.715459e-02         0.9950
            395              0.0000   8.671480e-02         0.9950
            396              0.0000   8.628236e-02         0.9950
            397              0.0000   8.586600e-02         0.9952
            398              0.0000   8.544079e-02         0.9950
            399              0.0000   8.499129e-02         0.9947
            400              0.0000   8.490596e-02         0.9990
            401              0.0000   8.489185e-02         0.9998
            402              0.0000   8.487004e-02         0.9997
            403              0.0000   8.479532e-02         0.9991
            404              0.0000   8.462428e-02         0.9980
            405              0.0000   8.446276e-02         0.9981
            406              0.0000   8.429580e-02         0.9980
            407              0.0000   8.418587e-02         0.9987
            408              0.0000   8.405432e-02         0.9984
            409              0.0000   8.393169e-02         0.9985
            410              0.0000   8.382303e-02         0.9987
            411              0.0000   8.371580e-02         0.9987
            412              0.0000   8.360420e-02         0.9987
            413              0.0000   8.346525e-02         0.9983
            414              0.0000   8.335114e-02         0.9986
            415              0.0000   8.324309e-02         0.9987
            416              0.0000   8.313020e-02         0.9986
            417              0.0000   8.301373e-02         0.9986
            418              0.0000   8.287256e-02         0.9983
            419              0.0000   8.273575e-02         0.9983
            420              0.0000   8.261585e-02         0.9986
            421              0.0000   8.248809e-02         0.9985
            422              0.0000   8.234853e-02         0.9983
            423              0.0000   8.220211e-02         0.9982
            424              0.0000   8.206437e-02         0.9983
            425              0.0000   8.190972e-02         0.9981
            426              0.0000   8.173551e-02         0.9979
            427              0.0000   8.156870e-02         0.9980
            428              0.0000   8.138126e-02         0.9977
            429              0.0000   8.120859e-02         0.9979
            430              0.0000   8.099980e-02         0.9974
            431              0.0000   8.078308e-02         0.9973
            432              0.0000   8.059853e-02         0.9977
            433              0.0000   8.040654e-02         0.9976
            434              0.0000   8.019595e-02         0.9974
            435              0.0000   7.998212e-02         0.9973
            436              0.0000   7.978194e-02         0.9975
            437              0.0000   7.957070e-02         0.9974
            438              0.0000   7.932116e-02         0.9969
            439              0.0000   7.910443e-02         0.9973
            440              0.0000   7.888808e-02         0.9973
            441              0.0000   7.867468e-02         0.9973
            442              0.0000   7.842044e-02         0.9968
            443              0.0000   7.820011e-02         0.9972
            444              0.0000   7.799910e-02         0.9974
            445              0.0000   7.780322e-02         0.9975
            446              0.0000   7.759874e-02         0.9974
            447              0.0000   7.738912e-02         0.9973
            448              0.0000   7.718525e-02         0.9974
            449              0.0000   7.696009e-02         0.9971
            450              0.0000   7.672311e-02         0.9969
            451              0.0000   7.648756e-02         0.9969
            452              0.0000   7.624673e-02         0.9969
            453              0.0000   7.600414e-02         0.9968
            454              0.0000   7.575676e-02         0.9967
            455              0.0000   7.552207e-02         0.9969
            456              0.0000   7.526334e-02         0.9966
            457              0.0000   7.500690e-02         0.9966
            458              0.0000   7.477453e-02         0.9969
            459              0.0000   7.454923e-02         0.9970
            460              0.0000   7.432867e-02         0.9970
            461              0.0000   7.411785e-02         0.9972
            462              0.0000   7.390057e-02         0.9971
            463              0.0000   7.372602e-02         0.9976
            464              0.0000   7.353757e-02         0.9974
            465              0.0000   7.336636e-02         0.9977
            466              0.0000   7.318007e-02         0.9975
            467              0.0000   7.301942e-02         0.9978
            468              0.0000   7.287192e-02         0.9980
            469              0.0000   7.273935e-02         0.9982
            470              0.0000   7.262222e-02         0.9984
            471              0.0000   7.251263e-02         0.9985
            472              0.0000   7.240213e-02         0.9985
            473              0.0000   7.229895e-02         0.9986
            474              0.0000   7.220822e-02         0.9987
            475              0.0000   7.213081e-02         0.9989
            476              0.0000   7.204694e-02         0.9988
            477              0.0000   7.196812e-02         0.9989
            478              0.0000   7.189895e-02         0.9990
            479              0.0000   7.183384e-02         0.9991
            480              0.0000   7.176682e-02         0.9991
            481              0.0000   7.170974e-02         0.9992
            482              0.0000   7.165253e-02         0.9992
            483              0.0000   7.159240e-02         0.9992
            484              0.0000   7.153054e-02         0.9991
            485              0.0000   7.147838e-02         0.9993
            486              0.0000   7.142916e-02         0.9993
            487              0.0000   7.137235e-02         0.9992
            488              0.0000   7.132357e-02         0.9993
            489              0.0000   7.127868e-02         0.9994
            490              0.0000   7.122021e-02         0.9992
            491              0.0000   7.115727e-02         0.9991
            492              0.0000   7.110780e-02         0.9993
            493              0.0000   7.106495e-02         0.9994
            494              0.0000   7.101666e-02         0.9993
            495              0.0000   7.095585e-02         0.9991
            496              0.0000   7.090019e-02         0.9992
            497              0.0000   7.084587e-02         0.9992
            498              0.0000   7.078296e-02         0.9991
            499              0.0000   7.072419e-02         0.9992
            500              0.0000   7.064385e-02         0.9989
            501              0.0000   7.055601e-02         0.9988
            502              0.0000   7.048645e-02         0.9990
            503              0.0000   7.044061e-02         0.9993
            504              0.0000   7.040430e-02         0.9995
            505              0.0000   7.034064e-02         0.9991
            506              0.0000   7.026092e-02         0.9989
            507              0.0000   7.020269e-02         0.9992
            508              0.0000   7.015605e-02         0.9993
            509              0.0000   7.011328e-02         0.9994
            510              0.0000   7.006508e-02         0.9993
            511              0.0000   7.001744e-02         0.9993
            512              0.0000   6.996939e-02         0.9993
            513              0.0000   6.992643e-02         0.9994
            514              0.0000   6.988445e-02         0.9994
            515              0.0000   6.983790e-02         0.9993
            516              0.0000   6.978525e-02         0.9992
            517              0.0000   6.974216e-02         0.9994
            518              0.0000   6.969486e-02         0.9993
            519              0.0000   6.964653e-02         0.9993
            520              0.0000   6.959282e-02         0.9992
            521              0.0000   6.953300e-02         0.9991
            522              0.0000   6.947132e-02         0.9991
            523              0.0000   6.941855e-02         0.9992
            524              0.0000   6.934836e-02         0.9990
            525              0.0000   6.926866e-02         0.9989
            526              0.0000   6.917935e-02         0.9987
            527              0.0000   6.908600e-02         0.9987
            528              0.0000   6.899006e-02         0.9986
            529              0.0000   6.888785e-02         0.9985
            530              0.0000   6.877765e-02         0.9984
            531              0.0000   6.865763e-02         0.9983
            532              0.0000   6.851010e-02         0.9979
            533              0.0000   6.836782e-02         0.9979
            534              0.0000   6.822105e-02         0.9979
            535              0.0000   6.804605e-02         0.9974
            536              0.0000   6.786341e-02         0.9973
            537              0.0000   6.766937e-02         0.9971
            538              0.0000   6.747496e-02         0.9971
            539              0.0000   6.726371e-02         0.9969
            540              0.0000   6.703873e-02         0.9967
            541              0.0000   6.680041e-02         0.9964
            542              0.0000   6.655118e-02         0.9963
            543              0.0000   6.628687e-02         0.9960
            544              0.0000   6.602421e-02         0.9960
            545              0.0000   6.573580e-02         0.9956
            546              0.0000   6.546418e-02         0.9959
            547              0.0000   6.518546e-02         0.9957
            548              0.0000   6.491378e-02         0.9958
            549              0.0000   6.463797e-02         0.9958
            550              0.0000   6.436089e-02         0.9957
            551              0.0000   6.404941e-02         0.9952
            552              0.0000   6.374135e-02         0.9952
            553              0.0000   6.341773e-02         0.9949
            554              0.0000   6.312194e-02         0.9953
            555              0.0000   6.282395e-02         0.9953
            556              0.0000   6.251711e-02         0.9951
            557              0.0000   6.220304e-02         0.9950
            558              0.0000   6.190343e-02         0.9952
            559              0.0000   6.159677e-02         0.9950
            560              0.0000   6.130273e-02         0.9952
            561              0.0000   6.101588e-02         0.9953
            562              0.0000   6.074026e-02         0.9955
            563              0.0000   6.048526e-02         0.9958
            564              0.0000   6.024948e-02         0.9961
            565              0.0000   6.002858e-02         0.9963
            566              0.0000   5.979463e-02         0.9961
            567              0.0000   5.958557e-02         0.9965
            568              0.0000   5.939387e-02         0.9968
            569              0.0000   5.921382e-02         0.9970
            570              0.0000   5.903229e-02         0.9969
            571              0.0000   5.885767e-02         0.9970
            572              0.0000   5.867541e-02         0.9969
            573              0.0000   5.850408e-02         0.9971
            574              0.0000   5.834871e-02         0.9973
            575              0.0000   5.820317e-02         0.9975
            576              0.0000   5.807070e-02         0.9977
            577              0.0000   5.794949e-02         0.9979
            578              0.0000   5.783237e-02         0.9980
            579              0.0000   5.770849e-02         0.9979
            580              0.0000   5.759668e-02         0.9981
            581              0.0000   5.748700e-02         0.9981
            582              0.0000   5.738765e-02         0.9983
            583              0.0000   5.728853e-02         0.9983
            584              0.0000   5.719291e-02         0.9983
            585              0.0000   5.709364e-02         0.9983
            586              0.0000   5.700869e-02         0.9985
            587              0.0000   5.692877e-02         0.9986
            588              0.0000   5.685326e-02         0.9987
            589              0.0000   5.677866e-02         0.9987
            590              0.0000   5.669324e-02         0.9985
            591              0.0000   5.661806e-02         0.9987
            592              0.0000   5.653935e-02         0.9986
            593              0.0000   5.645422e-02         0.9985
            594              0.0000   5.637009e-02         0.9985
            595              0.0000   5.627371e-02         0.9983
            596              0.0000   5.616901e-02         0.9981
            597              0.0000   5.607521e-02         0.9983
            598              0.0000   5.596193e-02         0.9980
            599              0.0000   5.579559e-02         0.9970
            600              0.0000   5.574419e-02         0.9991
            601              0.0000   5.573910e-02         0.9999
            602              0.0000   5.572717e-02         0.9998
            603              0.0000   5.569760e-02         0.9995
            604              0.0000   5.562972e-02         0.9988
            605              0.0000   5.555853e-02         0.9987
            606              0.0000   5.551730e-02         0.9993
            607              0.0000   5.549385e-02         0.9996
            608              0.0000   5.546734e-02         0.9995
            609              0.0000   5.544135e-02         0.9995
            610              0.0000   5.541548e-02         0.9995
            611              0.0000   5.538265e-02         0.9994
            612              0.0000   5.534626e-02         0.9993
            613              0.0000   5.529823e-02         0.9991
            614              0.0000   5.525544e-02         0.9992
            615              0.0000   5.522096e-02         0.9994
            616              0.0000   5.519120e-02         0.9995
            617              0.0000   5.515834e-02         0.9994
            618              0.0000   5.511898e-02         0.9993
            619              0.0000   5.508187e-02         0.9993
            620              0.0000   5.505093e-02         0.9994
            621              0.0000   5.501823e-02         0.9994
            622              0.0000   5.497978e-02         0.9993
            623              0.0000   5.493763e-02         0.9992
            624              0.0000   5.490214e-02         0.9994
            625              0.0000   5.486213e-02         0.9993
            626              0.0000   5.481573e-02         0.9992
            627              0.0000   5.477526e-02         0.9993
            628              0.0000   5.473196e-02         0.9992
            629              0.0000   5.468499e-02         0.9991
            630              0.0000   5.462180e-02         0.9988
            631              0.0000   5.455506e-02         0.9988
            632              0.0000   5.449564e-02         0.9989
            633              0.0000   5.443209e-02         0.9988
            634              0.0000   5.436341e-02         0.9987
            635              0.0000   5.429881e-02         0.9988
            636              0.0000   5.422184e-02         0.9986
            637              0.0000   5.414510e-02         0.9986
            638              0.0000   5.405174e-02         0.9983
            639              0.0000   5.395440e-02         0.9982
            640              0.0000   5.384446e-02         0.9980
            641              0.0000   5.373029e-02         0.9979
            642              0.0000   5.359452e-02         0.9975
            643              0.0000   5.347464e-02         0.9978
            644              0.0000   5.335100e-02         0.9977
            645              0.0000   5.321917e-02         0.9975
            646              0.0000   5.307070e-02         0.9972
            647              0.0000   5.292572e-02         0.9973
            648              0.0000   5.279082e-02         0.9975
            649              0.0000   5.264339e-02         0.9972
            650              0.0000   5.248093e-02         0.9969
            651              0.0000   5.232126e-02         0.9970
            652              0.0000   5.214493e-02         0.9966
            653              0.0000   5.198021e-02         0.9968
            654              0.0000   5.183306e-02         0.9972
            655              0.0000   5.168451e-02         0.9971
            656              0.0000   5.149931e-02         0.9964
            657              0.0000   5.132667e-02         0.9966
            658              0.0000   5.118583e-02         0.9973
            659              0.0000   5.105326e-02         0.9974
            660              0.0000   5.090293e-02         0.9971
            661              0.0000   5.073659e-02         0.9967
            662              0.0000   5.056252e-02         0.9966
            663              0.0000   5.041001e-02         0.9970
            664              0.0000   5.024702e-02         0.9968
            665              0.0000   5.009407e-02         0.9970
            666              0.0000   4.993786e-02         0.9969
            667              0.0000   4.977151e-02         0.9967
            668              0.0000   4.963938e-02         0.9973
            669              0.0000   4.951411e-02         0.9975
            670              0.0000   4.939168e-02         0.9975
            671              0.0000   4.923325e-02         0.9968
            672              0.0000   4.910711e-02         0.9974
            673              0.0000   4.896807e-02         0.9972
            674              0.0000   4.883873e-02         0.9974
            675              0.0000   4.869626e-02         0.9971
            676              0.0000   4.854449e-02         0.9969
            677              0.0000   4.841768e-02         0.9974
            678              0.0000   4.829278e-02         0.9974
            679              0.0000   4.817326e-02         0.9975
            680              0.0000   4.806062e-02         0.9977
            681              0.0000   4.793805e-02         0.9974
            682              0.0000   4.783022e-02         0.9978
            683              0.0000   4.772439e-02         0.9978
            684              0.0000   4.762151e-02         0.9978
            685              0.0000   4.752294e-02         0.9979
            686              0.0000   4.742509e-02         0.9979
            687              0.0000   4.732137e-02         0.9978
            688              0.0000   4.723153e-02         0.9981
            689              0.0000   4.713382e-02         0.9979
            690              0.0000   4.703061e-02         0.9978
            691              0.0000   4.693360e-02         0.9979
            692              0.0000   4.684269e-02         0.9981
            693              0.0000   4.675813e-02         0.9982
            694              0.0000   4.665409e-02         0.9978
            695              0.0000   4.656403e-02         0.9981
            696              0.0000   4.647090e-02         0.9980
            697              0.0000   4.638443e-02         0.9981
            698              0.0000   4.630638e-02         0.9983
            699              0.0000   4.622603e-02         0.9983
            700              0.0000   4.614699e-02         0.9983
            701              0.0000   4.605475e-02         0.9980
            702              0.0000   4.595220e-02         0.9978
            703              0.0000   4.587808e-02         0.9984
            704              0.0000   4.580844e-02         0.9985
            705              0.0000   4.571045e-02         0.9979
            706              0.0000   4.560523e-02         0.9977
            707              0.0000   4.553196e-02         0.9984
            708              0.0000   4.543606e-02         0.9979
            709              0.0000   4.530418e-02         0.9971
            710              0.0000   4.520493e-02         0.9978
            711              0.0000   4.514637e-02         0.9987
            712              0.0000   4.508661e-02         0.9987
            713              0.0000   4.503475e-02         0.9988
            714              0.0000   4.498249e-02         0.9988
            715              0.0000   4.492348e-02         0.9987
            716              0.0000   4.487694e-02         0.9990
            717              0.0000   4.484123e-02         0.9992
            718              0.0000   4.480818e-02         0.9993
            719              0.0000   4.476569e-02         0.9991
            720              0.0000   4.472699e-02         0.9991
            721              0.0000   4.469189e-02         0.9992
            722              0.0000   4.465194e-02         0.9991
            723              0.0000   4.461107e-02         0.9991
            724              0.0000   4.457066e-02         0.9991
            725              0.0000   4.453861e-02         0.9993
            726              0.0000   4.450161e-02         0.9992
            727              0.0000   4.445952e-02         0.9991
            728              0.0000   4.441527e-02         0.9990
            729              0.0000   4.437062e-02         0.9990
            730              0.0000   4.432679e-02         0.9990
            731              0.0000   4.428616e-02         0.9991
            732              0.0000   4.423506e-02         0.9988
            733              0.0000   4.418254e-02         0.9988
            734              0.0000   4.413609e-02         0.9989
            735              0.0000   4.408992e-02         0.9990
            736              0.0000   4.403743e-02         0.9988
            737              0.0000   4.397760e-02         0.9986
            738              0.0000   4.392933e-02         0.9989
            739              0.0000   4.387910e-02         0.9989
            740              0.0000   4.382329e-02         0.9987
            741              0.0000   4.377323e-02         0.9989
            742              0.0000   4.372319e-02         0.9989
            743              0.0000   4.367731e-02         0.9990
            744              0.0000   4.363248e-02         0.9990
            745              0.0000   4.359426e-02         0.9991
            746              0.0000   4.354922e-02         0.9990
            747              0.0000   4.349033e-02         0.9986
            748              0.0000   4.343598e-02         0.9988
            749              0.0000   4.339234e-02         0.9990
            750              0.0000   4.334233e-02         0.9988
            751              0.0000   4.329059e-02         0.9988
            752              0.0000   4.324227e-02         0.9989
            753              0.0000   4.319281e-02         0.9989
            754              0.0000   4.314801e-02         0.9990
            755              0.0000   4.310253e-02         0.9989
            756              0.0000   4.305605e-02         0.9989
            757              0.0000   4.300883e-02         0.9989
            758              0.0000   4.296527e-02         0.9990
            759              0.0000   4.292299e-02         0.9990
            760              0.0000   4.287803e-02         0.9990
            761              0.0000   4.283921e-02         0.9991
            762              0.0000   4.279576e-02         0.9990
            763              0.0000   4.274821e-02         0.9989
            764              0.0000   4.269140e-02         0.9987
            765              0.0000   4.264814e-02         0.9990
            766              0.0000   4.260538e-02         0.9990
            767              0.0000   4.255101e-02         0.9987
            768              0.0000   4.248947e-02         0.9986
            769              0.0000   4.242977e-02         0.9986
            770              0.0000   4.236669e-02         0.9985
            771              0.0000   4.229488e-02         0.9983
            772              0.0000   4.222372e-02         0.9983
            773              0.0000   4.215090e-02         0.9983
            774              0.0000   4.207922e-02         0.9983
            775              0.0000   4.200026e-02         0.9981
            776              0.0000   4.192074e-02         0.9981
            777              0.0000   4.184345e-02         0.9982
            778              0.0000   4.176900e-02         0.9982
            779              0.0000   4.169487e-02         0.9982
            780              0.0000   4.161833e-02         0.9982
            781              0.0000   4.152963e-02         0.9979
            782              0.0000   4.145308e-02         0.9982
            783              0.0000   4.136521e-02         0.9979
            784              0.0000   4.128384e-02         0.9980
            785              0.0000   4.119103e-02         0.9978
            786              0.0000   4.109798e-02         0.9977
            787              0.0000   4.100518e-02         0.9977
            788              0.0000   4.090362e-02         0.9975
            789              0.0000   4.078188e-02         0.9970
            790              0.0000   4.065755e-02         0.9970
            791              0.0000   4.052732e-02         0.9968
            792              0.0000   4.040603e-02         0.9970
            793              0.0000   4.029411e-02         0.9972
            794              0.0000   4.017842e-02         0.9971
            795              0.0000   4.003617e-02         0.9965
            796              0.0000   3.986518e-02         0.9957
            797              0.0000   3.970345e-02         0.9959
            798              0.0000   3.956423e-02         0.9965
            799              0.0000   3.938832e-02         0.9956
            800              0.0000   3.933058e-02         0.9985
            801              0.0000   3.931886e-02         0.9997
            802              0.0000   3.930244e-02         0.9996
            803              0.0000   3.924300e-02         0.9985
            804              0.0000   3.912982e-02         0.9971
            805              0.0000   3.901582e-02         0.9971
            806              0.0000   3.893613e-02         0.9980
            807              0.0000   3.886542e-02         0.9982
            808              0.0000   3.879386e-02         0.9982
            809              0.0000   3.873175e-02         0.9984
            810              0.0000   3.868035e-02         0.9987
            811              0.0000   3.861957e-02         0.9984
            812              0.0000   3.855863e-02         0.9984
            813              0.0000   3.848945e-02         0.9982
            814              0.0000   3.842283e-02         0.9983
            815              0.0000   3.837508e-02         0.9988
            816              0.0000   3.832508e-02         0.9987
            817              0.0000   3.827194e-02         0.9986
            818              0.0000   3.820940e-02         0.9984
            819              0.0000   3.814219e-02         0.9982
            820              0.0000   3.808316e-02         0.9985
            821              0.0000   3.802488e-02         0.9985
            822              0.0000   3.796906e-02         0.9985
            823              0.0000   3.792334e-02         0.9988
            824              0.0000   3.787257e-02         0.9987
            825              0.0000   3.781850e-02         0.9986
            826              0.0000   3.776302e-02         0.9985
            827              0.0000   3.770218e-02         0.9984
            828              0.0000   3.764995e-02         0.9986
            829              0.0000   3.759543e-02         0.9986
            830              0.0000   3.753805e-02         0.9985
            831              0.0000   3.746755e-02         0.9981
            832              0.0000   3.741250e-02         0.9985
            833              0.0000   3.735618e-02         0.9985
            834              0.0000   3.730894e-02         0.9987
            835              0.0000   3.726133e-02         0.9987
            836              0.0000   3.719956e-02         0.9983
            837              0.0000   3.713727e-02         0.9983
            838              0.0000   3.707197e-02         0.9982
            839              0.0000   3.702087e-02         0.9986
            840              0.0000   3.697012e-02         0.9986
            841              0.0000   3.690656e-02         0.9983
            842              0.0000   3.685648e-02         0.9986
            843              0.0000   3.681297e-02         0.9988
            844              0.0000   3.677125e-02         0.9989
            845              0.0000   3.672947e-02         0.9989
            846              0.0000   3.668581e-02         0.9988
            847              0.0000   3.663837e-02         0.9987
            848              0.0000   3.659289e-02         0.9988
            849              0.0000   3.654684e-02         0.9987
            850              0.0000   3.650162e-02         0.9988
            851              0.0000   3.645967e-02         0.9989
            852              0.0000   3.640391e-02         0.9985
            853              0.0000   3.635665e-02         0.9987
            854              0.0000   3.630779e-02         0.9987
            855              0.0000   3.625767e-02         0.9986
            856              0.0000   3.619860e-02         0.9984
            857              0.0000   3.615004e-02         0.9987
            858              0.0000   3.610064e-02         0.9986
            859              0.0000   3.604624e-02         0.9985
            860              0.0000   3.598856e-02         0.9984
            861              0.0000   3.593895e-02         0.9986
            862              0.0000   3.588641e-02         0.9985
            863              0.0000   3.582903e-02         0.9984
            864              0.0000   3.578140e-02         0.9987
            865              0.0000   3.573790e-02         0.9988
            866              0.0000   3.568463e-02         0.9985
            867              0.0000   3.563709e-02         0.9987
            868              0.0000   3.559143e-02         0.9987
            869              0.0000   3.554624e-02         0.9987
            870              0.0000   3.549851e-02         0.9987
            871              0.0000   3.544567e-02         0.9985
            872              0.0000   3.540661e-02         0.9989
            873              0.0000   3.536298e-02         0.9988
            874              0.0000   3.532325e-02         0.9989
            875              0.0000   3.528496e-02         0.9989
            876              0.0000   3.524069e-02         0.9987
            877              0.0000   3.520586e-02         0.9990
            878              0.0000   3.516888e-02         0.9989
            879              0.0000   3.513872e-02         0.9991
            880              0.0000   3.509885e-02         0.9989
            881              0.0000   3.506201e-02         0.9990
            882              0.0000   3.502731e-02         0.9990
            883              0.0000   3.499514e-02         0.9991
            884              0.0000   3.495941e-02         0.9990
            885              0.0000   3.492742e-02         0.9991
            886              0.0000   3.489506e-02         0.9991
            887              0.0000   3.485887e-02         0.9990
            888              0.0000   3.482452e-02         0.9990
            889              0.0000   3.479211e-02         0.9991
            890              0.0000   3.475982e-02         0.9991
            891              0.0000   3.472341e-02         0.9990
            892              0.0000   3.468047e-02         0.9988
            893              0.0000   3.464660e-02         0.9990
            894              0.0000   3.461090e-02         0.9990
            895              0.0000   3.457391e-02         0.9989
            896              0.0000   3.453873e-02         0.9990
            897              0.0000   3.449277e-02         0.9987
            898              0.0000   3.444673e-02         0.9987
            899              0.0000   3.438277e-02         0.9981
            900              0.0000   3.432488e-02         0.9983
            901              0.0000   3.427957e-02         0.9987
            902              0.0000   3.422475e-02         0.9984
            903              0.0000   3.417741e-02         0.9986
            904              0.0000   3.413728e-02         0.9988
            905              0.0000   3.408575e-02         0.9985
            906              0.0000   3.402283e-02         0.9982
            907              0.0000   3.396735e-02         0.9984
            908              0.0000   3.391923e-02         0.9986
            909              0.0000   3.387897e-02         0.9988
            910              0.0000   3.384509e-02         0.9990
            911              0.0000   3.380655e-02         0.9989
            912              0.0000   3.374807e-02         0.9983
            913              0.0000   3.369465e-02         0.9984
            914              0.0000   3.364529e-02         0.9985
            915              0.0000   3.360241e-02         0.9987
            916              0.0000   3.356387e-02         0.9989
            917              0.0000   3.352048e-02         0.9987
            918              0.0000   3.347219e-02         0.9986
            919              0.0000   3.342818e-02         0.9987
            920              0.0000   3.338409e-02         0.9987
            921              0.0000   3.333741e-02         0.9986
            922              0.0000   3.328664e-02         0.9985
            923              0.0000   3.324007e-02         0.9986
            924              0.0000   3.319034e-02         0.9985
            925              0.0000   3.314013e-02         0.9985
            926              0.0000   3.308761e-02         0.9984
            927              0.0000   3.302939e-02         0.9982
            928              0.0000   3.296825e-02         0.9981
            929              0.0000   3.291825e-02         0.9985
            930              0.0000   3.286197e-02         0.9983
            931              0.0000   3.280051e-02         0.9981
            932              0.0000   3.273611e-02         0.9980
            933              0.0000   3.267060e-02         0.9980
            934              0.0000   3.261167e-02         0.9982
            935              0.0000   3.254970e-02         0.9981
            936              0.0000   3.248927e-02         0.9981
            937              0.0000   3.243102e-02         0.9982
            938              0.0000   3.236032e-02         0.9978
            939              0.0000   3.229830e-02         0.9981
            940              0.0000   3.222937e-02         0.9979
            941              0.0000   3.216197e-02         0.9979
            942              0.0000   3.210191e-02         0.9981
            943              0.0000   3.204648e-02         0.9983
            944              0.0000   3.199049e-02         0.9983
            945              0.0000   3.192774e-02         0.9980
            946              0.0000   3.186612e-02         0.9981
            947              0.0000   3.180710e-02         0.9981
            948              0.0000   3.175042e-02         0.9982
            949              0.0000   3.169676e-02         0.9983
            950              0.0000   3.164176e-02         0.9983
            951              0.0000   3.158163e-02         0.9981
            952              0.0000   3.151943e-02         0.9980
            953              0.0000   3.145978e-02         0.9981
            954              0.0000   3.139801e-02         0.9980
            955              0.0000   3.133949e-02         0.9981
            956              0.0000   3.128238e-02         0.9982
            957              0.0000   3.122399e-02         0.9981
            958              0.0000   3.116022e-02         0.9980
            959              0.0000   3.109220e-02         0.9978
            960              0.0000   3.102728e-02         0.9979
            961              0.0000   3.096778e-02         0.9981
            962              0.0000   3.090183e-02         0.9979
            963              0.0000   3.083910e-02         0.9980
            964              0.0000   3.077595e-02         0.9980
            965              0.0000   3.071006e-02         0.9979
            966              0.0000   3.064996e-02         0.9980
            967              0.0000   3.059263e-02         0.9981
            968              0.0000   3.053059e-02         0.9980
            969              0.0000   3.047035e-02         0.9980
            970              0.0000   3.040320e-02         0.9978
            971              0.0000   3.033730e-02         0.9978
            972              0.0000   3.026875e-02         0.9977
            973              0.0000   3.020340e-02         0.9978
            974              0.0000   3.013673e-02         0.9978
            975              0.0000   3.007141e-02         0.9978
            976              0.0000   3.000465e-02         0.9978
            977              0.0000   2.993581e-02         0.9977
            978              0.0000   2.987004e-02         0.9978
            979              0.0000   2.980206e-02         0.9977
            980              0.0000   2.974144e-02         0.9980
            981              0.0000   2.968132e-02         0.9980
            982              0.0000   2.962279e-02         0.9980
            983              0.0000   2.956704e-02         0.9981
            984              0.0000   2.951441e-02         0.9982
            985              0.0000   2.944921e-02         0.9978
            986              0.0000   2.938220e-02         0.9977
            987              0.0000   2.932573e-02         0.9981
            988              0.0000   2.927717e-02         0.9983
            989              0.0000   2.922449e-02         0.9982
            990              0.0000   2.916636e-02         0.9980
            991              0.0000   2.911295e-02         0.9982
            992              0.0000   2.905918e-02         0.9982
            993              0.0000   2.901145e-02         0.9984
            994              0.0000   2.897345e-02         0.9987
            995              0.0000   2.894036e-02         0.9989
            996              0.0000   2.889457e-02         0.9984
            997              0.0000   2.882152e-02         0.9975
            998              0.0000   2.875321e-02         0.9976
            999              0.0000   2.866463e-02         0.9969
           1000              0.0000   2.863385e-02         0.9989
           1001              0.0000   2.862753e-02         0.9998
           1002              0.0000   2.861962e-02         0.9997
           1003              0.0000   2.859923e-02         0.9993
           1004              0.0000   2.854165e-02         0.9980
           1005              0.0000   2.849610e-02         0.9984
           1006              0.0000   2.847125e-02         0.9991
           1007              0.0000   2.845283e-02         0.9994
           1008              0.0000   2.843311e-02         0.9993
           1009              0.0000   2.841384e-02         0.9993
           1010              0.0000   2.839592e-02         0.9994
           1011              0.0000   2.837080e-02         0.9991
           1012              0.0000   2.834295e-02         0.9990
           1013              0.0000   2.830938e-02         0.9988
           1014              0.0000   2.827734e-02         0.9989
           1015              0.0000   2.825260e-02         0.9991
           1016              0.0000   2.823401e-02         0.9993
           1017              0.0000   2.820536e-02         0.9990
           1018              0.0000   2.817338e-02         0.9989
           1019              0.0000   2.814216e-02         0.9989
           1020              0.0000   2.811392e-02         0.9990
           1021              0.0000   2.808548e-02         0.9990
           1022              0.0000   2.805753e-02         0.9990
           1023              0.0000   2.802709e-02         0.9989
           1024              0.0000   2.799617e-02         0.9989
           1025              0.0000   2.796201e-02         0.9988
           1026              0.0000   2.792822e-02         0.9988
           1027              0.0000   2.789741e-02         0.9989
           1028              0.0000   2.786335e-02         0.9988
           1029              0.0000   2.782551e-02         0.9986
           1030              0.0000   2.778493e-02         0.9985
           1031              0.0000   2.774914e-02         0.9987
           1032              0.0000   2.770688e-02         0.9985
           1033              0.0000   2.766685e-02         0.9986
           1034              0.0000   2.762758e-02         0.9986
           1035              0.0000   2.759410e-02         0.9988
           1036              0.0000   2.755991e-02         0.9988
           1037              0.0000   2.752188e-02         0.9986
           1038              0.0000   2.747874e-02         0.9984
           1039              0.0000   2.743774e-02         0.9985
           1040              0.0000   2.740324e-02         0.9987
           1041              0.0000   2.736289e-02         0.9985
           1042              0.0000   2.732203e-02         0.9985
           1043              0.0000   2.728356e-02         0.9986
           1044              0.0000   2.724835e-02         0.9987
           1045              0.0000   2.720830e-02         0.9985
           1046              0.0000   2.716902e-02         0.9986
           1047              0.0000   2.713650e-02         0.9988
           1048              0.0000   2.710405e-02         0.9988
           1049              0.0000   2.707181e-02         0.9988
           1050              0.0000   2.704066e-02         0.9988
           1051              0.0000   2.701064e-02         0.9989
           1052              0.0000   2.697897e-02         0.9988
           1053              0.0000   2.694691e-02         0.9988
           1054              0.0000   2.691658e-02         0.9989
           1055              0.0000   2.689152e-02         0.9991
           1056              0.0000   2.686160e-02         0.9989
           1057              0.0000   2.682991e-02         0.9988
           1058              0.0000   2.679949e-02         0.9989
           1059              0.0000   2.677311e-02         0.9990
           1060              0.0000   2.674093e-02         0.9988
           1061              0.0000   2.671060e-02         0.9989
           1062              0.0000   2.667712e-02         0.9987
           1063              0.0000   2.664079e-02         0.9986
           1064              0.0000   2.660279e-02         0.9986
           1065              0.0000   2.656544e-02         0.9986
           1066              0.0000   2.652954e-02         0.9986
           1067              0.0000   2.648852e-02         0.9985
           1068              0.0000   2.645714e-02         0.9988
           1069              0.0000   2.642026e-02         0.9986
           1070              0.0000   2.638443e-02         0.9986
           1071              0.0000   2.633870e-02         0.9983
           1072              0.0000   2.629372e-02         0.9983
           1073              0.0000   2.624706e-02         0.9982
           1074              0.0000   2.619162e-02         0.9979
           1075              0.0000   2.613639e-02         0.9979
           1076              0.0000   2.607656e-02         0.9977
           1077              0.0000   2.602088e-02         0.9979
           1078              0.0000   2.596990e-02         0.9980
           1079              0.0000   2.590800e-02         0.9976
           1080              0.0000   2.584941e-02         0.9977
           1081              0.0000   2.579261e-02         0.9978
           1082              0.0000   2.573855e-02         0.9979
           1083              0.0000   2.568363e-02         0.9979
           1084              0.0000   2.562675e-02         0.9978
           1085              0.0000   2.557056e-02         0.9978
           1086              0.0000   2.551073e-02         0.9977
           1087              0.0000   2.544556e-02         0.9974
           1088              0.0000   2.538452e-02         0.9976
           1089              0.0000   2.532119e-02         0.9975
           1090              0.0000   2.525036e-02         0.9972
           1091              0.0000   2.519064e-02         0.9976
           1092              0.0000   2.513338e-02         0.9977
           1093              0.0000   2.507774e-02         0.9978
           1094              0.0000   2.502063e-02         0.9977
           1095              0.0000   2.496481e-02         0.9978
           1096              0.0000   2.490306e-02         0.9975
           1097              0.0000   2.485041e-02         0.9979
           1098              0.0000   2.480689e-02         0.9982
           1099              0.0000   2.476105e-02         0.9982
           1100              0.0000   2.471061e-02         0.9980
           1101              0.0000   2.465225e-02         0.9976
           1102              0.0000   2.459188e-02         0.9976
           1103              0.0000   2.454407e-02         0.9981
           1104              0.0000   2.449496e-02         0.9980
           1105              0.0000   2.443011e-02         0.9974
           1106              0.0000   2.437012e-02         0.9975
           1107              0.0000   2.432350e-02         0.9981
           1108              0.0000   2.426440e-02         0.9976
           1109              0.0000   2.419124e-02         0.9970
           1110              0.0000   2.413345e-02         0.9976
           1111              0.0000   2.408572e-02         0.9980
           1112              0.0000   2.404033e-02         0.9981
           1113              0.0000   2.400559e-02         0.9986
           1114              0.0000   2.397279e-02         0.9986
           1115              0.0000   2.393546e-02         0.9984
           1116              0.0000   2.389657e-02         0.9984
           1117              0.0000   2.385380e-02         0.9982
           1118              0.0000   2.381417e-02         0.9983
           1119              0.0000   2.378954e-02         0.9990
           1120              0.0000   2.375525e-02         0.9986
           1121              0.0000   2.370589e-02         0.9979
           1122              0.0000   2.366610e-02         0.9983
           1123              0.0000   2.362724e-02         0.9984
           1124              0.0000   2.358732e-02         0.9983
           1125              0.0000   2.354333e-02         0.9981
           1126              0.0000   2.350192e-02         0.9982
           1127              0.0000   2.346232e-02         0.9983
           1128              0.0000   2.341656e-02         0.9980
           1129              0.0000   2.337242e-02         0.9981
           1130              0.0000   2.332850e-02         0.9981
           1131              0.0000   2.328496e-02         0.9981
           1132              0.0000   2.324737e-02         0.9984
           1133              0.0000   2.321148e-02         0.9985
           1134              0.0000   2.317564e-02         0.9985
           1135              0.0000   2.313666e-02         0.9983
           1136              0.0000   2.309272e-02         0.9981
           1137              0.0000   2.305226e-02         0.9982
           1138              0.0000   2.301285e-02         0.9983
           1139              0.0000   2.297662e-02         0.9984
           1140              0.0000   2.294213e-02         0.9985
           1141              0.0000   2.290949e-02         0.9986
           1142              0.0000   2.287518e-02         0.9985
           1143              0.0000   2.285058e-02         0.9989
           1144              0.0000   2.282711e-02         0.9990
           1145              0.0000   2.279773e-02         0.9987
           1146              0.0000   2.277046e-02         0.9988
           1147              0.0000   2.274461e-02         0.9989
           1148              0.0000   2.272164e-02         0.9990
           1149              0.0000   2.269585e-02         0.9989
           1150              0.0000   2.266491e-02         0.9986
           1151              0.0000   2.263892e-02         0.9989
           1152              0.0000   2.260798e-02         0.9986
           1153              0.0000   2.258367e-02         0.9989
           1154              0.0000   2.256321e-02         0.9991
           1155              0.0000   2.253734e-02         0.9989
           1156              0.0000   2.251205e-02         0.9989
           1157              0.0000   2.248971e-02         0.9990
           1158              0.0000   2.246731e-02         0.9990
           1159              0.0000   2.244707e-02         0.9991
           1160              0.0000   2.242650e-02         0.9991
           1161              0.0000   2.240652e-02         0.9991
           1162              0.0000   2.238624e-02         0.9991
           1163              0.0000   2.236559e-02         0.9991
           1164              0.0000   2.234376e-02         0.9990
           1165              0.0000   2.232185e-02         0.9990
           1166              0.0000   2.229780e-02         0.9989
           1167              0.0000   2.227789e-02         0.9991
           1168              0.0000   2.225561e-02         0.9990
           1169              0.0000   2.222981e-02         0.9988
           1170              0.0000   2.220520e-02         0.9989
           1171              0.0000   2.218384e-02         0.9990
           1172              0.0000   2.216436e-02         0.9991
           1173              0.0000   2.213942e-02         0.9989
           1174              0.0000   2.211682e-02         0.9990
           1175              0.0000   2.209345e-02         0.9989
           1176              0.0000   2.207261e-02         0.9991
           1177              0.0000   2.205319e-02         0.9991
           1178              0.0000   2.203249e-02         0.9991
           1179              0.0000   2.200606e-02         0.9988
           1180              0.0000   2.197529e-02         0.9986
           1181              0.0000   2.194987e-02         0.9988
           1182              0.0000   2.193014e-02         0.9991
           1183              0.0000   2.191260e-02         0.9992
           1184              0.0000   2.188137e-02         0.9986
           1185              0.0000   2.185279e-02         0.9987
           1186              0.0000   2.182800e-02         0.9989
           1187              0.0000   2.180764e-02         0.9991
           1188              0.0000   2.178980e-02         0.9992
           1189              0.0000   2.175891e-02         0.9986
           1190              0.0000   2.172783e-02         0.9986
           1191              0.0000   2.169587e-02         0.9985
           1192              0.0000   2.166939e-02         0.9988
           1193              0.0000   2.163617e-02         0.9985
           1194              0.0000   2.159557e-02         0.9981
           1195              0.0000   2.155021e-02         0.9979
           1196              0.0000   2.150294e-02         0.9978
           1197              0.0000   2.144724e-02         0.9974
           1198              0.0000   2.140988e-02         0.9983
           1199              0.0000   2.136503e-02         0.9979
           1200              0.0000   2.135266e-02         0.9994
           1201              0.0000   2.134981e-02         0.9999
           1202              0.0000   2.134683e-02         0.9999
           1203              0.0000   2.133292e-02         0.9993
           1204              0.0000   2.129134e-02         0.9981
           1205              0.0000   2.124520e-02         0.9978
           1206              0.0000   2.121738e-02         0.9987
           1207              0.0000   2.119481e-02         0.9989
           1208              0.0000   2.116874e-02         0.9988
           1209              0.0000   2.115009e-02         0.9991
           1210              0.0000   2.113666e-02         0.9994
           1211              0.0000   2.112071e-02         0.9992
           1212              0.0000   2.110813e-02         0.9994
           1213              0.0000   2.108817e-02         0.9991
           1214              0.0000   2.106605e-02         0.9990
           1215              0.0000   2.104855e-02         0.9992
           1216              0.0000   2.103354e-02         0.9993
           1217              0.0000   2.101906e-02         0.9993
           1218              0.0000   2.100115e-02         0.9991
           1219              0.0000   2.098012e-02         0.9990
           1220              0.0000   2.095830e-02         0.9990
           1221              0.0000   2.093904e-02         0.9991
           1222              0.0000   2.092234e-02         0.9992
           1223              0.0000   2.090931e-02         0.9994
           1224              0.0000   2.089355e-02         0.9992
           1225              0.0000   2.087003e-02         0.9989
           1226              0.0000   2.084791e-02         0.9989
           1227              0.0000   2.082794e-02         0.9990
           1228              0.0000   2.081070e-02         0.9992
           1229              0.0000   2.079241e-02         0.9991
           1230              0.0000   2.076798e-02         0.9988
           1231              0.0000   2.074361e-02         0.9988
           1232              0.0000   2.072472e-02         0.9991
           1233              0.0000   2.070570e-02         0.9991
           1234              0.0000   2.068527e-02         0.9990
           1235              0.0000   2.066568e-02         0.9991
           1236              0.0000   2.064235e-02         0.9989
           1237              0.0000   2.061550e-02         0.9987
           1238              0.0000   2.058617e-02         0.9986
           1239              0.0000   2.056244e-02         0.9988
           1240              0.0000   2.053868e-02         0.9988
           1241              0.0000   2.051336e-02         0.9988
           1242              0.0000   2.048421e-02         0.9986
           1243              0.0000   2.046176e-02         0.9989
           1244              0.0000   2.044076e-02         0.9990
           1245              0.0000   2.042065e-02         0.9990
           1246              0.0000   2.039841e-02         0.9989
           1247              0.0000   2.037705e-02         0.9990
           1248              0.0000   2.035483e-02         0.9989
           1249              0.0000   2.033006e-02         0.9988
           1250              0.0000   2.030531e-02         0.9988
           1251              0.0000   2.027909e-02         0.9987
           1252              0.0000   2.024940e-02         0.9985
           1253              0.0000   2.022054e-02         0.9986
           1254              0.0000   2.019698e-02         0.9988
           1255              0.0000   2.017186e-02         0.9988
           1256              0.0000   2.013865e-02         0.9984
           1257              0.0000   2.010494e-02         0.9983
           1258              0.0000   2.007504e-02         0.9985
           1259              0.0000   2.004775e-02         0.9986
           1260              0.0000   2.001797e-02         0.9985
           1261              0.0000   1.998971e-02         0.9986
           1262              0.0000   1.996109e-02         0.9986
           1263              0.0000   1.992459e-02         0.9982
           1264              0.0000   1.989549e-02         0.9985
           1265              0.0000   1.987063e-02         0.9988
           1266              0.0000   1.983929e-02         0.9984
           1267              0.0000   1.981061e-02         0.9986
           1268              0.0000   1.977803e-02         0.9984
           1269              0.0000   1.974688e-02         0.9984
           1270              0.0000   1.971594e-02         0.9984
           1271              0.0000   1.967625e-02         0.9980
           1272              0.0000   1.964590e-02         0.9985
           1273              0.0000   1.962046e-02         0.9987
           1274              0.0000   1.958973e-02         0.9984
           1275              0.0000   1.956002e-02         0.9985
           1276              0.0000   1.952869e-02         0.9984
           1277              0.0000   1.949798e-02         0.9984
           1278              0.0000   1.946879e-02         0.9985
           1279              0.0000   1.944100e-02         0.9986
           1280              0.0000   1.940786e-02         0.9983
           1281              0.0000   1.937953e-02         0.9985
           1282              0.0000   1.934738e-02         0.9983
           1283              0.0000   1.931424e-02         0.9983
           1284              0.0000   1.928130e-02         0.9983
           1285              0.0000   1.924851e-02         0.9983
           1286              0.0000   1.922169e-02         0.9986
           1287              0.0000   1.918959e-02         0.9983
           1288              0.0000   1.915736e-02         0.9983
           1289              0.0000   1.912751e-02         0.9984
           1290              0.0000   1.909739e-02         0.9984
           1291              0.0000   1.906769e-02         0.9984
           1292              0.0000   1.903324e-02         0.9982
           1293              0.0000   1.900313e-02         0.9984
           1294              0.0000   1.898020e-02         0.9988
           1295              0.0000   1.895617e-02         0.9987
           1296              0.0000   1.892762e-02         0.9985
           1297              0.0000   1.889530e-02         0.9983
           1298              0.0000   1.886190e-02         0.9982
           1299              0.0000   1.882026e-02         0.9978
           1300              0.0000   1.878616e-02         0.9982
           1301              0.0000   1.875341e-02         0.9983
           1302              0.0000   1.872046e-02         0.9982
           1303              0.0000   1.868960e-02         0.9984
           1304              0.0000   1.865915e-02         0.9984
           1305              0.0000   1.861543e-02         0.9977
           1306              0.0000   1.857197e-02         0.9977
           1307              0.0000   1.853600e-02         0.9981
           1308              0.0000   1.850505e-02         0.9983
           1309              0.0000   1.848274e-02         0.9988
           1310              0.0000   1.845967e-02         0.9988
           1311              0.0000   1.842399e-02         0.9981
           1312              0.0000   1.837452e-02         0.9973
           1313              0.0000   1.833217e-02         0.9977
           1314              0.0000   1.829600e-02         0.9980
           1315              0.0000   1.826105e-02         0.9981
           1316              0.0000   1.822908e-02         0.9982
           1317              0.0000   1.819514e-02         0.9981
           1318              0.0000   1.814423e-02         0.9972
           1319              0.0000   1.810627e-02         0.9979
           1320              0.0000   1.807378e-02         0.9982
           1321              0.0000   1.804187e-02         0.9982
           1322              0.0000   1.800557e-02         0.9980
           1323              0.0000   1.797255e-02         0.9982
           1324              0.0000   1.793667e-02         0.9980
           1325              0.0000   1.790067e-02         0.9980
           1326              0.0000   1.786154e-02         0.9978
           1327              0.0000   1.782777e-02         0.9981
           1328              0.0000   1.779339e-02         0.9981
           1329              0.0000   1.775730e-02         0.9980
           1330              0.0000   1.772167e-02         0.9980
           1331              0.0000   1.768566e-02         0.9980
           1332              0.0000   1.764718e-02         0.9978
           1333              0.0000   1.761405e-02         0.9981
           1334              0.0000   1.758600e-02         0.9984
           1335              0.0000   1.755491e-02         0.9982
           1336              0.0000   1.752992e-02         0.9986
           1337              0.0000   1.750547e-02         0.9986
           1338              0.0000   1.747744e-02         0.9984
           1339              0.0000   1.745143e-02         0.9985
           1340              0.0000   1.742770e-02         0.9986
           1341              0.0000   1.740380e-02         0.9986
           1342              0.0000   1.737913e-02         0.9986
           1343              0.0000   1.735726e-02         0.9987
           1344              0.0000   1.733850e-02         0.9989
           1345              0.0000   1.731444e-02         0.9986
           1346              0.0000   1.729527e-02         0.9989
           1347              0.0000   1.727592e-02         0.9989
           1348              0.0000   1.725656e-02         0.9989
           1349              0.0000   1.723872e-02         0.9990
           1350              0.0000   1.721994e-02         0.9989
           1351              0.0000   1.719964e-02         0.9988
           1352              0.0000   1.718153e-02         0.9989
           1353              0.0000   1.716494e-02         0.9990
           1354              0.0000   1.714912e-02         0.9991
           1355              0.0000   1.713119e-02         0.9990
           1356              0.0000   1.711065e-02         0.9988
           1357              0.0000   1.709263e-02         0.9989
           1358              0.0000   1.707513e-02         0.9990
           1359              0.0000   1.705715e-02         0.9989
           1360              0.0000   1.703932e-02         0.9990
           1361              0.0000   1.701837e-02         0.9988
           1362              0.0000   1.699573e-02         0.9987
           1363              0.0000   1.697387e-02         0.9987
           1364              0.0000   1.695574e-02         0.9989
           1365              0.0000   1.693757e-02         0.9989
           1366              0.0000   1.691746e-02         0.9988
           1367              0.0000   1.689931e-02         0.9989
           1368              0.0000   1.687661e-02         0.9987
           1369              0.0000   1.685168e-02         0.9985
           1370              0.0000   1.682408e-02         0.9984
           1371              0.0000   1.679785e-02         0.9984
           1372              0.0000   1.676868e-02         0.9983
           1373              0.0000   1.673593e-02         0.9980
           1374              0.0000   1.670662e-02         0.9982
           1375              0.0000   1.667658e-02         0.9982
           1376              0.0000   1.663893e-02         0.9977
           1377              0.0000   1.660407e-02         0.9979
           1378              0.0000   1.656961e-02         0.9979
           1379              0.0000   1.653716e-02         0.9980
           1380              0.0000   1.650686e-02         0.9982
           1381              0.0000   1.647653e-02         0.9982
           1382              0.0000   1.644077e-02         0.9978
           1383              0.0000   1.640456e-02         0.9978
           1384              0.0000   1.636896e-02         0.9978
           1385              0.0000   1.633310e-02         0.9978
           1386              0.0000   1.629779e-02         0.9978
           1387              0.0000   1.626742e-02         0.9981
           1388              0.0000   1.623993e-02         0.9983
           1389              0.0000   1.620906e-02         0.9981
           1390              0.0000   1.617445e-02         0.9979
           1391              0.0000   1.613682e-02         0.9977
           1392              0.0000   1.610673e-02         0.9981
           1393              0.0000   1.608100e-02         0.9984
           1394              0.0000   1.606396e-02         0.9989
           1395              0.0000   1.604923e-02         0.9991
           1396              0.0000   1.603168e-02         0.9989
           1397              0.0000   1.599547e-02         0.9977
           1398              0.0000   1.595795e-02         0.9977
           1399              0.0000   1.590837e-02         0.9969
           1400              0.0000   1.588721e-02         0.9987
           1401              0.0000   1.588392e-02         0.9998
           1402              0.0000   1.587561e-02         0.9995
           1403              0.0000   1.586310e-02         0.9992
           1404              0.0000   1.582916e-02         0.9979
           1405              0.0000   1.580203e-02         0.9983
           1406              0.0000   1.578885e-02         0.9992
           1407              0.0000   1.577886e-02         0.9994
           1408              0.0000   1.576624e-02         0.9992
           1409              0.0000   1.575602e-02         0.9994
           1410              0.0000   1.574541e-02         0.9993
           1411              0.0000   1.572765e-02         0.9989
           1412              0.0000   1.570503e-02         0.9986
           1413              0.0000   1.568001e-02         0.9984
           1414              0.0000   1.565884e-02         0.9986
           1415              0.0000   1.563789e-02         0.9987
           1416              0.0000   1.562170e-02         0.9990
           1417              0.0000   1.559895e-02         0.9985
           1418              0.0000   1.557743e-02         0.9986
           1419              0.0000   1.555643e-02         0.9987
           1420              0.0000   1.553265e-02         0.9985
           1421              0.0000   1.550572e-02         0.9983
           1422              0.0000   1.547750e-02         0.9982
           1423              0.0000   1.545577e-02         0.9986
           1424              0.0000   1.543321e-02         0.9985
           1425              0.0000   1.540773e-02         0.9983
           1426              0.0000   1.538125e-02         0.9983
           1427              0.0000   1.535431e-02         0.9982
           1428              0.0000   1.533185e-02         0.9985
           1429              0.0000   1.530448e-02         0.9982
           1430              0.0000   1.527643e-02         0.9982
           1431              0.0000   1.525069e-02         0.9983
           1432              0.0000   1.522877e-02         0.9986
           1433              0.0000   1.520646e-02         0.9985
           1434              0.0000   1.518128e-02         0.9983
           1435              0.0000   1.516004e-02         0.9986
           1436              0.0000   1.514184e-02         0.9988
           1437              0.0000   1.512310e-02         0.9988
           1438              0.0000   1.510210e-02         0.9986
           1439              0.0000   1.508171e-02         0.9986
           1440              0.0000   1.506370e-02         0.9988
           1441              0.0000   1.504729e-02         0.9989
           1442              0.0000   1.503259e-02         0.9990
           1443              0.0000   1.501839e-02         0.9991
           1444              0.0000   1.500364e-02         0.9990
           1445              0.0000   1.498921e-02         0.9990
           1446              0.0000   1.497629e-02         0.9991
           1447              0.0000   1.496256e-02         0.9991
           1448              0.0000   1.494933e-02         0.9991
           1449              0.0000   1.493731e-02         0.9992
           1450              0.0000   1.492523e-02         0.9992
           1451              0.0000   1.491311e-02         0.9992
           1452              0.0000   1.489986e-02         0.9991
           1453              0.0000   1.488865e-02         0.9992
           1454              0.0000   1.487803e-02         0.9993
           1455              0.0000   1.486452e-02         0.9991
           1456              0.0000   1.485101e-02         0.9991
           1457              0.0000   1.483913e-02         0.9992
           1458              0.0000   1.482591e-02         0.9991
           1459              0.0000   1.481300e-02         0.9991
           1460              0.0000   1.479773e-02         0.9990
           1461              0.0000   1.478361e-02         0.9990
           1462              0.0000   1.476664e-02         0.9989
           1463              0.0000   1.474975e-02         0.9989
           1464              0.0000   1.473230e-02         0.9988
           1465              0.0000   1.471651e-02         0.9989
           1466              0.0000   1.469781e-02         0.9987
           1467              0.0000   1.467966e-02         0.9988
           1468              0.0000   1.466197e-02         0.9988
           1469              0.0000   1.464346e-02         0.9987
           1470              0.0000   1.462445e-02         0.9987
           1471              0.0000   1.460377e-02         0.9986
           1472              0.0000   1.458203e-02         0.9985
           1473              0.0000   1.456049e-02         0.9985
           1474              0.0000   1.453393e-02         0.9982
           1475              0.0000   1.450747e-02         0.9982
           1476              0.0000   1.447497e-02         0.9978
           1477              0.0000   1.444599e-02         0.9980
           1478              0.0000   1.441661e-02         0.9980
           1479              0.0000   1.438556e-02         0.9978
           1480              0.0000   1.435452e-02         0.9978
           1481              0.0000   1.432415e-02         0.9979
           1482              0.0000   1.429268e-02         0.9978
           1483              0.0000   1.426355e-02         0.9980
           1484              0.0000   1.423154e-02         0.9978
           1485              0.0000   1.419919e-02         0.9977
           1486              0.0000   1.416262e-02         0.9974
           1487              0.0000   1.412658e-02         0.9975
           1488              0.0000   1.408802e-02         0.9973
           1489              0.0000   1.404858e-02         0.9972
           1490              0.0000   1.400477e-02         0.9969
           1491              0.0000   1.396612e-02         0.9972
           1492              0.0000   1.393145e-02         0.9975
           1493              0.0000   1.389927e-02         0.9977
           1494              0.0000   1.386308e-02         0.9974
           1495              0.0000   1.382876e-02         0.9975
           1496              0.0000   1.379025e-02         0.9972
           1497              0.0000   1.375715e-02         0.9976
           1498              0.0000   1.373198e-02         0.9982
           1499              0.0000   1.370644e-02         0.9981
           1500              0.0000   1.368309e-02         0.9983
           1501              0.0000   1.365214e-02         0.9977
           1502              0.0000   1.362163e-02         0.9978
           1503              0.0000   1.359814e-02         0.9983
           1504              0.0000   1.357707e-02         0.9985
           1505              0.0000   1.354740e-02         0.9978
           1506              0.0000   1.351743e-02         0.9978
           1507              0.0000   1.349013e-02         0.9980
           1508              0.0000   1.346071e-02         0.9978
           1509              0.0000   1.342643e-02         0.9975
           1510              0.0000   1.339962e-02         0.9980
           1511              0.0000   1.337567e-02         0.9982
           1512              0.0000   1.334981e-02         0.9981
           1513              0.0000   1.332983e-02         0.9985
           1514              0.0000   1.331213e-02         0.9987
           1515              0.0000   1.329014e-02         0.9983
           1516              0.0000   1.326656e-02         0.9982
           1517              0.0000   1.324649e-02         0.9985
           1518              0.0000   1.322858e-02         0.9986
           1519              0.0000   1.321034e-02         0.9986
           1520              0.0000   1.318579e-02         0.9981
           1521              0.0000   1.315916e-02         0.9980
           1522              0.0000   1.313767e-02         0.9984
           1523              0.0000   1.311224e-02         0.9981
           1524              0.0000   1.308467e-02         0.9979
           1525              0.0000   1.306045e-02         0.9981
           1526              0.0000   1.303614e-02         0.9981
           1527              0.0000   1.300430e-02         0.9976
           1528              0.0000   1.297460e-02         0.9977
           1529              0.0000   1.294987e-02         0.9981
           1530              0.0000   1.292363e-02         0.9980
           1531              0.0000   1.289827e-02         0.9980
           1532              0.0000   1.287775e-02         0.9984
           1533              0.0000   1.285721e-02         0.9984
           1534              0.0000   1.283399e-02         0.9982
           1535              0.0000   1.281178e-02         0.9983
           1536              0.0000   1.279130e-02         0.9984
           1537              0.0000   1.276497e-02         0.9979
           1538              0.0000   1.273799e-02         0.9979
           1539              0.0000   1.271595e-02         0.9983
           1540              0.0000   1.269425e-02         0.9983
           1541              0.0000   1.267212e-02         0.9983
           1542              0.0000   1.265275e-02         0.9985
           1543              0.0000   1.263462e-02         0.9986
           1544              0.0000   1.261540e-02         0.9985
           1545              0.0000   1.259735e-02         0.9986
           1546              0.0000   1.258231e-02         0.9988
           1547              0.0000   1.256529e-02         0.9986
           1548              0.0000   1.254852e-02         0.9987
           1549              0.0000   1.253285e-02         0.9988
           1550              0.0000   1.251656e-02         0.9987
           1551              0.0000   1.249483e-02         0.9983
           1552              0.0000   1.247847e-02         0.9987
           1553              0.0000   1.246438e-02         0.9989
           1554              0.0000   1.244453e-02         0.9984
           1555              0.0000   1.242464e-02         0.9984
           1556              0.0000   1.240951e-02         0.9988
           1557              0.0000   1.239782e-02         0.9991
           1558              0.0000   1.238254e-02         0.9988
           1559              0.0000   1.236721e-02         0.9988
           1560              0.0000   1.235514e-02         0.9990
           1561              0.0000   1.234532e-02         0.9992
           1562              0.0000   1.233225e-02         0.9989
           1563              0.0000   1.232034e-02         0.9990
           1564              0.0000   1.230996e-02         0.9992
           1565              0.0000   1.229625e-02         0.9989
           1566              0.0000   1.228575e-02         0.9991
           1567              0.0000   1.227450e-02         0.9991
           1568              0.0000   1.226086e-02         0.9989
           1569              0.0000   1.224867e-02         0.9990
           1570              0.0000   1.223530e-02         0.9989
           1571              0.0000   1.222512e-02         0.9992
           1572              0.0000   1.221427e-02         0.9991
           1573              0.0000   1.220320e-02         0.9991
           1574              0.0000   1.219205e-02         0.9991
           1575              0.0000   1.218139e-02         0.9991
           1576              0.0000   1.217117e-02         0.9992
           1577              0.0000   1.216420e-02         0.9994
           1578              0.0000   1.215585e-02         0.9993
           1579              0.0000   1.214143e-02         0.9988
           1580              0.0000   1.212269e-02         0.9985
           1581              0.0000   1.211111e-02         0.9990
           1582              0.0000   1.210077e-02         0.9991
           1583              0.0000   1.208929e-02         0.9991
           1584              0.0000   1.207650e-02         0.9989
           1585              0.0000   1.206203e-02         0.9988
           1586              0.0000   1.204809e-02         0.9988
           1587              0.0000   1.203783e-02         0.9991
           1588              0.0000   1.203049e-02         0.9994
           1589              0.0000   1.201610e-02         0.9988
           1590              0.0000   1.199923e-02         0.9986
           1591              0.0000   1.198566e-02         0.9989
           1592              0.0000   1.197583e-02         0.9992
           1593              0.0000   1.196323e-02         0.9989
           1594              0.0000   1.194691e-02         0.9986
           1595              0.0000   1.192383e-02         0.9981
           1596              0.0000   1.189595e-02         0.9977
           1597              0.0000   1.186670e-02         0.9975
           1598              0.0000   1.184695e-02         0.9983
           1599              0.0000   1.182333e-02         0.9980
           1600              0.0000   1.181679e-02         0.9994
           1601              0.0000   1.181506e-02         0.9999
           1602              0.0000   1.181342e-02         0.9999
           1603              0.0000   1.180674e-02         0.9994
           1604              0.0000   1.178524e-02         0.9982
           1605              0.0000   1.176175e-02         0.9980
           1606              0.0000   1.174626e-02         0.9987
           1607              0.0000   1.173297e-02         0.9989
           1608              0.0000   1.171847e-02         0.9988
           1609              0.0000   1.170829e-02         0.9991
           1610              0.0000   1.170144e-02         0.9994
           1611              0.0000   1.169442e-02         0.9994
           1612              0.0000   1.168704e-02         0.9994
           1613              0.0000   1.167532e-02         0.9990
           1614              0.0000   1.166475e-02         0.9991
           1615              0.0000   1.165680e-02         0.9993
           1616              0.0000   1.165092e-02         0.9995
           1617              0.0000   1.164330e-02         0.9993
           1618              0.0000   1.163212e-02         0.9990
           1619              0.0000   1.162079e-02         0.9990
           1620              0.0000   1.161102e-02         0.9992
           1621              0.0000   1.160177e-02         0.9992
           1622              0.0000   1.159223e-02         0.9992
           1623              0.0000   1.158537e-02         0.9994
           1624              0.0000   1.157601e-02         0.9992
           1625              0.0000   1.156269e-02         0.9988
           1626              0.0000   1.155103e-02         0.9990
           1627              0.0000   1.154209e-02         0.9992
           1628              0.0000   1.153403e-02         0.9993
           1629              0.0000   1.152536e-02         0.9992
           1630              0.0000   1.151337e-02         0.9990
           1631              0.0000   1.150194e-02         0.9990
           1632              0.0000   1.149321e-02         0.9992
           1633              0.0000   1.148492e-02         0.9993
           1634              0.0000   1.147493e-02         0.9991
           1635              0.0000   1.146245e-02         0.9989
           1636              0.0000   1.144961e-02         0.9989
           1637              0.0000   1.143659e-02         0.9989
           1638              0.0000   1.142133e-02         0.9987
           1639              0.0000   1.140682e-02         0.9987
           1640              0.0000   1.139488e-02         0.9990
           1641              0.0000   1.138157e-02         0.9988
           1642              0.0000   1.136501e-02         0.9985
           1643              0.0000   1.135127e-02         0.9988
           1644              0.0000   1.134045e-02         0.9990
           1645              0.0000   1.132653e-02         0.9988
           1646              0.0000   1.131138e-02         0.9987
           1647              0.0000   1.129642e-02         0.9987
           1648              0.0000   1.128282e-02         0.9988
           1649              0.0000   1.126878e-02         0.9988
           1650              0.0000   1.125233e-02         0.9985
           1651              0.0000   1.123434e-02         0.9984
           1652              0.0000   1.121497e-02         0.9983
           1653              0.0000   1.119420e-02         0.9981
           1654              0.0000   1.117598e-02         0.9984
           1655              0.0000   1.116049e-02         0.9986
           1656              0.0000   1.114207e-02         0.9983
           1657              0.0000   1.112153e-02         0.9982
           1658              0.0000   1.110401e-02         0.9984
           1659              0.0000   1.108632e-02         0.9984
           1660              0.0000   1.106545e-02         0.9981
           1661              0.0000   1.104761e-02         0.9984
           1662              0.0000   1.103003e-02         0.9984
           1663              0.0000   1.101038e-02         0.9982
           1664              0.0000   1.098972e-02         0.9981
           1665              0.0000   1.097263e-02         0.9984
           1666              0.0000   1.095243e-02         0.9982
           1667              0.0000   1.093354e-02         0.9983
           1668              0.0000   1.091379e-02         0.9982
           1669              0.0000   1.089402e-02         0.9982
           1670              0.0000   1.087660e-02         0.9984
           1671              0.0000   1.085329e-02         0.9979
           1672              0.0000   1.083393e-02         0.9982
           1673              0.0000   1.081707e-02         0.9984
           1674              0.0000   1.079832e-02         0.9983
           1675              0.0000   1.078281e-02         0.9986
           1676              0.0000   1.076731e-02         0.9986
           1677              0.0000   1.075133e-02         0.9985
           1678              0.0000   1.073479e-02         0.9985
           1679              0.0000   1.071732e-02         0.9984
           1680              0.0000   1.069804e-02         0.9982
           1681              0.0000   1.068154e-02         0.9985
           1682              0.0000   1.066424e-02         0.9984
           1683              0.0000   1.064398e-02         0.9981
           1684              0.0000   1.062309e-02         0.9980
           1685              0.0000   1.060613e-02         0.9984
           1686              0.0000   1.059026e-02         0.9985
           1687              0.0000   1.057083e-02         0.9982
           1688              0.0000   1.055280e-02         0.9983
           1689              0.0000   1.053725e-02         0.9985
           1690              0.0000   1.052043e-02         0.9984
           1691              0.0000   1.050493e-02         0.9985
           1692              0.0000   1.048721e-02         0.9983
           1693              0.0000   1.047044e-02         0.9984
           1694              0.0000   1.045373e-02         0.9984
           1695              0.0000   1.043916e-02         0.9986
           1696              0.0000   1.042444e-02         0.9986
           1697              0.0000   1.040976e-02         0.9986
           1698              0.0000   1.039142e-02         0.9982
           1699              0.0000   1.037367e-02         0.9983
           1700              0.0000   1.035825e-02         0.9985
           1701              0.0000   1.034131e-02         0.9984
           1702              0.0000   1.032513e-02         0.9984
           1703              0.0000   1.030768e-02         0.9983
           1704              0.0000   1.029114e-02         0.9984
           1705              0.0000   1.026989e-02         0.9979
           1706              0.0000   1.025333e-02         0.9984
           1707              0.0000   1.023627e-02         0.9983
           1708              0.0000   1.021877e-02         0.9983
           1709              0.0000   1.020386e-02         0.9985
           1710              0.0000   1.018803e-02         0.9984
           1711              0.0000   1.016766e-02         0.9980
           1712              0.0000   1.014699e-02         0.9980
           1713              0.0000   1.012566e-02         0.9979
           1714              0.0000   1.010690e-02         0.9981
           1715              0.0000   1.008829e-02         0.9982
           1716              0.0000   1.006997e-02         0.9982
           1717              0.0000   1.004800e-02         0.9978
           1718              0.0000   1.002301e-02         0.9975
           1719              0.0000   9.996764e-03         0.9974
           1720              0.0000   9.973803e-03         0.9977
           1721              0.0000   9.954495e-03         0.9981
           1722              0.0000   9.933427e-03         0.9979
           1723              0.0000   9.910990e-03         0.9977
           1724              0.0000   9.890714e-03         0.9980
           1725              0.0000   9.871716e-03         0.9981
           1726              0.0000   9.849473e-03         0.9977
           1727              0.0000   9.830972e-03         0.9981
           1728              0.0000   9.811606e-03         0.9980
           1729              0.0000   9.791459e-03         0.9979
           1730              0.0000   9.771824e-03         0.9980
           1731              0.0000   9.754227e-03         0.9982
           1732              0.0000   9.733430e-03         0.9979
           1733              0.0000   9.715833e-03         0.9982
           1734              0.0000   9.699325e-03         0.9983
           1735              0.0000   9.684009e-03         0.9984
           1736              0.0000   9.670555e-03         0.9986
           1737              0.0000   9.657993e-03         0.9987
           1738              0.0000   9.644100e-03         0.9986
           1739              0.0000   9.631220e-03         0.9987
           1740              0.0000   9.619141e-03         0.9987
           1741              0.0000   9.607908e-03         0.9988
           1742              0.0000   9.597552e-03         0.9989
           1743              0.0000   9.586852e-03         0.9989
           1744              0.0000   9.577951e-03         0.9991
           1745              0.0000   9.567983e-03         0.9990
           1746              0.0000   9.557355e-03         0.9989
           1747              0.0000   9.548243e-03         0.9990
           1748              0.0000   9.539921e-03         0.9991
           1749              0.0000   9.530592e-03         0.9990
           1750              0.0000   9.521397e-03         0.9990
           1751              0.0000   9.513534e-03         0.9992
           1752              0.0000   9.504965e-03         0.9991
           1753              0.0000   9.496377e-03         0.9991
           1754              0.0000   9.489124e-03         0.9992
           1755              0.0000   9.481065e-03         0.9992
           1756              0.0000   9.473716e-03         0.9992
           1757              0.0000   9.465544e-03         0.9991
           1758              0.0000   9.458547e-03         0.9993
           1759              0.0000   9.451297e-03         0.9992
           1760              0.0000   9.442975e-03         0.9991
           1761              0.0000   9.435345e-03         0.9992
           1762              0.0000   9.427695e-03         0.9992
           1763              0.0000   9.419185e-03         0.9991
           1764              0.0000   9.410802e-03         0.9991
           1765              0.0000   9.401275e-03         0.9990
           1766              0.0000   9.392165e-03         0.9990
           1767              0.0000   9.383471e-03         0.9991
           1768              0.0000   9.373822e-03         0.9990
           1769              0.0000   9.362931e-03         0.9988
           1770              0.0000   9.350199e-03         0.9986
           1771              0.0000   9.335695e-03         0.9984
           1772              0.0000   9.318387e-03         0.9981
           1773              0.0000   9.299418e-03         0.9980
           1774              0.0000   9.282261e-03         0.9982
           1775              0.0000   9.262096e-03         0.9978
           1776              0.0000   9.236341e-03         0.9972
           1777              0.0000   9.210753e-03         0.9972
           1778              0.0000   9.181105e-03         0.9968
           1779              0.0000   9.152289e-03         0.9969
           1780              0.0000   9.125814e-03         0.9971
           1781              0.0000   9.094053e-03         0.9965
           1782              0.0000   9.060171e-03         0.9963
           1783              0.0000   9.026393e-03         0.9963
           1784              0.0000   8.986048e-03         0.9955
           1785              0.0000   8.947947e-03         0.9958
           1786              0.0000   8.915467e-03         0.9964
           1787              0.0000   8.879914e-03         0.9960
           1788              0.0000   8.846473e-03         0.9962
           1789              0.0000   8.810755e-03         0.9960
           1790              0.0000   8.780928e-03         0.9966
           1791              0.0000   8.748565e-03         0.9963
           1792              0.0000   8.721218e-03         0.9969
           1793              0.0000   8.696151e-03         0.9971
           1794              0.0000   8.676159e-03         0.9977
           1795              0.0000   8.661253e-03         0.9983
           1796              0.0000   8.644633e-03         0.9981
           1797              0.0000   8.623293e-03         0.9975
           1798              0.0000   8.605689e-03         0.9980
           1799              0.0000   8.587757e-03         0.9979
           1800              0.0000   8.580523e-03         0.9992
           1801              0.0000   8.579064e-03         0.9998
           1802              0.0000   8.575753e-03         0.9996
           1803              0.0000   8.568620e-03         0.9992
           1804              0.0000   8.549679e-03         0.9978
           1805              0.0000   8.536155e-03         0.9984
           1806              0.0000   8.526045e-03         0.9988
           1807              0.0000   8.516029e-03         0.9988
           1808              0.0000   8.502572e-03         0.9984
           1809              0.0000   8.490377e-03         0.9986
           1810              0.0000   8.478317e-03         0.9986
           1811              0.0000   8.460578e-03         0.9979
           1812              0.0000   8.440361e-03         0.9976
           1813              0.0000   8.417253e-03         0.9973
           1814              0.0000   8.394176e-03         0.9973
           1815              0.0000   8.367438e-03         0.9968
           1816              0.0000   8.346687e-03         0.9975
           1817              0.0000   8.325502e-03         0.9975
           1818              0.0000   8.302919e-03         0.9973
           1819              0.0000   8.280003e-03         0.9972
           1820              0.0000   8.255659e-03         0.9971
           1821              0.0000   8.230918e-03         0.9970
           1822              0.0000   8.205503e-03         0.9969
           1823              0.0000   8.182058e-03         0.9971
           1824              0.0000   8.162496e-03         0.9976
           1825              0.0000   8.140623e-03         0.9973
           1826              0.0000   8.119080e-03         0.9974
           1827              0.0000   8.095536e-03         0.9971
           1828              0.0000   8.076669e-03         0.9977
           1829              0.0000   8.058655e-03         0.9978
           1830              0.0000   8.039953e-03         0.9977
           1831              0.0000   8.023442e-03         0.9979
           1832              0.0000   8.008811e-03         0.9982
           1833              0.0000   7.993270e-03         0.9981
           1834              0.0000   7.979845e-03         0.9983
           1835              0.0000   7.968271e-03         0.9985
           1836              0.0000   7.957588e-03         0.9987
           1837              0.0000   7.948023e-03         0.9988
           1838              0.0000   7.937892e-03         0.9987
           1839              0.0000   7.929608e-03         0.9990
           1840              0.0000   7.922136e-03         0.9991
           1841              0.0000   7.915202e-03         0.9991
           1842              0.0000   7.908111e-03         0.9991
           1843              0.0000   7.900715e-03         0.9991
           1844              0.0000   7.894543e-03         0.9992
           1845              0.0000   7.887829e-03         0.9991
           1846              0.0000   7.881923e-03         0.9993
           1847              0.0000   7.876850e-03         0.9994
           1848              0.0000   7.872187e-03         0.9994
           1849              0.0000   7.867578e-03         0.9994
           1850              0.0000   7.863310e-03         0.9995
           1851              0.0000   7.858212e-03         0.9994
           1852              0.0000   7.852699e-03         0.9993
           1853              0.0000   7.848539e-03         0.9995
           1854              0.0000   7.844164e-03         0.9994
           1855              0.0000   7.839220e-03         0.9994
           1856              0.0000   7.834094e-03         0.9993
           1857              0.0000   7.828929e-03         0.9993
           1858              0.0000   7.823565e-03         0.9993
           1859              0.0000   7.817692e-03         0.9992
           1860              0.0000   7.810619e-03         0.9991
           1861              0.0000   7.804235e-03         0.9992
           1862              0.0000   7.796956e-03         0.9991
           1863              0.0000   7.789222e-03         0.9990
           1864              0.0000   7.781723e-03         0.9990
           1865              0.0000   7.774269e-03         0.9990
           1866              0.0000   7.765557e-03         0.9989
           1867              0.0000   7.758006e-03         0.9990
           1868              0.0000   7.751278e-03         0.9991
           1869              0.0000   7.742469e-03         0.9989
           1870              0.0000   7.733248e-03         0.9988
           1871              0.0000   7.722283e-03         0.9986
           1872              0.0000   7.710066e-03         0.9984
           1873              0.0000   7.698276e-03         0.9985
           1874              0.0000   7.681538e-03         0.9978
           1875              0.0000   7.665923e-03         0.9980
           1876              0.0000   7.647186e-03         0.9976
           1877              0.0000   7.631902e-03         0.9980
           1878              0.0000   7.615823e-03         0.9979
           1879              0.0000   7.600048e-03         0.9979
           1880              0.0000   7.583940e-03         0.9979
           1881              0.0000   7.568407e-03         0.9980
           1882              0.0000   7.554296e-03         0.9981
           1883              0.0000   7.539667e-03         0.9981
           1884              0.0000   7.523643e-03         0.9979
           1885              0.0000   7.506366e-03         0.9977
           1886              0.0000   7.486727e-03         0.9974
           1887              0.0000   7.469057e-03         0.9976
           1888              0.0000   7.447781e-03         0.9972
           1889              0.0000   7.427128e-03         0.9972
           1890              0.0000   7.402204e-03         0.9966
           1891              0.0000   7.380439e-03         0.9971
           1892              0.0000   7.363212e-03         0.9977
           1893              0.0000   7.346354e-03         0.9977
           1894              0.0000   7.329883e-03         0.9978
           1895              0.0000   7.314841e-03         0.9979
           1896              0.0000   7.298589e-03         0.9978
           1897              0.0000   7.283890e-03         0.9980
           1898              0.0000   7.270284e-03         0.9981
           1899              0.0000   7.256609e-03         0.9981
           1900              0.0000   7.244277e-03         0.9983
           1901              0.0000   7.227890e-03         0.9977
           1902              0.0000   7.210837e-03         0.9976
           1903              0.0000   7.197472e-03         0.9981
           1904              0.0000   7.183943e-03         0.9981
           1905              0.0000   7.167515e-03         0.9977
           1906              0.0000   7.151153e-03         0.9977
           1907              0.0000   7.137940e-03         0.9982
           1908              0.0000   7.124517e-03         0.9981
           1909              0.0000   7.109297e-03         0.9979
           1910              0.0000   7.095186e-03         0.9980
           1911              0.0000   7.084391e-03         0.9985
           1912              0.0000   7.073015e-03         0.9984
           1913              0.0000   7.063079e-03         0.9986
           1914              0.0000   7.053303e-03         0.9986
           1915              0.0000   7.043744e-03         0.9986
           1916              0.0000   7.032073e-03         0.9983
           1917              0.0000   7.019169e-03         0.9982
           1918              0.0000   7.009019e-03         0.9986
           1919              0.0000   7.000384e-03         0.9988
           1920              0.0000   6.988579e-03         0.9983
           1921              0.0000   6.976222e-03         0.9982
           1922              0.0000   6.964379e-03         0.9983
           1923              0.0000   6.950282e-03         0.9980
           1924              0.0000   6.936151e-03         0.9980
           1925              0.0000   6.923822e-03         0.9982
           1926              0.0000   6.910597e-03         0.9981
           1927              0.0000   6.896006e-03         0.9979
           1928              0.0000   6.882702e-03         0.9981
           1929              0.0000   6.869363e-03         0.9981
           1930              0.0000   6.855414e-03         0.9980
           1931              0.0000   6.841148e-03         0.9979
           1932              0.0000   6.827789e-03         0.9980
           1933              0.0000   6.814942e-03         0.9981
           1934              0.0000   6.803211e-03         0.9983
           1935              0.0000   6.790803e-03         0.9982
           1936              0.0000   6.778322e-03         0.9982
           1937              0.0000   6.763378e-03         0.9978
           1938              0.0000   6.748490e-03         0.9978
           1939              0.0000   6.735297e-03         0.9980
           1940              0.0000   6.722470e-03         0.9981
           1941              0.0000   6.707733e-03         0.9978
           1942              0.0000   6.695365e-03         0.9982
           1943              0.0000   6.685978e-03         0.9986
           1944              0.0000   6.674690e-03         0.9983
           1945              0.0000   6.662686e-03         0.9982
           1946              0.0000   6.653498e-03         0.9986
           1947              0.0000   6.642071e-03         0.9983
           1948              0.0000   6.630731e-03         0.9983
           1949              0.0000   6.621780e-03         0.9987
           1950              0.0000   6.610737e-03         0.9983
           1951              0.0000   6.598118e-03         0.9981
           1952              0.0000   6.587157e-03         0.9983
           1953              0.0000   6.577648e-03         0.9986
           1954              0.0000   6.568652e-03         0.9986
           1955              0.0000   6.556732e-03         0.9982
           1956              0.0000   6.546745e-03         0.9985
           1957              0.0000   6.537104e-03         0.9985
           1958              0.0000   6.527361e-03         0.9985
           1959              0.0000   6.519703e-03         0.9988
           1960              0.0000   6.511875e-03         0.9988
           1961              0.0000   6.504650e-03         0.9989
           1962              0.0000   6.496337e-03         0.9987
           1963              0.0000   6.488857e-03         0.9988
           1964              0.0000   6.480865e-03         0.9988
           1965              0.0000   6.472267e-03         0.9987
           1966              0.0000   6.465510e-03         0.9990
           1967              0.0000   6.460166e-03         0.9992
           1968              0.0000   6.453344e-03         0.9989
           1969              0.0000   6.445511e-03         0.9988
           1970              0.0000   6.439005e-03         0.9990
           1971              0.0000   6.432480e-03         0.9990
           1972              0.0000   6.425877e-03         0.9990
           1973              0.0000   6.420350e-03         0.9991
           1974              0.0000   6.416224e-03         0.9994
           1975              0.0000   6.410303e-03         0.9991
           1976              0.0000   6.404300e-03         0.9991
           1977              0.0000   6.399397e-03         0.9992
           1978              0.0000   6.395193e-03         0.9993
           1979              0.0000   6.388403e-03         0.9989
           1980              0.0000   6.378543e-03         0.9985
           1981              0.0000   6.371824e-03         0.9989
           1982              0.0000   6.366637e-03         0.9992
           1983              0.0000   6.360479e-03         0.9990
           1984              0.0000   6.354036e-03         0.9990
           1985              0.0000   6.348020e-03         0.9991
           1986              0.0000   6.341886e-03         0.9990
           1987              0.0000   6.335692e-03         0.9990
           1988              0.0000   6.331002e-03         0.9993
           1989              0.0000   6.326011e-03         0.9992
           1990              0.0000   6.319016e-03         0.9989
           1991              0.0000   6.311548e-03         0.9988
           1992              0.0000   6.305456e-03         0.9990
           1993              0.0000   6.299081e-03         0.9990
           1994              0.0000   6.289033e-03         0.9984
           1995              0.0000   6.276803e-03         0.9981
           1996              0.0000   6.257657e-03         0.9969
           1997              0.0000   6.244334e-03         0.9979
           1998              0.0000   6.237249e-03         0.9989
           1999              0.0000   6.226188e-03         0.9982
           2000              0.0000   6.222359e-03         0.9994
           2001              0.0000   6.221373e-03         0.9998
           2002              0.0000   6.220385e-03         0.9998
           2003              0.0000   6.216598e-03         0.9994
           2004              0.0000   6.202263e-03         0.9977
           2005              0.0000   6.188603e-03         0.9978
           2006              0.0000   6.179867e-03         0.9986
           2007              0.0000   6.172792e-03         0.9989
           2008              0.0000   6.165827e-03         0.9989
           2009              0.0000   6.161179e-03         0.9992
           2010              0.0000   6.157929e-03         0.9995
           2011              0.0000   6.153202e-03         0.9992
           2012              0.0000   6.150143e-03         0.9995
           2013              0.0000   6.145788e-03         0.9993
           2014              0.0000   6.140971e-03         0.9992
           2015              0.0000   6.137049e-03         0.9994
           2016              0.0000   6.133670e-03         0.9994
           2017              0.0000   6.130070e-03         0.9994
           2018              0.0000   6.124705e-03         0.9991
           2019              0.0000   6.120071e-03         0.9992
           2020              0.0000   6.115668e-03         0.9993
           2021              0.0000   6.110664e-03         0.9992
           2022              0.0000   6.105443e-03         0.9991
           2023              0.0000   6.100622e-03         0.9992
           2024              0.0000   6.096182e-03         0.9993
           2025              0.0000   6.089958e-03         0.9990
           2026              0.0000   6.084279e-03         0.9991
           2027              0.0000   6.080056e-03         0.9993
           2028              0.0000   6.076861e-03         0.9995
           2029              0.0000   6.073768e-03         0.9995
           2030              0.0000   6.066993e-03         0.9989
           2031              0.0000   6.060995e-03         0.9990
           2032              0.0000   6.055784e-03         0.9991
           2033              0.0000   6.051384e-03         0.9993
           2034              0.0000   6.046509e-03         0.9992
           2035              0.0000   6.040789e-03         0.9991
           2036              0.0000   6.033977e-03         0.9989
           2037              0.0000   6.027663e-03         0.9990
           2038              0.0000   6.019571e-03         0.9987
           2039              0.0000   6.011911e-03         0.9987
           2040              0.0000   6.004732e-03         0.9988
           2041              0.0000   5.997284e-03         0.9988
           2042              0.0000   5.989203e-03         0.9987
           2043              0.0000   5.981904e-03         0.9988
           2044              0.0000   5.975129e-03         0.9989
           2045              0.0000   5.967994e-03         0.9988
           2046              0.0000   5.959464e-03         0.9986
           2047              0.0000   5.949699e-03         0.9984
           2048              0.0000   5.941275e-03         0.9986
           2049              0.0000   5.932487e-03         0.9985
           2050              0.0000   5.922537e-03         0.9983
           2051              0.0000   5.911985e-03         0.9982
           2052              0.0000   5.900698e-03         0.9981
           2053              0.0000   5.890909e-03         0.9983
           2054              0.0000   5.881967e-03         0.9985
           2055              0.0000   5.872368e-03         0.9984
           2056              0.0000   5.860368e-03         0.9980
           2057              0.0000   5.847239e-03         0.9978
           2058              0.0000   5.838066e-03         0.9984
           2059              0.0000   5.828971e-03         0.9984
           2060              0.0000   5.817393e-03         0.9980
           2061              0.0000   5.806973e-03         0.9982
           2062              0.0000   5.795428e-03         0.9980
           2063              0.0000   5.783190e-03         0.9979
           2064              0.0000   5.771993e-03         0.9981
           2065              0.0000   5.761938e-03         0.9983
           2066              0.0000   5.749932e-03         0.9979
           2067              0.0000   5.738678e-03         0.9980
           2068              0.0000   5.726261e-03         0.9978
           2069              0.0000   5.715244e-03         0.9981
           2070              0.0000   5.704753e-03         0.9982
           2071              0.0000   5.691797e-03         0.9977
           2072              0.0000   5.680403e-03         0.9980
           2073              0.0000   5.671468e-03         0.9984
           2074              0.0000   5.661830e-03         0.9983
           2075              0.0000   5.652537e-03         0.9984
           2076              0.0000   5.642722e-03         0.9983
           2077              0.0000   5.633876e-03         0.9984
           2078              0.0000   5.624699e-03         0.9984
           2079              0.0000   5.616016e-03         0.9985
           2080              0.0000   5.605264e-03         0.9981
           2081              0.0000   5.595593e-03         0.9983
           2082              0.0000   5.585473e-03         0.9982
           2083              0.0000   5.576215e-03         0.9983
           2084              0.0000   5.566737e-03         0.9983
           2085              0.0000   5.557391e-03         0.9983
           2086              0.0000   5.547217e-03         0.9982
           2087              0.0000   5.537587e-03         0.9983
           2088              0.0000   5.529516e-03         0.9985
           2089              0.0000   5.520544e-03         0.9984
           2090              0.0000   5.511895e-03         0.9984
           2091              0.0000   5.501626e-03         0.9981
           2092              0.0000   5.492239e-03         0.9983
           2093              0.0000   5.484137e-03         0.9985
           2094              0.0000   5.476509e-03         0.9986
           2095              0.0000   5.469039e-03         0.9986
           2096              0.0000   5.461126e-03         0.9986
           2097              0.0000   5.453068e-03         0.9985
           2098              0.0000   5.443898e-03         0.9983
           2099              0.0000   5.434393e-03         0.9983
           2100              0.0000   5.426752e-03         0.9986
           2101              0.0000   5.418629e-03         0.9985
           2102              0.0000   5.408370e-03         0.9981
           2103              0.0000   5.399371e-03         0.9983
           2104              0.0000   5.388873e-03         0.9981
           2105              0.0000   5.377979e-03         0.9980
           2106              0.0000   5.368514e-03         0.9982
           2107              0.0000   5.360157e-03         0.9984
           2108              0.0000   5.351980e-03         0.9985
           2109              0.0000   5.344409e-03         0.9986
           2110              0.0000   5.336104e-03         0.9984
           2111              0.0000   5.325119e-03         0.9979
           2112              0.0000   5.313995e-03         0.9979
           2113              0.0000   5.305096e-03         0.9983
           2114              0.0000   5.296407e-03         0.9984
           2115              0.0000   5.285881e-03         0.9980
           2116              0.0000   5.273892e-03         0.9977
           2117              0.0000   5.260743e-03         0.9975
           2118              0.0000   5.248258e-03         0.9976
           2119              0.0000   5.236129e-03         0.9977
           2120              0.0000   5.226000e-03         0.9981
           2121              0.0000   5.215730e-03         0.9980
           2122              0.0000   5.205028e-03         0.9979
           2123              0.0000   5.194194e-03         0.9979
           2124              0.0000   5.185429e-03         0.9983
           2125              0.0000   5.176124e-03         0.9982
           2126              0.0000   5.166744e-03         0.9982
           2127              0.0000   5.155556e-03         0.9978
           2128              0.0000   5.145039e-03         0.9980
           2129              0.0000   5.135404e-03         0.9981
           2130              0.0000   5.126652e-03         0.9983
           2131              0.0000   5.116462e-03         0.9980
           2132              0.0000   5.105381e-03         0.9978
           2133              0.0000   5.095926e-03         0.9981
           2134              0.0000   5.088592e-03         0.9986
           2135              0.0000   5.080494e-03         0.9984
           2136              0.0000   5.073663e-03         0.9987
           2137              0.0000   5.067019e-03         0.9987
           2138              0.0000   5.060053e-03         0.9986
           2139              0.0000   5.054687e-03         0.9989
           2140              0.0000   5.049574e-03         0.9990
           2141              0.0000   5.044993e-03         0.9991
           2142              0.0000   5.039815e-03         0.9990
           2143              0.0000   5.034573e-03         0.9990
           2144              0.0000   5.030096e-03         0.9991
           2145              0.0000   5.025383e-03         0.9991
           2146              0.0000   5.020423e-03         0.9990
           2147              0.0000   5.016398e-03         0.9992
           2148              0.0000   5.012963e-03         0.9993
           2149              0.0000   5.009078e-03         0.9992
           2150              0.0000   5.004990e-03         0.9992
           2151              0.0000   5.001048e-03         0.9992
           2152              0.0000   4.997355e-03         0.9993
           2153              0.0000   4.994557e-03         0.9994
           2154              0.0000   4.991718e-03         0.9994
           2155              0.0000   4.988441e-03         0.9993
           2156              0.0000   4.984982e-03         0.9993
           2157              0.0000   4.981737e-03         0.9993
           2158              0.0000   4.978866e-03         0.9994
           2159              0.0000   4.976072e-03         0.9994
           2160              0.0000   4.973115e-03         0.9994
           2161              0.0000   4.970014e-03         0.9994
           2162              0.0000   4.965886e-03         0.9992
           2163              0.0000   4.961786e-03         0.9992
           2164              0.0000   4.958311e-03         0.9993
           2165              0.0000   4.955237e-03         0.9994
           2166              0.0000   4.951675e-03         0.9993
           2167              0.0000   4.947426e-03         0.9991
           2168              0.0000   4.943271e-03         0.9992
           2169              0.0000   4.937410e-03         0.9988
           2170              0.0000   4.930074e-03         0.9985
           2171              0.0000   4.922831e-03         0.9985
           2172              0.0000   4.913851e-03         0.9982
           2173              0.0000   4.902271e-03         0.9976
           2174              0.0000   4.890082e-03         0.9975
           2175              0.0000   4.875351e-03         0.9970
           2176              0.0000   4.857286e-03         0.9963
           2177              0.0000   4.840266e-03         0.9965
           2178              0.0000   4.819031e-03         0.9956
           2179              0.0000   4.796632e-03         0.9954
           2180              0.0000   4.772992e-03         0.9951
           2181              0.0000   4.747162e-03         0.9946
           2182              0.0000   4.716326e-03         0.9935
           2183              0.0000   4.683235e-03         0.9930
           2184              0.0000   4.639542e-03         0.9907
           2185              0.0000   4.593016e-03         0.9900
           2186              0.0000   4.550489e-03         0.9907
           2187              0.0000   4.508656e-03         0.9908
           2188              0.0000   4.459062e-03         0.9890
           2189              0.0000   4.408189e-03         0.9886
           2190              0.0000   4.355247e-03         0.9880
           2191              0.0000   4.310110e-03         0.9896
           2192              0.0000   4.270729e-03         0.9909
           2193              0.0000   4.231947e-03         0.9909
           2194              0.0000   4.201955e-03         0.9929
           2195              0.0000   4.182922e-03         0.9955
           2196              0.0000   4.168143e-03         0.9965
           2197              0.0000   4.149435e-03         0.9955
           2198              0.0000   4.139450e-03         0.9976
           2199              0.0000   4.125347e-03         0.9966
           2200              0.0000   4.118981e-03         0.9985
           2201              0.0000   4.117702e-03         0.9997
           2202              0.0000   4.113784e-03         0.9990
           2203              0.0000   4.108322e-03         0.9987
           2204              0.0000   4.095488e-03         0.9969
           2205              0.0000   4.081913e-03         0.9967
           2206              0.0000   4.071779e-03         0.9975
           2207              0.0000   4.061037e-03         0.9974
           2208              0.0000   4.043199e-03         0.9956
           2209              0.0000   4.025792e-03         0.9957
           2210              0.0000   4.007305e-03         0.9954
           2211              0.0000   3.985138e-03         0.9945
           2212              0.0000   3.960882e-03         0.9939
           2213              0.0000   3.927798e-03         0.9916
           2214              0.0000   3.895543e-03         0.9918
           2215              0.0000   3.861152e-03         0.9912
           2216              0.0000   3.837223e-03         0.9938
           2217              0.0000   3.810616e-03         0.9931
           2218              0.0000   3.784793e-03         0.9932
           2219              0.0000   3.757884e-03         0.9929
           2220              0.0000   3.734509e-03         0.9938
           2221              0.0000   3.712666e-03         0.9942
           2222              0.0000   3.691843e-03         0.9944
           2223              0.0000   3.670692e-03         0.9943
           2224              0.0000   3.653105e-03         0.9952
           2225              0.0000   3.636874e-03         0.9956
           2226              0.0000   3.619306e-03         0.9952
           2227              0.0000   3.603029e-03         0.9955
           2228              0.0000   3.588502e-03         0.9960
           2229              0.0000   3.572411e-03         0.9955
           2230              0.0000   3.559911e-03         0.9965
           2231              0.0000   3.547845e-03         0.9966
           2232              0.0000   3.538449e-03         0.9974
           2233              0.0000   3.529401e-03         0.9974
           2234              0.0000   3.520999e-03         0.9976
           2235              0.0000   3.514089e-03         0.9980
           2236              0.0000   3.507983e-03         0.9983
           2237              0.0000   3.501573e-03         0.9982
           2238              0.0000   3.495125e-03         0.9982
           2239              0.0000   3.490171e-03         0.9986
           2240              0.0000   3.485579e-03         0.9987
           2241              0.0000   3.481700e-03         0.9989
           2242              0.0000   3.477542e-03         0.9988
           2243              0.0000   3.474251e-03         0.9991
           2244              0.0000   3.470448e-03         0.9989
           2245              0.0000   3.466375e-03         0.9988
           2246              0.0000   3.463304e-03         0.9991
           2247              0.0000   3.460726e-03         0.9993
           2248              0.0000   3.458115e-03         0.9992
           2249              0.0000   3.456065e-03         0.9994
           2250              0.0000   3.454057e-03         0.9994
           2251              0.0000   3.451992e-03         0.9994
           2252              0.0000   3.449573e-03         0.9993
           2253              0.0000   3.447705e-03         0.9995
           2254              0.0000   3.446282e-03         0.9996
           2255              0.0000   3.444553e-03         0.9995
           2256              0.0000   3.442735e-03         0.9995
           2257              0.0000   3.440947e-03         0.9995
           2258              0.0000   3.439374e-03         0.9995
           2259              0.0000   3.437715e-03         0.9995
           2260              0.0000   3.435490e-03         0.9994
           2261              0.0000   3.433397e-03         0.9994
           2262              0.0000   3.431200e-03         0.9994
           2263              0.0000   3.428530e-03         0.9992
           2264              0.0000   3.425989e-03         0.9993
           2265              0.0000   3.423860e-03         0.9994
           2266              0.0000   3.421070e-03         0.9992
           2267              0.0000   3.418228e-03         0.9992
           2268              0.0000   3.415791e-03         0.9993
           2269              0.0000   3.413036e-03         0.9992
           2270              0.0000   3.409621e-03         0.9990
           2271              0.0000   3.405315e-03         0.9987
           2272              0.0000   3.400999e-03         0.9987
           2273              0.0000   3.395532e-03         0.9984
           2274              0.0000   3.389857e-03         0.9983
           2275              0.0000   3.383971e-03         0.9983
           2276              0.0000   3.377427e-03         0.9981
           2277              0.0000   3.372466e-03         0.9985
           2278              0.0000   3.366893e-03         0.9983
           2279              0.0000   3.361301e-03         0.9983
           2280              0.0000   3.356171e-03         0.9985
           2281              0.0000   3.350971e-03         0.9985
           2282              0.0000   3.346047e-03         0.9985
           2283              0.0000   3.341484e-03         0.9986
           2284              0.0000   3.336677e-03         0.9986
           2285              0.0000   3.331690e-03         0.9985
           2286              0.0000   3.326037e-03         0.9983
           2287              0.0000   3.320191e-03         0.9982
           2288              0.0000   3.314064e-03         0.9982
           2289              0.0000   3.309069e-03         0.9985
           2290              0.0000   3.303104e-03         0.9982
           2291              0.0000   3.296657e-03         0.9980
           2292              0.0000   3.291146e-03         0.9983
           2293              0.0000   3.286287e-03         0.9985
           2294              0.0000   3.282028e-03         0.9987
           2295              0.0000   3.277120e-03         0.9985
           2296              0.0000   3.271857e-03         0.9984
           2297              0.0000   3.265699e-03         0.9981
           2298              0.0000   3.260396e-03         0.9984
           2299              0.0000   3.255156e-03         0.9984
           2300              0.0000   3.249809e-03         0.9984
           2301              0.0000   3.242786e-03         0.9978
           2302              0.0000   3.234380e-03         0.9974
           2303              0.0000   3.226833e-03         0.9977
           2304              0.0000   3.219116e-03         0.9976
           2305              0.0000   3.210995e-03         0.9975
           2306              0.0000   3.202842e-03         0.9975
           2307              0.0000   3.194921e-03         0.9975
           2308              0.0000   3.185639e-03         0.9971
           2309              0.0000   3.176303e-03         0.9971
           2310              0.0000   3.167827e-03         0.9973
           2311              0.0000   3.160395e-03         0.9977
           2312              0.0000   3.153535e-03         0.9978
           2313              0.0000   3.147962e-03         0.9982
           2314              0.0000   3.141495e-03         0.9979
           2315              0.0000   3.134769e-03         0.9979
           2316              0.0000   3.127702e-03         0.9977
           2317              0.0000   3.119929e-03         0.9975
           2318              0.0000   3.113203e-03         0.9978
           2319              0.0000   3.108989e-03         0.9986
           2320              0.0000   3.103225e-03         0.9981
           2321              0.0000   3.096351e-03         0.9978
           2322              0.0000   3.089674e-03         0.9978
           2323              0.0000   3.083219e-03         0.9979
           2324              0.0000   3.076760e-03         0.9979
           2325              0.0000   3.071136e-03         0.9982
           2326              0.0000   3.065345e-03         0.9981
           2327              0.0000   3.059251e-03         0.9980
           2328              0.0000   3.053242e-03         0.9980
           2329              0.0000   3.048101e-03         0.9983
           2330              0.0000   3.043295e-03         0.9984
           2331              0.0000   3.037999e-03         0.9983
           2332              0.0000   3.032023e-03         0.9980
           2333              0.0000   3.027168e-03         0.9984
           2334              0.0000   3.022269e-03         0.9984
           2335              0.0000   3.017033e-03         0.9983
           2336              0.0000   3.011629e-03         0.9982
           2337              0.0000   3.005385e-03         0.9979
           2338              0.0000   2.999282e-03         0.9980
           2339              0.0000   2.993329e-03         0.9980
           2340              0.0000   2.986808e-03         0.9978
           2341              0.0000   2.980810e-03         0.9980
           2342              0.0000   2.974686e-03         0.9979
           2343              0.0000   2.968626e-03         0.9980
           2344              0.0000   2.963377e-03         0.9982
           2345              0.0000   2.958311e-03         0.9983
           2346              0.0000   2.953187e-03         0.9983
           2347              0.0000   2.947811e-03         0.9982
           2348              0.0000   2.943142e-03         0.9984
           2349              0.0000   2.937656e-03         0.9981
           2350              0.0000   2.931873e-03         0.9980
           2351              0.0000   2.926487e-03         0.9982
           2352              0.0000   2.921470e-03         0.9983
           2353              0.0000   2.916418e-03         0.9983
           2354              0.0000   2.911014e-03         0.9981
           2355              0.0000   2.905585e-03         0.9981
           2356              0.0000   2.900715e-03         0.9983
           2357              0.0000   2.896407e-03         0.9985
           2358              0.0000   2.892097e-03         0.9985
           2359              0.0000   2.887562e-03         0.9984
           2360              0.0000   2.884153e-03         0.9988
           2361              0.0000   2.880037e-03         0.9986
           2362              0.0000   2.875274e-03         0.9983
           2363              0.0000   2.871670e-03         0.9987
           2364              0.0000   2.867736e-03         0.9986
           2365              0.0000   2.863601e-03         0.9986
           2366              0.0000   2.859355e-03         0.9985
           2367              0.0000   2.855511e-03         0.9987
           2368              0.0000   2.851037e-03         0.9984
           2369              0.0000   2.846557e-03         0.9984
           2370              0.0000   2.842568e-03         0.9986
           2371              0.0000   2.838988e-03         0.9987
           2372              0.0000   2.835499e-03         0.9988
           2373              0.0000   2.832551e-03         0.9990
           2374              0.0000   2.829156e-03         0.9988
           2375              0.0000   2.825588e-03         0.9987
           2376              0.0000   2.821821e-03         0.9987
           2377              0.0000   2.818516e-03         0.9988
           2378              0.0000   2.815663e-03         0.9990
           2379              0.0000   2.811972e-03         0.9987
           2380              0.0000   2.806800e-03         0.9982
           2381              0.0000   2.802590e-03         0.9985
           2382              0.0000   2.799271e-03         0.9988
           2383              0.0000   2.796161e-03         0.9989
           2384              0.0000   2.793426e-03         0.9990
           2385              0.0000   2.789991e-03         0.9988
           2386              0.0000   2.786448e-03         0.9987
           2387              0.0000   2.784109e-03         0.9992
           2388              0.0000   2.782575e-03         0.9994
           2389              0.0000   2.779939e-03         0.9991
           2390              0.0000   2.776981e-03         0.9989
           2391              0.0000   2.774248e-03         0.9990
           2392              0.0000   2.772163e-03         0.9992
           2393              0.0000   2.769764e-03         0.9991
           2394              0.0000   2.766795e-03         0.9989
           2395              0.0000   2.762401e-03         0.9984
           2396              0.0000   2.757449e-03         0.9982
           2397              0.0000   2.752845e-03         0.9983
           2398              0.0000   2.750398e-03         0.9991
           2399              0.0000   2.747238e-03         0.9989
           2400              0.0000   2.746570e-03         0.9998
           2401              0.0000   2.746311e-03         0.9999
           2402              0.0000   2.745989e-03         0.9999
           2403              0.0000   2.745121e-03         0.9997
           2404              0.0000   2.741586e-03         0.9987
           2405              0.0000   2.738120e-03         0.9987
           2406              0.0000   2.735552e-03         0.9991
           2407              0.0000   2.733757e-03         0.9993
           2408              0.0000   2.731811e-03         0.9993
           2409              0.0000   2.730499e-03         0.9995
           2410              0.0000   2.729544e-03         0.9997
           2411              0.0000   2.728436e-03         0.9996
           2412              0.0000   2.727254e-03         0.9996
           2413              0.0000   2.725769e-03         0.9995
           2414              0.0000   2.724162e-03         0.9994
           2415              0.0000   2.722781e-03         0.9995
           2416              0.0000   2.721723e-03         0.9996
           2417              0.0000   2.720541e-03         0.9996
           2418              0.0000   2.718544e-03         0.9993
           2419              0.0000   2.716417e-03         0.9992
           2420              0.0000   2.714716e-03         0.9994
           2421              0.0000   2.713163e-03         0.9994
           2422              0.0000   2.710970e-03         0.9992
           2423              0.0000   2.708733e-03         0.9992
           2424              0.0000   2.706214e-03         0.9991
           2425              0.0000   2.703372e-03         0.9989
           2426              0.0000   2.700745e-03         0.9990
           2427              0.0000   2.698485e-03         0.9992
           2428              0.0000   2.696137e-03         0.9991
           2429              0.0000   2.693607e-03         0.9991
           2430              0.0000   2.690186e-03         0.9987
           2431              0.0000   2.687236e-03         0.9989
           2432              0.0000   2.684309e-03         0.9989
           2433              0.0000   2.681336e-03         0.9989
           2434              0.0000   2.678373e-03         0.9989
           2435              0.0000   2.674868e-03         0.9987
           2436              0.0000   2.670243e-03         0.9983
           2437              0.0000   2.665998e-03         0.9984
           2438              0.0000   2.661257e-03         0.9982
           2439              0.0000   2.656293e-03         0.9981
           2440              0.0000   2.651739e-03         0.9983
           2441              0.0000   2.647158e-03         0.9983
           2442              0.0000   2.641899e-03         0.9980
           2443              0.0000   2.637547e-03         0.9984
           2444              0.0000   2.633151e-03         0.9983
           2445              0.0000   2.628379e-03         0.9982
           2446              0.0000   2.623241e-03         0.9980
           2447              0.0000   2.618173e-03         0.9981
           2448              0.0000   2.612775e-03         0.9979
           2449              0.0000   2.607358e-03         0.9979
           2450              0.0000   2.602189e-03         0.9980
           2451              0.0000   2.597245e-03         0.9981
           2452              0.0000   2.591071e-03         0.9976
           2453              0.0000   2.585326e-03         0.9978
           2454              0.0000   2.579578e-03         0.9978
           2455              0.0000   2.574903e-03         0.9982
           2456              0.0000   2.569603e-03         0.9979
           2457              0.0000   2.563902e-03         0.9978
           2458              0.0000   2.558384e-03         0.9978
           2459              0.0000   2.553473e-03         0.9981
           2460              0.0000   2.548192e-03         0.9979
           2461              0.0000   2.543091e-03         0.9980
           2462              0.0000   2.537758e-03         0.9979
           2463              0.0000   2.532484e-03         0.9979
           2464              0.0000   2.527786e-03         0.9981
           2465              0.0000   2.523342e-03         0.9982
           2466              0.0000   2.518777e-03         0.9982
           2467              0.0000   2.513915e-03         0.9981
           2468              0.0000   2.509547e-03         0.9983
           2469              0.0000   2.505268e-03         0.9983
           2470              0.0000   2.501511e-03         0.9985
           2471              0.0000   2.497421e-03         0.9984
           2472              0.0000   2.493724e-03         0.9985
           2473              0.0000   2.490357e-03         0.9986
           2474              0.0000   2.487125e-03         0.9987
           2475              0.0000   2.484675e-03         0.9990
           2476              0.0000   2.481712e-03         0.9988
           2477              0.0000   2.479073e-03         0.9989
           2478              0.0000   2.476292e-03         0.9989
           2479              0.0000   2.473520e-03         0.9989
           2480              0.0000   2.470545e-03         0.9988
           2481              0.0000   2.467259e-03         0.9987
           2482              0.0000   2.463985e-03         0.9987
           2483              0.0000   2.460986e-03         0.9988
           2484              0.0000   2.457413e-03         0.9985
           2485              0.0000   2.453800e-03         0.9985
           2486              0.0000   2.449743e-03         0.9983
           2487              0.0000   2.445451e-03         0.9982
           2488              0.0000   2.441688e-03         0.9985
           2489              0.0000   2.437410e-03         0.9982
           2490              0.0000   2.432967e-03         0.9982
           2491              0.0000   2.428278e-03         0.9981
           2492              0.0000   2.422552e-03         0.9976
           2493              0.0000   2.416831e-03         0.9976
           2494              0.0000   2.412134e-03         0.9981
           2495              0.0000   2.407371e-03         0.9980
           2496              0.0000   2.402735e-03         0.9981
           2497              0.0000   2.397771e-03         0.9979
           2498              0.0000   2.391612e-03         0.9974
           2499              0.0000   2.385318e-03         0.9974
           2500              0.0000   2.379524e-03         0.9976
           2501              0.0000   2.374502e-03         0.9979
           2502              0.0000   2.369493e-03         0.9979
           2503              0.0000   2.364514e-03         0.9979
           2504              0.0000   2.358949e-03         0.9976
           2505              0.0000   2.351992e-03         0.9971
           2506              0.0000   2.345469e-03         0.9972
           2507              0.0000   2.340913e-03         0.9981
           2508              0.0000   2.336838e-03         0.9983
           2509              0.0000   2.333242e-03         0.9985
           2510              0.0000   2.329700e-03         0.9985
           2511              0.0000   2.325110e-03         0.9980
           2512              0.0000   2.320160e-03         0.9979
           2513              0.0000   2.316238e-03         0.9983
           2514              0.0000   2.313251e-03         0.9987
           2515              0.0000   2.309915e-03         0.9986
           2516              0.0000   2.306303e-03         0.9984
           2517              0.0000   2.301889e-03         0.9981
           2518              0.0000   2.297604e-03         0.9981
           2519              0.0000   2.293747e-03         0.9983
           2520              0.0000   2.290619e-03         0.9986
           2521              0.0000   2.288042e-03         0.9989
           2522              0.0000   2.285038e-03         0.9987
           2523              0.0000   2.281939e-03         0.9986
           2524              0.0000   2.279030e-03         0.9987
           2525              0.0000   2.276186e-03         0.9988
           2526              0.0000   2.273544e-03         0.9988
           2527              0.0000   2.270402e-03         0.9986
           2528              0.0000   2.267288e-03         0.9986
           2529              0.0000   2.264189e-03         0.9986
           2530              0.0000   2.261306e-03         0.9987
           2531              0.0000   2.257922e-03         0.9985
           2532              0.0000   2.254278e-03         0.9984
           2533              0.0000   2.250900e-03         0.9985
           2534              0.0000   2.248037e-03         0.9987
           2535              0.0000   2.245440e-03         0.9988
           2536              0.0000   2.243394e-03         0.9991
           2537              0.0000   2.241457e-03         0.9991
           2538              0.0000   2.238931e-03         0.9989
           2539              0.0000   2.237243e-03         0.9992
           2540              0.0000   2.235761e-03         0.9993
           2541              0.0000   2.234026e-03         0.9992
           2542              0.0000   2.232490e-03         0.9993
           2543              0.0000   2.231142e-03         0.9994
           2544              0.0000   2.229616e-03         0.9993
           2545              0.0000   2.227905e-03         0.9992
           2546              0.0000   2.226056e-03         0.9992
           2547              0.0000   2.224420e-03         0.9993
           2548              0.0000   2.222879e-03         0.9993
           2549              0.0000   2.221476e-03         0.9994
           2550              0.0000   2.220169e-03         0.9994
           2551              0.0000   2.218489e-03         0.9992
           2552              0.0000   2.216732e-03         0.9992
           2553              0.0000   2.214846e-03         0.9991
           2554              0.0000   2.213404e-03         0.9993
           2555              0.0000   2.211760e-03         0.9993
           2556              0.0000   2.209799e-03         0.9991
           2557              0.0000   2.207871e-03         0.9991
           2558              0.0000   2.205892e-03         0.9991
           2559              0.0000   2.203792e-03         0.9990
           2560              0.0000   2.201721e-03         0.9991
           2561              0.0000   2.199891e-03         0.9992
           2562              0.0000   2.197556e-03         0.9989
           2563              0.0000   2.194769e-03         0.9987
           2564              0.0000   2.191907e-03         0.9987
           2565              0.0000   2.189485e-03         0.9989
           2566              0.0000   2.187164e-03         0.9989
           2567              0.0000   2.184516e-03         0.9988
           2568              0.0000   2.181215e-03         0.9985
           2569              0.0000   2.177131e-03         0.9981
           2570              0.0000   2.172439e-03         0.9978
           2571              0.0000   2.167647e-03         0.9978
           2572              0.0000   2.161947e-03         0.9974
           2573              0.0000   2.154916e-03         0.9967
           2574              0.0000   2.147658e-03         0.9966
           2575              0.0000   2.139633e-03         0.9963
           2576              0.0000   2.128007e-03         0.9946
           2577              0.0000   2.117918e-03         0.9953
           2578              0.0000   2.108801e-03         0.9957
           2579              0.0000   2.097888e-03         0.9948
           2580              0.0000   2.087068e-03         0.9948
           2581              0.0000   2.074771e-03         0.9941
           2582              0.0000   2.060085e-03         0.9929
           2583              0.0000   2.041672e-03         0.9911
           2584              0.0000   2.025378e-03         0.9920
           2585              0.0000   2.008025e-03         0.9914
           2586              0.0000   1.991178e-03         0.9916
           2587              0.0000   1.972421e-03         0.9906
           2588              0.0000   1.954119e-03         0.9907
           2589              0.0000   1.933219e-03         0.9893
           2590              0.0000   1.912559e-03         0.9893
           2591              0.0000   1.892435e-03         0.9895
           2592              0.0000   1.875406e-03         0.9910
           2593              0.0000   1.858590e-03         0.9910
           2594              0.0000   1.845873e-03         0.9932
           2595              0.0000   1.837016e-03         0.9952
           2596              0.0000   1.829347e-03         0.9958
           2597              0.0000   1.820162e-03         0.9950
           2598              0.0000   1.811521e-03         0.9953
           2599              0.0000   1.799615e-03         0.9934
           2600              0.0000   1.793015e-03         0.9963
           2601              0.0000   1.791190e-03         0.9990
           2602              0.0000   1.787168e-03         0.9978
           2603              0.0000   1.781834e-03         0.9970
           2604              0.0000   1.774021e-03         0.9956
           2605              0.0000   1.767433e-03         0.9963
           2606              0.0000   1.763191e-03         0.9976
           2607              0.0000   1.756666e-03         0.9963
           2608              0.0000   1.748611e-03         0.9954
           2609              0.0000   1.740324e-03         0.9953
           2610              0.0000   1.732467e-03         0.9955
           2611              0.0000   1.721071e-03         0.9934
           2612              0.0000   1.707903e-03         0.9923
           2613              0.0000   1.693242e-03         0.9914
           2614              0.0000   1.681433e-03         0.9930
           2615              0.0000   1.670090e-03         0.9933
           2616              0.0000   1.657582e-03         0.9925
           2617              0.0000   1.646033e-03         0.9930
           2618              0.0000   1.635304e-03         0.9935
           2619              0.0000   1.624103e-03         0.9932
           2620              0.0000   1.613363e-03         0.9934
           2621              0.0000   1.602813e-03         0.9935
           2622              0.0000   1.594417e-03         0.9948
           2623              0.0000   1.587189e-03         0.9955
           2624              0.0000   1.580349e-03         0.9957
           2625              0.0000   1.574011e-03         0.9960
           2626              0.0000   1.567394e-03         0.9958
           2627              0.0000   1.561425e-03         0.9962
           2628              0.0000   1.555847e-03         0.9964
           2629              0.0000   1.549740e-03         0.9961
           2630              0.0000   1.543782e-03         0.9962
           2631              0.0000   1.538167e-03         0.9964
           2632              0.0000   1.533866e-03         0.9972
           2633              0.0000   1.529638e-03         0.9972
           2634              0.0000   1.525537e-03         0.9973
           2635              0.0000   1.521930e-03         0.9976
           2636              0.0000   1.518924e-03         0.9980
           2637              0.0000   1.516302e-03         0.9983
           2638              0.0000   1.513809e-03         0.9984
           2639              0.0000   1.511420e-03         0.9984
           2640              0.0000   1.509538e-03         0.9988
           2641              0.0000   1.507216e-03         0.9985
           2642              0.0000   1.505228e-03         0.9987
           2643              0.0000   1.503281e-03         0.9987
           2644              0.0000   1.501440e-03         0.9988
           2645              0.0000   1.499468e-03         0.9987
           2646              0.0000   1.497691e-03         0.9988
           2647              0.0000   1.496073e-03         0.9989
           2648              0.0000   1.494641e-03         0.9990
           2649              0.0000   1.493130e-03         0.9990
           2650              0.0000   1.491898e-03         0.9992
           2651              0.0000   1.490823e-03         0.9993
           2652              0.0000   1.489640e-03         0.9992
           2653              0.0000   1.488331e-03         0.9991
           2654              0.0000   1.487189e-03         0.9992
           2655              0.0000   1.486044e-03         0.9992
           2656              0.0000   1.484948e-03         0.9993
           2657              0.0000   1.484096e-03         0.9994
           2658              0.0000   1.483144e-03         0.9994
           2659              0.0000   1.482266e-03         0.9994
           2660              0.0000   1.481177e-03         0.9993
           2661              0.0000   1.480143e-03         0.9993
           2662              0.0000   1.479148e-03         0.9993
           2663              0.0000   1.478150e-03         0.9993
           2664              0.0000   1.477243e-03         0.9994
           2665              0.0000   1.476399e-03         0.9994
           2666              0.0000   1.475356e-03         0.9993
           2667              0.0000   1.474396e-03         0.9993
           2668              0.0000   1.473614e-03         0.9995
           2669              0.0000   1.472753e-03         0.9994
           2670              0.0000   1.471638e-03         0.9992
           2671              0.0000   1.470381e-03         0.9991
           2672              0.0000   1.469297e-03         0.9993
           2673              0.0000   1.467909e-03         0.9991
           2674              0.0000   1.466246e-03         0.9989
           2675              0.0000   1.464485e-03         0.9988
           2676              0.0000   1.462997e-03         0.9990
           2677              0.0000   1.461485e-03         0.9990
           2678              0.0000   1.460044e-03         0.9990
           2679              0.0000   1.458712e-03         0.9991
           2680              0.0000   1.457276e-03         0.9990
           2681              0.0000   1.455881e-03         0.9990
           2682              0.0000   1.454684e-03         0.9992
           2683              0.0000   1.453594e-03         0.9993
           2684              0.0000   1.452402e-03         0.9992
           2685              0.0000   1.451035e-03         0.9991
           2686              0.0000   1.449550e-03         0.9990
           2687              0.0000   1.447937e-03         0.9989
           2688              0.0000   1.446283e-03         0.9989
           2689              0.0000   1.444200e-03         0.9986
           2690              0.0000   1.442046e-03         0.9985
           2691              0.0000   1.439846e-03         0.9985
           2692              0.0000   1.437614e-03         0.9984
           2693              0.0000   1.435758e-03         0.9987
           2694              0.0000   1.433627e-03         0.9985
           2695              0.0000   1.431547e-03         0.9985
           2696              0.0000   1.429014e-03         0.9982
           2697              0.0000   1.426388e-03         0.9982
           2698              0.0000   1.423892e-03         0.9983
           2699              0.0000   1.421267e-03         0.9982
           2700              0.0000   1.418751e-03         0.9982
           2701              0.0000   1.415516e-03         0.9977
           2702              0.0000   1.411358e-03         0.9971
           2703              0.0000   1.407471e-03         0.9972
           2704              0.0000   1.403749e-03         0.9974
           2705              0.0000   1.400136e-03         0.9974
           2706              0.0000   1.396545e-03         0.9974
           2707              0.0000   1.393127e-03         0.9976
           2708              0.0000   1.388917e-03         0.9970
           2709              0.0000   1.385148e-03         0.9973
           2710              0.0000   1.381658e-03         0.9975
           2711              0.0000   1.378438e-03         0.9977
           2712              0.0000   1.374893e-03         0.9974
           2713              0.0000   1.372160e-03         0.9980
           2714              0.0000   1.369511e-03         0.9981
           2715              0.0000   1.365680e-03         0.9972
           2716              0.0000   1.362148e-03         0.9974
           2717              0.0000   1.359099e-03         0.9978
           2718              0.0000   1.356074e-03         0.9978
           2719              0.0000   1.353515e-03         0.9981
           2720              0.0000   1.350315e-03         0.9976
           2721              0.0000   1.347269e-03         0.9977
           2722              0.0000   1.343925e-03         0.9975
           2723              0.0000   1.340924e-03         0.9978
           2724              0.0000   1.338059e-03         0.9979
           2725              0.0000   1.335306e-03         0.9979
           2726              0.0000   1.332903e-03         0.9982
           2727              0.0000   1.330024e-03         0.9978
           2728              0.0000   1.327257e-03         0.9979
           2729              0.0000   1.324764e-03         0.9981
           2730              0.0000   1.322399e-03         0.9982
           2731              0.0000   1.320093e-03         0.9983
           2732              0.0000   1.317913e-03         0.9983
           2733              0.0000   1.315510e-03         0.9982
           2734              0.0000   1.313005e-03         0.9981
           2735              0.0000   1.310511e-03         0.9981
           2736              0.0000   1.308090e-03         0.9982
           2737              0.0000   1.305422e-03         0.9980
           2738              0.0000   1.302650e-03         0.9979
           2739              0.0000   1.299666e-03         0.9977
           2740              0.0000   1.296960e-03         0.9979
           2741              0.0000   1.294081e-03         0.9978
           2742              0.0000   1.291346e-03         0.9979
           2743              0.0000   1.289119e-03         0.9983
           2744              0.0000   1.286997e-03         0.9984
           2745              0.0000   1.284645e-03         0.9982
           2746              0.0000   1.282482e-03         0.9983
           2747              0.0000   1.280633e-03         0.9986
           2748              0.0000   1.278588e-03         0.9984
           2749              0.0000   1.276610e-03         0.9985
           2750              0.0000   1.274542e-03         0.9984
           2751              0.0000   1.272609e-03         0.9985
           2752              0.0000   1.270832e-03         0.9986
           2753              0.0000   1.268881e-03         0.9985
           2754              0.0000   1.266741e-03         0.9983
           2755              0.0000   1.264784e-03         0.9985
           2756              0.0000   1.262911e-03         0.9985
           2757              0.0000   1.261157e-03         0.9986
           2758              0.0000   1.259334e-03         0.9986
           2759              0.0000   1.257613e-03         0.9986
           2760              0.0000   1.255509e-03         0.9983
           2761              0.0000   1.253615e-03         0.9985
           2762              0.0000   1.252022e-03         0.9987
           2763              0.0000   1.250473e-03         0.9988
           2764              0.0000   1.248732e-03         0.9986
           2765              0.0000   1.246582e-03         0.9983
           2766              0.0000   1.243711e-03         0.9977
           2767              0.0000   1.241545e-03         0.9983
           2768              0.0000   1.239354e-03         0.9982
           2769              0.0000   1.237197e-03         0.9983
           2770              0.0000   1.234907e-03         0.9981
           2771              0.0000   1.232354e-03         0.9979
           2772              0.0000   1.229775e-03         0.9979
           2773              0.0000   1.227779e-03         0.9984
           2774              0.0000   1.225779e-03         0.9984
           2775              0.0000   1.223666e-03         0.9983
           2776              0.0000   1.221555e-03         0.9983
           2777              0.0000   1.219444e-03         0.9983
           2778              0.0000   1.217440e-03         0.9984
           2779              0.0000   1.214811e-03         0.9978
           2780              0.0000   1.212034e-03         0.9977
           2781              0.0000   1.209482e-03         0.9979
           2782              0.0000   1.207274e-03         0.9982
           2783              0.0000   1.205608e-03         0.9986
           2784              0.0000   1.204068e-03         0.9987
           2785              0.0000   1.202222e-03         0.9985
           2786              0.0000   1.200295e-03         0.9984
           2787              0.0000   1.199029e-03         0.9989
           2788              0.0000   1.198293e-03         0.9994
           2789              0.0000   1.197334e-03         0.9992
           2790              0.0000   1.196071e-03         0.9989
           2791              0.0000   1.194958e-03         0.9991
           2792              0.0000   1.194060e-03         0.9992
           2793              0.0000   1.192899e-03         0.9990
           2794              0.0000   1.191707e-03         0.9990
           2795              0.0000   1.190351e-03         0.9989
           2796              0.0000   1.188508e-03         0.9985
           2797              0.0000   1.186463e-03         0.9983
           2798              0.0000   1.185457e-03         0.9992
           2799              0.0000   1.184039e-03         0.9988
           2800              0.0000   1.183718e-03         0.9997
           2801              0.0000   1.183566e-03         0.9999
           2802              0.0000   1.183362e-03         0.9998
           2803              0.0000   1.183050e-03         0.9997
           2804              0.0000   1.181826e-03         0.9990
           2805              0.0000   1.180592e-03         0.9990
           2806              0.0000   1.179649e-03         0.9992
           2807              0.0000   1.178985e-03         0.9994
           2808              0.0000   1.178194e-03         0.9993
           2809              0.0000   1.177679e-03         0.9996
           2810              0.0000   1.177289e-03         0.9997
           2811              0.0000   1.176862e-03         0.9996
           2812              0.0000   1.176435e-03         0.9996
           2813              0.0000   1.175881e-03         0.9995
           2814              0.0000   1.175387e-03         0.9996
           2815              0.0000   1.174893e-03         0.9996
           2816              0.0000   1.174466e-03         0.9996
           2817              0.0000   1.173949e-03         0.9996
           2818              0.0000   1.173002e-03         0.9992
           2819              0.0000   1.171988e-03         0.9991
           2820              0.0000   1.171168e-03         0.9993
           2821              0.0000   1.170442e-03         0.9994
           2822              0.0000   1.169440e-03         0.9991
           2823              0.0000   1.168350e-03         0.9991
           2824              0.0000   1.167090e-03         0.9989
           2825              0.0000   1.165711e-03         0.9988
           2826              0.0000   1.164355e-03         0.9988
           2827              0.0000   1.162990e-03         0.9988
           2828              0.0000   1.161558e-03         0.9988
           2829              0.0000   1.160146e-03         0.9988
           2830              0.0000   1.158564e-03         0.9986
           2831              0.0000   1.156879e-03         0.9985
           2832              0.0000   1.155306e-03         0.9986
           2833              0.0000   1.153710e-03         0.9986
           2834              0.0000   1.152018e-03         0.9985
           2835              0.0000   1.149944e-03         0.9982
           2836              0.0000   1.147620e-03         0.9980
           2837              0.0000   1.145695e-03         0.9983
           2838              0.0000   1.143510e-03         0.9981
           2839              0.0000   1.140971e-03         0.9978
           2840              0.0000   1.138496e-03         0.9978
           2841              0.0000   1.136287e-03         0.9981
           2842              0.0000   1.134133e-03         0.9981
           2843              0.0000   1.132358e-03         0.9984
           2844              0.0000   1.130569e-03         0.9984
           2845              0.0000   1.128600e-03         0.9983
           2846              0.0000   1.126413e-03         0.9981
           2847              0.0000   1.124423e-03         0.9982
           2848              0.0000   1.122496e-03         0.9983
           2849              0.0000   1.120767e-03         0.9985
           2850              0.0000   1.118770e-03         0.9982
           2851              0.0000   1.116877e-03         0.9983
           2852              0.0000   1.114718e-03         0.9981
           2853              0.0000   1.112694e-03         0.9982
           2854              0.0000   1.110967e-03         0.9984
           2855              0.0000   1.109090e-03         0.9983
           2856              0.0000   1.107087e-03         0.9982
           2857              0.0000   1.104915e-03         0.9980
           2858              0.0000   1.102685e-03         0.9980
           2859              0.0000   1.100466e-03         0.9980
           2860              0.0000   1.098398e-03         0.9981
           2861              0.0000   1.096374e-03         0.9982
           2862              0.0000   1.094236e-03         0.9980
           2863              0.0000   1.091824e-03         0.9978
           2864              0.0000   1.089357e-03         0.9977
           2865              0.0000   1.087166e-03         0.9980
           2866              0.0000   1.084692e-03         0.9977
           2867              0.0000   1.082012e-03         0.9975
           2868              0.0000   1.079458e-03         0.9976
           2869              0.0000   1.077122e-03         0.9978
           2870              0.0000   1.074863e-03         0.9979
           2871              0.0000   1.072525e-03         0.9978
           2872              0.0000   1.070434e-03         0.9981
           2873              0.0000   1.068561e-03         0.9983
           2874              0.0000   1.066695e-03         0.9983
           2875              0.0000   1.065198e-03         0.9986
           2876              0.0000   1.063753e-03         0.9986
           2877              0.0000   1.062424e-03         0.9988
           2878              0.0000   1.060844e-03         0.9985
           2879              0.0000   1.059465e-03         0.9987
           2880              0.0000   1.057876e-03         0.9985
           2881              0.0000   1.056239e-03         0.9985
           2882              0.0000   1.054584e-03         0.9984
           2883              0.0000   1.053002e-03         0.9985
           2884              0.0000   1.051387e-03         0.9985
           2885              0.0000   1.049726e-03         0.9984
           2886              0.0000   1.047969e-03         0.9983
           2887              0.0000   1.045974e-03         0.9981
           2888              0.0000   1.044293e-03         0.9984
           2889              0.0000   1.042425e-03         0.9982
           2890              0.0000   1.040618e-03         0.9983
           2891              0.0000   1.038819e-03         0.9983
           2892              0.0000   1.036991e-03         0.9982
           2893              0.0000   1.035022e-03         0.9981
           2894              0.0000   1.032893e-03         0.9979
           2895              0.0000   1.031056e-03         0.9982
           2896              0.0000   1.029378e-03         0.9984
           2897              0.0000   1.027621e-03         0.9983
           2898              0.0000   1.025915e-03         0.9983
           2899              0.0000   1.024107e-03         0.9982
           2900              0.0000   1.022170e-03         0.9981
           2901              0.0000   1.020341e-03         0.9982
           2902              0.0000   1.018301e-03         0.9980
           2903              0.0000   1.016410e-03         0.9981
           2904              0.0000   1.014355e-03         0.9980
           2905              0.0000   1.011841e-03         0.9975
           2906              0.0000   1.009259e-03         0.9974
           2907              0.0000   1.006976e-03         0.9977
           2908              0.0000   1.004968e-03         0.9980
           2909              0.0000   1.003155e-03         0.9982
           2910              0.0000   1.001322e-03         0.9982
           2911              0.0000   9.993656e-04         0.9980
           2912              0.0000   9.974606e-04         0.9981
           2913              0.0000   9.955528e-04         0.9981
           2914              0.0000   9.935422e-04         0.9980
           2915              0.0000   9.917543e-04         0.9982
           2916              0.0000   9.899095e-04         0.9981
           2917              0.0000   9.880596e-04         0.9981
           2918              0.0000   9.861154e-04         0.9980
           2919              0.0000   9.843781e-04         0.9982
           2920              0.0000   9.827426e-04         0.9983
           2921              0.0000   9.814267e-04         0.9987
           2922              0.0000   9.802061e-04         0.9988
           2923              0.0000   9.790386e-04         0.9988
           2924              0.0000   9.778435e-04         0.9988
           2925              0.0000   9.766080e-04         0.9987
           2926              0.0000   9.753382e-04         0.9987
           2927              0.0000   9.741136e-04         0.9987
           2928              0.0000   9.728740e-04         0.9987
           2929              0.0000   9.716900e-04         0.9988
           2930              0.0000   9.705389e-04         0.9988
           2931              0.0000   9.691933e-04         0.9986
           2932              0.0000   9.678249e-04         0.9986
           2933              0.0000   9.667809e-04         0.9989
           2934              0.0000   9.658627e-04         0.9991
           2935              0.0000   9.649611e-04         0.9991
           2936              0.0000   9.642344e-04         0.9992
           2937              0.0000   9.635909e-04         0.9993
           2938              0.0000   9.628227e-04         0.9992
           2939              0.0000   9.622235e-04         0.9994
           2940              0.0000   9.617962e-04         0.9996
           2941              0.0000   9.613603e-04         0.9995
           2942              0.0000   9.608624e-04         0.9995
           2943              0.0000   9.604176e-04         0.9995
           2944              0.0000   9.599156e-04         0.9995
           2945              0.0000   9.593652e-04         0.9994
           2946              0.0000   9.588020e-04         0.9994
           2947              0.0000   9.582429e-04         0.9994
           2948              0.0000   9.576996e-04         0.9994
           2949              0.0000   9.571139e-04         0.9994
           2950              0.0000   9.564476e-04         0.9993
           2951              0.0000   9.557572e-04         0.9993
           2952              0.0000   9.549777e-04         0.9992
           2953              0.0000   9.542124e-04         0.9992
           2954              0.0000   9.534531e-04         0.9992
           2955              0.0000   9.525832e-04         0.9991
           2956              0.0000   9.516521e-04         0.9990
           2957              0.0000   9.507858e-04         0.9991
           2958              0.0000   9.499271e-04         0.9991
           2959              0.0000   9.489172e-04         0.9989
           2960              0.0000   9.479163e-04         0.9989
           2961              0.0000   9.469781e-04         0.9990
           2962              0.0000   9.459449e-04         0.9989
           2963              0.0000   9.447651e-04         0.9988
           2964              0.0000   9.437158e-04         0.9989
           2965              0.0000   9.426152e-04         0.9988
           2966              0.0000   9.413305e-04         0.9986
           2967              0.0000   9.402465e-04         0.9988
           2968              0.0000   9.389514e-04         0.9986
           2969              0.0000   9.376016e-04         0.9986
           2970              0.0000   9.359535e-04         0.9982
           2971              0.0000   9.339534e-04         0.9979
           2972              0.0000   9.314408e-04         0.9973
           2973              0.0000   9.286075e-04         0.9970
           2974              0.0000   9.259614e-04         0.9972
           2975              0.0000   9.230357e-04         0.9968
           2976              0.0000   9.193784e-04         0.9960
           2977              0.0000   9.164603e-04         0.9968
           2978              0.0000   9.134503e-04         0.9967
           2979              0.0000   9.098665e-04         0.9961
           2980              0.0000   9.064230e-04         0.9962
           2981              0.0000   9.031967e-04         0.9964
           2982              0.0000   8.997708e-04         0.9962
           2983              0.0000   8.957026e-04         0.9955
           2984              0.0000   8.905763e-04         0.9943
           2985              0.0000   8.862646e-04         0.9952
           2986              0.0000   8.822401e-04         0.9955
           2987              0.0000   8.769056e-04         0.9940
           2988              0.0000   8.717099e-04         0.9941
           2989              0.0000   8.668410e-04         0.9944
           2990              0.0000   8.607365e-04         0.9930
           2991              0.0000   8.549886e-04         0.9933
           2992              0.0000   8.496900e-04         0.9938
           2993              0.0000   8.443320e-04         0.9937
           2994              0.0000   8.397545e-04         0.9946
           2995              0.0000   8.360154e-04         0.9955
           2996              0.0000   8.320077e-04         0.9952
           2997              0.0000   8.273021e-04         0.9943
           2998              0.0000   8.234843e-04         0.9954
           2999              0.0000   8.179129e-04         0.9932
           3000              0.0000   8.141902e-04         0.9954
           3001              0.0000   8.133513e-04         0.9990
           3002              0.0000   8.100265e-04         0.9959
           3003              0.0000   8.073425e-04         0.9967
           3004              0.0000   8.045239e-04         0.9965
           3005              0.0000   8.014673e-04         0.9962
           3006              0.0000   7.992418e-04         0.9972
           3007              0.0000   7.959411e-04         0.9959
           3008              0.0000   7.926398e-04         0.9959
           3009              0.0000   7.900652e-04         0.9968
           3010              0.0000   7.865730e-04         0.9956
           3011              0.0000   7.825608e-04         0.9949
           3012              0.0000   7.782036e-04         0.9944
           3013              0.0000   7.743658e-04         0.9951
           3014              0.0000   7.706941e-04         0.9953
           3015              0.0000   7.664262e-04         0.9945
           3016              0.0000   7.634134e-04         0.9961
           3017              0.0000   7.602519e-04         0.9959
           3018              0.0000   7.573127e-04         0.9961
           3019              0.0000   7.545942e-04         0.9964
           3020              0.0000   7.512441e-04         0.9956
           3021              0.0000   7.483267e-04         0.9961
           3022              0.0000   7.459932e-04         0.9969
           3023              0.0000   7.436250e-04         0.9968
           3024              0.0000   7.411630e-04         0.9967
           3025              0.0000   7.385424e-04         0.9965
           3026              0.0000   7.362438e-04         0.9969
           3027              0.0000   7.337922e-04         0.9967
           3028              0.0000   7.316954e-04         0.9971
           3029              0.0000   7.294374e-04         0.9969
           3030              0.0000   7.273472e-04         0.9971
           3031              0.0000   7.251296e-04         0.9970
           3032              0.0000   7.229915e-04         0.9971
           3033              0.0000   7.209673e-04         0.9972
           3034              0.0000   7.191152e-04         0.9974
           3035              0.0000   7.177798e-04         0.9981
           3036              0.0000   7.165835e-04         0.9983
           3037              0.0000   7.155103e-04         0.9985
           3038              0.0000   7.144691e-04         0.9985
           3039              0.0000   7.136521e-04         0.9989
           3040              0.0000   7.127822e-04         0.9988
           3041              0.0000   7.119076e-04         0.9988
           3042              0.0000   7.110408e-04         0.9988
           3043              0.0000   7.102487e-04         0.9989
           3044              0.0000   7.094367e-04         0.9989
           3045              0.0000   7.087537e-04         0.9990
           3046              0.0000   7.080314e-04         0.9990
           3047              0.0000   7.072828e-04         0.9989
           3048              0.0000   7.066188e-04         0.9991
           3049              0.0000   7.059667e-04         0.9991
           3050              0.0000   7.053605e-04         0.9991
           3051              0.0000   7.048565e-04         0.9993
           3052              0.0000   7.042682e-04         0.9992
           3053              0.0000   7.036619e-04         0.9991
           3054              0.0000   7.030715e-04         0.9992
           3055              0.0000   7.026285e-04         0.9994
           3056              0.0000   7.021497e-04         0.9993
           3057              0.0000   7.017442e-04         0.9994
           3058              0.0000   7.013331e-04         0.9994
           3059              0.0000   7.008997e-04         0.9994
           3060              0.0000   7.004035e-04         0.9993
           3061              0.0000   7.000002e-04         0.9994
           3062              0.0000   6.996005e-04         0.9994
           3063              0.0000   6.992316e-04         0.9995
           3064              0.0000   6.988346e-04         0.9994
           3065              0.0000   6.983990e-04         0.9994
           3066              0.0000   6.979714e-04         0.9994
           3067              0.0000   6.976239e-04         0.9995
           3068              0.0000   6.973074e-04         0.9995
           3069              0.0000   6.968663e-04         0.9994
           3070              0.0000   6.963709e-04         0.9993
           3071              0.0000   6.957082e-04         0.9990
           3072              0.0000   6.950594e-04         0.9991
           3073              0.0000   6.943561e-04         0.9990
           3074              0.0000   6.934768e-04         0.9987
           3075              0.0000   6.926466e-04         0.9988
           3076              0.0000   6.914680e-04         0.9983
           3077              0.0000   6.903888e-04         0.9984
           3078              0.0000   6.894329e-04         0.9986
           3079              0.0000   6.884203e-04         0.9985
           3080              0.0000   6.874578e-04         0.9986
           3081              0.0000   6.865492e-04         0.9987
           3082              0.0000   6.856702e-04         0.9987
           3083              0.0000   6.848281e-04         0.9988
           3084              0.0000   6.839928e-04         0.9988
           3085              0.0000   6.831335e-04         0.9987
           3086              0.0000   6.821398e-04         0.9985
           3087              0.0000   6.810052e-04         0.9983
           3088              0.0000   6.798371e-04         0.9983
           3089              0.0000   6.785903e-04         0.9982
           3090              0.0000   6.771638e-04         0.9979
           3091              0.0000   6.758330e-04         0.9980
           3092              0.0000   6.744194e-04         0.9979
           3093              0.0000   6.730662e-04         0.9980
           3094              0.0000   6.717954e-04         0.9981
           3095              0.0000   6.705952e-04         0.9982
           3096              0.0000   6.692827e-04         0.9980
           3097              0.0000   6.680380e-04         0.9981
           3098              0.0000   6.667268e-04         0.9980
           3099              0.0000   6.655505e-04         0.9982
           3100              0.0000   6.643586e-04         0.9982
           3101              0.0000   6.627509e-04         0.9976
           3102              0.0000   6.610711e-04         0.9975
           3103              0.0000   6.594786e-04         0.9976
           3104              0.0000   6.581008e-04         0.9979
           3105              0.0000   6.567222e-04         0.9979
           3106              0.0000   6.555128e-04         0.9982
           3107              0.0000   6.543334e-04         0.9982
           3108              0.0000   6.531263e-04         0.9982
           3109              0.0000   6.520157e-04         0.9983
           3110              0.0000   6.509546e-04         0.9984
           3111              0.0000   6.498676e-04         0.9983
           3112              0.0000   6.487746e-04         0.9983
           3113              0.0000   6.477844e-04         0.9985
           3114              0.0000   6.467137e-04         0.9983
           3115              0.0000   6.455413e-04         0.9982
           3116              0.0000   6.442827e-04         0.9981
           3117              0.0000   6.432557e-04         0.9984
           3118              0.0000   6.422199e-04         0.9984
           3119              0.0000   6.411494e-04         0.9983
           3120              0.0000   6.400032e-04         0.9982
           3121              0.0000   6.387452e-04         0.9980
           3122              0.0000   6.374949e-04         0.9980
           3123              0.0000   6.363383e-04         0.9982
           3124              0.0000   6.352617e-04         0.9983
           3125              0.0000   6.341297e-04         0.9982
           3126              0.0000   6.330892e-04         0.9984
           3127              0.0000   6.319066e-04         0.9981
           3128              0.0000   6.307877e-04         0.9982
           3129              0.0000   6.297689e-04         0.9984
           3130              0.0000   6.287965e-04         0.9985
           3131              0.0000   6.278150e-04         0.9984
           3132              0.0000   6.267191e-04         0.9983
           3133              0.0000   6.255418e-04         0.9981
           3134              0.0000   6.243385e-04         0.9981
           3135              0.0000   6.232426e-04         0.9982
           3136              0.0000   6.220649e-04         0.9981
           3137              0.0000   6.207307e-04         0.9979
           3138              0.0000   6.191023e-04         0.9974
           3139              0.0000   6.176992e-04         0.9977
           3140              0.0000   6.160681e-04         0.9974
           3141              0.0000   6.146417e-04         0.9977
           3142              0.0000   6.133224e-04         0.9979
           3143              0.0000   6.118790e-04         0.9976
           3144              0.0000   6.106244e-04         0.9979
           3145              0.0000   6.093356e-04         0.9979
           3146              0.0000   6.081226e-04         0.9980
           3147              0.0000   6.069881e-04         0.9981
           3148              0.0000   6.058328e-04         0.9981
           3149              0.0000   6.047205e-04         0.9982
           3150              0.0000   6.036043e-04         0.9982
           3151              0.0000   6.024080e-04         0.9980
           3152              0.0000   6.012292e-04         0.9980
           3153              0.0000   6.001743e-04         0.9982
           3154              0.0000   5.989730e-04         0.9980
           3155              0.0000   5.980065e-04         0.9984
           3156              0.0000   5.969425e-04         0.9982
           3157              0.0000   5.960723e-04         0.9985
           3158              0.0000   5.951444e-04         0.9984
           3159              0.0000   5.941070e-04         0.9983
           3160              0.0000   5.930669e-04         0.9982
           3161              0.0000   5.920832e-04         0.9983
           3162              0.0000   5.911461e-04         0.9984
           3163              0.0000   5.902039e-04         0.9984
           3164              0.0000   5.891919e-04         0.9983
           3165              0.0000   5.880973e-04         0.9981
           3166              0.0000   5.869063e-04         0.9980
           3167              0.0000   5.858253e-04         0.9982
           3168              0.0000   5.847476e-04         0.9982
           3169              0.0000   5.837025e-04         0.9982
           3170              0.0000   5.826028e-04         0.9981
           3171              0.0000   5.814411e-04         0.9980
           3172              0.0000   5.803730e-04         0.9982
           3173              0.0000   5.793917e-04         0.9983
           3174              0.0000   5.784878e-04         0.9984
           3175              0.0000   5.776316e-04         0.9985
           3176              0.0000   5.766388e-04         0.9983
           3177              0.0000   5.756204e-04         0.9982
           3178              0.0000   5.746722e-04         0.9984
           3179              0.0000   5.736859e-04         0.9983
           3180              0.0000   5.727044e-04         0.9983
           3181              0.0000   5.714668e-04         0.9978
           3182              0.0000   5.706470e-04         0.9986
           3183              0.0000   5.699326e-04         0.9987
           3184              0.0000   5.693960e-04         0.9991
           3185              0.0000   5.687865e-04         0.9989
           3186              0.0000   5.681331e-04         0.9989
           3187              0.0000   5.675454e-04         0.9990
           3188              0.0000   5.671027e-04         0.9992
           3189              0.0000   5.667889e-04         0.9994
           3190              0.0000   5.664519e-04         0.9994
           3191              0.0000   5.660471e-04         0.9993
           3192              0.0000   5.655600e-04         0.9991
           3193              0.0000   5.649783e-04         0.9990
           3194              0.0000   5.643222e-04         0.9988
           3195              0.0000   5.637927e-04         0.9991
           3196              0.0000   5.630121e-04         0.9986
           3197              0.0000   5.622850e-04         0.9987
           3198              0.0000   5.615868e-04         0.9988
           3199              0.0000   5.606459e-04         0.9983
           3200              0.0000   5.603410e-04         0.9995
           3201              0.0000   5.601803e-04         0.9997
           3202              0.0000   5.599163e-04         0.9995
           3203              0.0000   5.597344e-04         0.9997
           3204              0.0000   5.592443e-04         0.9991
           3205              0.0000   5.586982e-04         0.9990
           3206              0.0000   5.580997e-04         0.9989
           3207              0.0000   5.576155e-04         0.9991
           3208              0.0000   5.571493e-04         0.9992
           3209              0.0000   5.568567e-04         0.9995
           3210              0.0000   5.566422e-04         0.9996
           3211              0.0000   5.563887e-04         0.9995
           3212              0.0000   5.561785e-04         0.9996
           3213              0.0000   5.559205e-04         0.9995
           3214              0.0000   5.556247e-04         0.9995
           3215              0.0000   5.553167e-04         0.9994
           3216              0.0000   5.550527e-04         0.9995
           3217              0.0000   5.548027e-04         0.9995
           3218              0.0000   5.543902e-04         0.9993
           3219              0.0000   5.540047e-04         0.9993
           3220              0.0000   5.536748e-04         0.9994
           3221              0.0000   5.532970e-04         0.9993
           3222              0.0000   5.528086e-04         0.9991
           3223              0.0000   5.523228e-04         0.9991
           3224              0.0000   5.518018e-04         0.9991
           3225              0.0000   5.512874e-04         0.9991
           3226              0.0000   5.508118e-04         0.9991
           3227              0.0000   5.502436e-04         0.9990
           3228              0.0000   5.495608e-04         0.9988
           3229              0.0000   5.489892e-04         0.9990
           3230              0.0000   5.482585e-04         0.9987
           3231              0.0000   5.476037e-04         0.9988
           3232              0.0000   5.469557e-04         0.9988
           3233              0.0000   5.462401e-04         0.9987
           3234              0.0000   5.454677e-04         0.9986
           3235              0.0000   5.447096e-04         0.9986
           3236              0.0000   5.437631e-04         0.9983
           3237              0.0000   5.428295e-04         0.9983
           3238              0.0000   5.420290e-04         0.9985
           3239              0.0000   5.411852e-04         0.9984
           3240              0.0000   5.403240e-04         0.9984
           3241              0.0000   5.394013e-04         0.9983
           3242              0.0000   5.385367e-04         0.9984
           3243              0.0000   5.377578e-04         0.9986
           3244              0.0000   5.369660e-04         0.9985
           3245              0.0000   5.359863e-04         0.9982
           3246              0.0000   5.349884e-04         0.9981
           3247              0.0000   5.340564e-04         0.9983
           3248              0.0000   5.332272e-04         0.9984
           3249              0.0000   5.324222e-04         0.9985
           3250              0.0000   5.314424e-04         0.9982
           3251              0.0000   5.305251e-04         0.9983
           3252              0.0000   5.296104e-04         0.9983
           3253              0.0000   5.286873e-04         0.9983
           3254              0.0000   5.279162e-04         0.9985
           3255              0.0000   5.270269e-04         0.9983
           3256              0.0000   5.259454e-04         0.9979
           3257              0.0000   5.249222e-04         0.9981
           3258              0.0000   5.238036e-04         0.9979
           3259              0.0000   5.227614e-04         0.9980
           3260              0.0000   5.216087e-04         0.9978
           3261              0.0000   5.204750e-04         0.9978
           3262              0.0000   5.192469e-04         0.9976
           3263              0.0000   5.179260e-04         0.9975
           3264              0.0000   5.165688e-04         0.9974
           3265              0.0000   5.153043e-04         0.9976
           3266              0.0000   5.140582e-04         0.9976
           3267              0.0000   5.126222e-04         0.9972
           3268              0.0000   5.111973e-04         0.9972
           3269              0.0000   5.098004e-04         0.9973
           3270              0.0000   5.083995e-04         0.9973
           3271              0.0000   5.070727e-04         0.9974
           3272              0.0000   5.059822e-04         0.9978
           3273              0.0000   5.050318e-04         0.9981
           3274              0.0000   5.039492e-04         0.9979
           3275              0.0000   5.029948e-04         0.9981
           3276              0.0000   5.021081e-04         0.9982
           3277              0.0000   5.014068e-04         0.9986
           3278              0.0000   5.006088e-04         0.9984
           3279              0.0000   4.999475e-04         0.9987
           3280              0.0000   4.991201e-04         0.9983
           3281              0.0000   4.982472e-04         0.9983
           3282              0.0000   4.973716e-04         0.9982
           3283              0.0000   4.966416e-04         0.9985
           3284              0.0000   4.958567e-04         0.9984
           3285              0.0000   4.950881e-04         0.9984
           3286              0.0000   4.942547e-04         0.9983
           3287              0.0000   4.933576e-04         0.9982
           3288              0.0000   4.924535e-04         0.9982
           3289              0.0000   4.916322e-04         0.9983
           3290              0.0000   4.908475e-04         0.9984
           3291              0.0000   4.900175e-04         0.9983
           3292              0.0000   4.891989e-04         0.9983
           3293              0.0000   4.882690e-04         0.9981
           3294              0.0000   4.873853e-04         0.9982
           3295              0.0000   4.865651e-04         0.9983
           3296              0.0000   4.858221e-04         0.9985
           3297              0.0000   4.851046e-04         0.9985
           3298              0.0000   4.843743e-04         0.9985
           3299              0.0000   4.836620e-04         0.9985
           3300              0.0000   4.829129e-04         0.9985
           3301              0.0000   4.822672e-04         0.9987
           3302              0.0000   4.815689e-04         0.9986
           3303              0.0000   4.807563e-04         0.9983
           3304              0.0000   4.799198e-04         0.9983
           3305              0.0000   4.790287e-04         0.9981
           3306              0.0000   4.780471e-04         0.9980
           3307              0.0000   4.770688e-04         0.9980
           3308              0.0000   4.762313e-04         0.9982
           3309              0.0000   4.754432e-04         0.9983
           3310              0.0000   4.746809e-04         0.9984
           3311              0.0000   4.739311e-04         0.9984
           3312              0.0000   4.732293e-04         0.9985
           3313              0.0000   4.724019e-04         0.9983
           3314              0.0000   4.715746e-04         0.9982
           3315              0.0000   4.707289e-04         0.9982
           3316              0.0000   4.698743e-04         0.9982
           3317              0.0000   4.691266e-04         0.9984
           3318              0.0000   4.683937e-04         0.9984
           3319              0.0000   4.675896e-04         0.9983
           3320              0.0000   4.669374e-04         0.9986
           3321              0.0000   4.663332e-04         0.9987
           3322              0.0000   4.657350e-04         0.9987
           3323              0.0000   4.651668e-04         0.9988
           3324              0.0000   4.646253e-04         0.9988
           3325              0.0000   4.640028e-04         0.9987
           3326              0.0000   4.633918e-04         0.9987
           3327              0.0000   4.626448e-04         0.9984
           3328              0.0000   4.619437e-04         0.9985
           3329              0.0000   4.612324e-04         0.9985
           3330              0.0000   4.605318e-04         0.9985
           3331              0.0000   4.598104e-04         0.9984
           3332              0.0000   4.591680e-04         0.9986
           3333              0.0000   4.586300e-04         0.9988
           3334              0.0000   4.580947e-04         0.9988
           3335              0.0000   4.576340e-04         0.9990
           3336              0.0000   4.572254e-04         0.9991
           3337              0.0000   4.568737e-04         0.9992
           3338              0.0000   4.565217e-04         0.9992
           3339              0.0000   4.561956e-04         0.9993
           3340              0.0000   4.559343e-04         0.9994
           3341              0.0000   4.556887e-04         0.9995
           3342              0.0000   4.554302e-04         0.9994
           3343              0.0000   4.551994e-04         0.9995
           3344              0.0000   4.550004e-04         0.9996
           3345              0.0000   4.547711e-04         0.9995
           3346              0.0000   4.545089e-04         0.9994
           3347              0.0000   4.542131e-04         0.9993
           3348              0.0000   4.538949e-04         0.9993
           3349              0.0000   4.536115e-04         0.9994
           3350              0.0000   4.532619e-04         0.9992
           3351              0.0000   4.528801e-04         0.9992
           3352              0.0000   4.524794e-04         0.9991
           3353              0.0000   4.520396e-04         0.9990
           3354              0.0000   4.515805e-04         0.9990
           3355              0.0000   4.510891e-04         0.9989
           3356              0.0000   4.506375e-04         0.9990
           3357              0.0000   4.501932e-04         0.9990
           3358              0.0000   4.497118e-04         0.9989
           3359              0.0000   4.493011e-04         0.9991
           3360              0.0000   4.488998e-04         0.9991
           3361              0.0000   4.484997e-04         0.9991
           3362              0.0000   4.480172e-04         0.9989
           3363              0.0000   4.475276e-04         0.9989
           3364              0.0000   4.470451e-04         0.9989
           3365              0.0000   4.465564e-04         0.9989
           3366              0.0000   4.460758e-04         0.9989
           3367              0.0000   4.455685e-04         0.9989
           3368              0.0000   4.450599e-04         0.9989
           3369              0.0000   4.444588e-04         0.9986
           3370              0.0000   4.438359e-04         0.9986
           3371              0.0000   4.430293e-04         0.9982
           3372              0.0000   4.419531e-04         0.9976
           3373              0.0000   4.407651e-04         0.9973
           3374              0.0000   4.395954e-04         0.9973
           3375              0.0000   4.383032e-04         0.9971
           3376              0.0000   4.368674e-04         0.9967
           3377              0.0000   4.357650e-04         0.9975
           3378              0.0000   4.345433e-04         0.9972
           3379              0.0000   4.333040e-04         0.9971
           3380              0.0000   4.320584e-04         0.9971
           3381              0.0000   4.308636e-04         0.9972
           3382              0.0000   4.297587e-04         0.9974
           3383              0.0000   4.286386e-04         0.9974
           3384              0.0000   4.273285e-04         0.9969
           3385              0.0000   4.260957e-04         0.9971
           3386              0.0000   4.247928e-04         0.9969
           3387              0.0000   4.232100e-04         0.9963
           3388              0.0000   4.216602e-04         0.9963
           3389              0.0000   4.200501e-04         0.9962
           3390              0.0000   4.183564e-04         0.9960
           3391              0.0000   4.164512e-04         0.9954
           3392              0.0000   4.141656e-04         0.9945
           3393              0.0000   4.124188e-04         0.9958
           3394              0.0000   4.104712e-04         0.9953
           3395              0.0000   4.088608e-04         0.9961
           3396              0.0000   4.071804e-04         0.9959
           3397              0.0000   4.052576e-04         0.9953
           3398              0.0000   4.035263e-04         0.9957
           3399              0.0000   4.016596e-04         0.9954
           3400              0.0000   4.005045e-04         0.9971
           3401              0.0000   4.001611e-04         0.9991
           3402              0.0000   3.986983e-04         0.9963
           3403              0.0000   3.975292e-04         0.9971
           3404              0.0000   3.964414e-04         0.9973
           3405              0.0000   3.952380e-04         0.9970
           3406              0.0000   3.943299e-04         0.9977
           3407              0.0000   3.932673e-04         0.9973
           3408              0.0000   3.921575e-04         0.9972
           3409              0.0000   3.910649e-04         0.9972
           3410              0.0000   3.898185e-04         0.9968
           3411              0.0000   3.884129e-04         0.9964
           3412              0.0000   3.871696e-04         0.9968
           3413              0.0000   3.859410e-04         0.9968
           3414              0.0000   3.847681e-04         0.9970
           3415              0.0000   3.835809e-04         0.9969
           3416              0.0000   3.825742e-04         0.9974
           3417              0.0000   3.815153e-04         0.9972
           3418              0.0000   3.806591e-04         0.9978
           3419              0.0000   3.798193e-04         0.9978
           3420              0.0000   3.789366e-04         0.9977
           3421              0.0000   3.781458e-04         0.9979
           3422              0.0000   3.774886e-04         0.9983
           3423              0.0000   3.767308e-04         0.9980
           3424              0.0000   3.758440e-04         0.9976
           3425              0.0000   3.750793e-04         0.9980
           3426              0.0000   3.743225e-04         0.9980
           3427              0.0000   3.736256e-04         0.9981
           3428              0.0000   3.729066e-04         0.9981
           3429              0.0000   3.719648e-04         0.9975
           3430              0.0000   3.710020e-04         0.9974
           3431              0.0000   3.700804e-04         0.9975
           3432              0.0000   3.692025e-04         0.9976
           3433              0.0000   3.684295e-04         0.9979
           3434              0.0000   3.677027e-04         0.9980
           3435              0.0000   3.670710e-04         0.9983
           3436              0.0000   3.665159e-04         0.9985
           3437              0.0000   3.660845e-04         0.9988
           3438              0.0000   3.656621e-04         0.9988
           3439              0.0000   3.653005e-04         0.9990
           3440              0.0000   3.649407e-04         0.9990
           3441              0.0000   3.645875e-04         0.9990
           3442              0.0000   3.642254e-04         0.9990
           3443              0.0000   3.639250e-04         0.9992
           3444              0.0000   3.635872e-04         0.9991
           3445              0.0000   3.633132e-04         0.9992
           3446              0.0000   3.630267e-04         0.9992
           3447              0.0000   3.627058e-04         0.9991
           3448              0.0000   3.623747e-04         0.9991
           3449              0.0000   3.620706e-04         0.9992
           3450              0.0000   3.617068e-04         0.9990
           3451              0.0000   3.614192e-04         0.9992
           3452              0.0000   3.610477e-04         0.9990
           3453              0.0000   3.606567e-04         0.9989
           3454              0.0000   3.603424e-04         0.9991
           3455              0.0000   3.600633e-04         0.9992
           3456              0.0000   3.597490e-04         0.9991
           3457              0.0000   3.595006e-04         0.9993
           3458              0.0000   3.592351e-04         0.9993
           3459              0.0000   3.589868e-04         0.9993
           3460              0.0000   3.587095e-04         0.9992
           3461              0.0000   3.584715e-04         0.9993
           3462              0.0000   3.582361e-04         0.9993
           3463              0.0000   3.580197e-04         0.9994
           3464              0.0000   3.577826e-04         0.9993
           3465              0.0000   3.575202e-04         0.9993
           3466              0.0000   3.572595e-04         0.9993
           3467              0.0000   3.569944e-04         0.9993
           3468              0.0000   3.567653e-04         0.9994
           3469              0.0000   3.564518e-04         0.9991
           3470              0.0000   3.560830e-04         0.9990
           3471              0.0000   3.556274e-04         0.9987
           3472              0.0000   3.551736e-04         0.9987
           3473              0.0000   3.547080e-04         0.9987
           3474              0.0000   3.541810e-04         0.9985
           3475              0.0000   3.537127e-04         0.9987
           3476              0.0000   3.530127e-04         0.9980
           3477              0.0000   3.523251e-04         0.9981
           3478              0.0000   3.516659e-04         0.9981
           3479              0.0000   3.510075e-04         0.9981
           3480              0.0000   3.504316e-04         0.9984
           3481              0.0000   3.498332e-04         0.9983
           3482              0.0000   3.492381e-04         0.9983
           3483              0.0000   3.487068e-04         0.9985
           3484              0.0000   3.481666e-04         0.9985
           3485              0.0000   3.476906e-04         0.9986
           3486              0.0000   3.471830e-04         0.9985
           3487              0.0000   3.466695e-04         0.9985
           3488              0.0000   3.460884e-04         0.9983
           3489              0.0000   3.455344e-04         0.9984
           3490              0.0000   3.449612e-04         0.9983
           3491              0.0000   3.444646e-04         0.9986
           3492              0.0000   3.438904e-04         0.9983
           3493              0.0000   3.433321e-04         0.9984
           3494              0.0000   3.427929e-04         0.9984
           3495              0.0000   3.423022e-04         0.9986
           3496              0.0000   3.418192e-04         0.9986
           3497              0.0000   3.413326e-04         0.9986
           3498              0.0000   3.408140e-04         0.9985
           3499              0.0000   3.403250e-04         0.9986
           3500              0.0000   3.397743e-04         0.9984
           3501              0.0000   3.391453e-04         0.9981
           3502              0.0000   3.384907e-04         0.9981
           3503              0.0000   3.379571e-04         0.9984
           3504              0.0000   3.374912e-04         0.9986
           3505              0.0000   3.369923e-04         0.9985
           3506              0.0000   3.366202e-04         0.9989
           3507              0.0000   3.362761e-04         0.9990
           3508              0.0000   3.358385e-04         0.9987
           3509              0.0000   3.354072e-04         0.9987
           3510              0.0000   3.350054e-04         0.9988
           3511              0.0000   3.345868e-04         0.9988
           3512              0.0000   3.341761e-04         0.9988
           3513              0.0000   3.337578e-04         0.9987
           3514              0.0000   3.332801e-04         0.9986
           3515              0.0000   3.328430e-04         0.9987
           3516              0.0000   3.324141e-04         0.9987
           3517              0.0000   3.320087e-04         0.9988
           3518              0.0000   3.315661e-04         0.9987
           3519              0.0000   3.311444e-04         0.9987
           3520              0.0000   3.306903e-04         0.9986
           3521              0.0000   3.301923e-04         0.9985
           3522              0.0000   3.297210e-04         0.9986
           3523              0.0000   3.292117e-04         0.9985
           3524              0.0000   3.287174e-04         0.9985
           3525              0.0000   3.281696e-04         0.9983
           3526              0.0000   3.276837e-04         0.9985
           3527              0.0000   3.271900e-04         0.9985
           3528              0.0000   3.266769e-04         0.9984
           3529              0.0000   3.262158e-04         0.9986
           3530              0.0000   3.257015e-04         0.9984
           3531              0.0000   3.251492e-04         0.9983
           3532              0.0000   3.245775e-04         0.9982
           3533              0.0000   3.240416e-04         0.9983
           3534              0.0000   3.234260e-04         0.9981
           3535              0.0000   3.228931e-04         0.9984
           3536              0.0000   3.222519e-04         0.9980
           3537              0.0000   3.214958e-04         0.9977
           3538              0.0000   3.206020e-04         0.9972
           3539              0.0000   3.198313e-04         0.9976
           3540              0.0000   3.190349e-04         0.9975
           3541              0.0000   3.182177e-04         0.9974
           3542              0.0000   3.174510e-04         0.9976
           3543              0.0000   3.165655e-04         0.9972
           3544              0.0000   3.157065e-04         0.9973
           3545              0.0000   3.149738e-04         0.9977
           3546              0.0000   3.142936e-04         0.9978
           3547              0.0000   3.136565e-04         0.9980
           3548              0.0000   3.130113e-04         0.9979
           3549              0.0000   3.123250e-04         0.9978
           3550              0.0000   3.116851e-04         0.9980
           3551              0.0000   3.110725e-04         0.9980
           3552              0.0000   3.104912e-04         0.9981
           3553              0.0000   3.099347e-04         0.9982
           3554              0.0000   3.094251e-04         0.9984
           3555              0.0000   3.088395e-04         0.9981
           3556              0.0000   3.082782e-04         0.9982
           3557              0.0000   3.078196e-04         0.9985
           3558              0.0000   3.072785e-04         0.9982
           3559              0.0000   3.066877e-04         0.9981
           3560              0.0000   3.061031e-04         0.9981
           3561              0.0000   3.055285e-04         0.9981
           3562              0.0000   3.049916e-04         0.9982
           3563              0.0000   3.044481e-04         0.9982
           3564              0.0000   3.039213e-04         0.9983
           3565              0.0000   3.034469e-04         0.9984
           3566              0.0000   3.029263e-04         0.9983
           3567              0.0000   3.024447e-04         0.9984
           3568              0.0000   3.019959e-04         0.9985
           3569              0.0000   3.013984e-04         0.9980
           3570              0.0000   3.008596e-04         0.9982
           3571              0.0000   3.003185e-04         0.9982
           3572              0.0000   2.998776e-04         0.9985
           3573              0.0000   2.994373e-04         0.9985
           3574              0.0000   2.989358e-04         0.9983
           3575              0.0000   2.984631e-04         0.9984
           3576              0.0000   2.978988e-04         0.9981
           3577              0.0000   2.973843e-04         0.9983
           3578              0.0000   2.969247e-04         0.9985
           3579              0.0000   2.964423e-04         0.9984
           3580              0.0000   2.959173e-04         0.9982
           3581              0.0000   2.953695e-04         0.9981
           3582              0.0000   2.949475e-04         0.9986
           3583              0.0000   2.945654e-04         0.9987
           3584              0.0000   2.942115e-04         0.9988
           3585              0.0000   2.938523e-04         0.9988
           3586              0.0000   2.934700e-04         0.9987
           3587              0.0000   2.931247e-04         0.9988
           3588              0.0000   2.928319e-04         0.9990
           3589              0.0000   2.925510e-04         0.9990
           3590              0.0000   2.922606e-04         0.9990
           3591              0.0000   2.919359e-04         0.9989
           3592              0.0000   2.915822e-04         0.9988
           3593              0.0000   2.911784e-04         0.9986
           3594              0.0000   2.907735e-04         0.9986
           3595              0.0000   2.903328e-04         0.9985
           3596              0.0000   2.897854e-04         0.9981
           3597              0.0000   2.892962e-04         0.9983
           3598              0.0000   2.888849e-04         0.9986
           3599              0.0000   2.882308e-04         0.9977
           3600              0.0000   2.879179e-04         0.9989
           3601              0.0000   2.877754e-04         0.9995
           3602              0.0000   2.874615e-04         0.9989
           3603              0.0000   2.873061e-04         0.9995
           3604              0.0000   2.870312e-04         0.9990
           3605              0.0000   2.867099e-04         0.9989
           3606              0.0000   2.863710e-04         0.9988
           3607              0.0000   2.860444e-04         0.9989
           3608              0.0000   2.857112e-04         0.9988
           3609              0.0000   2.855138e-04         0.9993
           3610              0.0000   2.853375e-04         0.9994
           3611              0.0000   2.851294e-04         0.9993
           3612              0.0000   2.849948e-04         0.9995
           3613              0.0000   2.848230e-04         0.9994
           3614              0.0000   2.846299e-04         0.9993
           3615              0.0000   2.844097e-04         0.9992
           3616              0.0000   2.841950e-04         0.9992
           3617              0.0000   2.840047e-04         0.9993
           3618              0.0000   2.837740e-04         0.9992
           3619              0.0000   2.835708e-04         0.9993
           3620              0.0000   2.833715e-04         0.9993
           3621              0.0000   2.831350e-04         0.9992
           3622              0.0000   2.828737e-04         0.9991
           3623              0.0000   2.826052e-04         0.9991
           3624              0.0000   2.823362e-04         0.9990
           3625              0.0000   2.821098e-04         0.9992
           3626              0.0000   2.818883e-04         0.9992
           3627              0.0000   2.816059e-04         0.9990
           3628              0.0000   2.812477e-04         0.9987
           3629              0.0000   2.809157e-04         0.9988
           3630              0.0000   2.805722e-04         0.9988
           3631              0.0000   2.802829e-04         0.9990
           3632              0.0000   2.799976e-04         0.9990
           3633              0.0000   2.796921e-04         0.9989
           3634              0.0000   2.793632e-04         0.9988
           3635              0.0000   2.790461e-04         0.9989
           3636              0.0000   2.786798e-04         0.9987
           3637              0.0000   2.783312e-04         0.9987
           3638              0.0000   2.779584e-04         0.9987
           3639              0.0000   2.776551e-04         0.9989
           3640              0.0000   2.773043e-04         0.9987
           3641              0.0000   2.769566e-04         0.9987
           3642              0.0000   2.765880e-04         0.9987
           3643              0.0000   2.762528e-04         0.9988
           3644              0.0000   2.759378e-04         0.9989
           3645              0.0000   2.755671e-04         0.9987
           3646              0.0000   2.751123e-04         0.9983
           3647              0.0000   2.746904e-04         0.9985
           3648              0.0000   2.742965e-04         0.9986
           3649              0.0000   2.739658e-04         0.9988
           3650              0.0000   2.736300e-04         0.9988
           3651              0.0000   2.733069e-04         0.9988
           3652              0.0000   2.729059e-04         0.9985
           3653              0.0000   2.725522e-04         0.9987
           3654              0.0000   2.722627e-04         0.9989
           3655              0.0000   2.719329e-04         0.9988
           3656              0.0000   2.715270e-04         0.9985
           3657              0.0000   2.711340e-04         0.9986
           3658              0.0000   2.706456e-04         0.9982
           3659              0.0000   2.701929e-04         0.9983
           3660              0.0000   2.697118e-04         0.9982
           3661              0.0000   2.692230e-04         0.9982
           3662              0.0000   2.686833e-04         0.9980
           3663              0.0000   2.680688e-04         0.9977
           3664              0.0000   2.674488e-04         0.9977
           3665              0.0000   2.668814e-04         0.9979
           3666              0.0000   2.663725e-04         0.9981
           3667              0.0000   2.657675e-04         0.9977
           3668              0.0000   2.651831e-04         0.9978
           3669              0.0000   2.645571e-04         0.9976
           3670              0.0000   2.639527e-04         0.9977
           3671              0.0000   2.633902e-04         0.9979
           3672              0.0000   2.629281e-04         0.9982
           3673              0.0000   2.625079e-04         0.9984
           3674              0.0000   2.620013e-04         0.9981
           3675              0.0000   2.615674e-04         0.9983
           3676              0.0000   2.611149e-04         0.9983
           3677              0.0000   2.607429e-04         0.9986
           3678              0.0000   2.603893e-04         0.9986
           3679              0.0000   2.600640e-04         0.9988
           3680              0.0000   2.596360e-04         0.9984
           3681              0.0000   2.591945e-04         0.9983
           3682              0.0000   2.587507e-04         0.9983
           3683              0.0000   2.583413e-04         0.9984
           3684              0.0000   2.579416e-04         0.9985
           3685              0.0000   2.575631e-04         0.9985
           3686              0.0000   2.571917e-04         0.9986
           3687              0.0000   2.567535e-04         0.9983
           3688              0.0000   2.563263e-04         0.9983
           3689              0.0000   2.559109e-04         0.9984
           3690              0.0000   2.555081e-04         0.9984
           3691              0.0000   2.550963e-04         0.9984
           3692              0.0000   2.546832e-04         0.9984
           3693              0.0000   2.542709e-04         0.9984
           3694              0.0000   2.538223e-04         0.9982
           3695              0.0000   2.533294e-04         0.9981
           3696              0.0000   2.528759e-04         0.9982
           3697              0.0000   2.524927e-04         0.9985
           3698              0.0000   2.521196e-04         0.9985
           3699              0.0000   2.517443e-04         0.9985
           3700              0.0000   2.513875e-04         0.9986
           3701              0.0000   2.510500e-04         0.9987
           3702              0.0000   2.507114e-04         0.9987
           3703              0.0000   2.503436e-04         0.9985
           3704              0.0000   2.499106e-04         0.9983
           3705              0.0000   2.494822e-04         0.9983
           3706              0.0000   2.489380e-04         0.9978
           3707              0.0000   2.483940e-04         0.9978
           3708              0.0000   2.478779e-04         0.9979
           3709              0.0000   2.474572e-04         0.9983
           3710              0.0000   2.470577e-04         0.9984
           3711              0.0000   2.466753e-04         0.9985
           3712              0.0000   2.462998e-04         0.9985
           3713              0.0000   2.458998e-04         0.9984
           3714              0.0000   2.454275e-04         0.9981
           3715              0.0000   2.449545e-04         0.9981
           3716              0.0000   2.444756e-04         0.9980
           3717              0.0000   2.440622e-04         0.9983
           3718              0.0000   2.436787e-04         0.9984
           3719              0.0000   2.432581e-04         0.9983
           3720              0.0000   2.427963e-04         0.9981
           3721              0.0000   2.424144e-04         0.9984
           3722              0.0000   2.419717e-04         0.9982
           3723              0.0000   2.415699e-04         0.9983
           3724              0.0000   2.411911e-04         0.9984
           3725              0.0000   2.407559e-04         0.9982
           3726              0.0000   2.403056e-04         0.9981
           3727              0.0000   2.397366e-04         0.9976
           3728              0.0000   2.392319e-04         0.9979
           3729              0.0000   2.387448e-04         0.9980
           3730              0.0000   2.382401e-04         0.9979
           3731              0.0000   2.377335e-04         0.9979
           3732              0.0000   2.373208e-04         0.9983
           3733              0.0000   2.369663e-04         0.9985
           3734              0.0000   2.366416e-04         0.9986
           3735              0.0000   2.363001e-04         0.9986
           3736              0.0000   2.360061e-04         0.9988
           3737              0.0000   2.357792e-04         0.9990
           3738              0.0000   2.355487e-04         0.9990
           3739              0.0000   2.353513e-04         0.9992
           3740              0.0000   2.351453e-04         0.9991
           3741              0.0000   2.349747e-04         0.9993
           3742              0.0000   2.348171e-04         0.9993
           3743              0.0000   2.346645e-04         0.9994
           3744              0.0000   2.345416e-04         0.9995
           3745              0.0000   2.344062e-04         0.9994
           3746              0.0000   2.342272e-04         0.9992
           3747              0.0000   2.340332e-04         0.9992
           3748              0.0000   2.338499e-04         0.9992
           3749              0.0000   2.336754e-04         0.9993
           3750              0.0000   2.334832e-04         0.9992
           3751              0.0000   2.332578e-04         0.9990
           3752              0.0000   2.330277e-04         0.9990
           3753              0.0000   2.327767e-04         0.9989
           3754              0.0000   2.325009e-04         0.9988
           3755              0.0000   2.322262e-04         0.9988
           3756              0.0000   2.319765e-04         0.9989
           3757              0.0000   2.317379e-04         0.9990
           3758              0.0000   2.314954e-04         0.9990
           3759              0.0000   2.312904e-04         0.9991
           3760              0.0000   2.311028e-04         0.9992
           3761              0.0000   2.309221e-04         0.9992
           3762              0.0000   2.307079e-04         0.9991
           3763              0.0000   2.304701e-04         0.9990
           3764              0.0000   2.302514e-04         0.9991
           3765              0.0000   2.300495e-04         0.9991
           3766              0.0000   2.298410e-04         0.9991
           3767              0.0000   2.296068e-04         0.9990
           3768              0.0000   2.293948e-04         0.9991
           3769              0.0000   2.291840e-04         0.9991
           3770              0.0000   2.289292e-04         0.9989
           3771              0.0000   2.286161e-04         0.9986
           3772              0.0000   2.281582e-04         0.9980
           3773              0.0000   2.276511e-04         0.9978
           3774              0.0000   2.271631e-04         0.9979
           3775              0.0000   2.266512e-04         0.9977
           3776              0.0000   2.262030e-04         0.9980
           3777              0.0000   2.258029e-04         0.9982
           3778              0.0000   2.254210e-04         0.9983
           3779              0.0000   2.250413e-04         0.9983
           3780              0.0000   2.246522e-04         0.9983
           3781              0.0000   2.242721e-04         0.9983
           3782              0.0000   2.239422e-04         0.9985
           3783              0.0000   2.236027e-04         0.9985
           3784              0.0000   2.232354e-04         0.9984
           3785              0.0000   2.228189e-04         0.9981
           3786              0.0000   2.223600e-04         0.9979
           3787              0.0000   2.218295e-04         0.9976
           3788              0.0000   2.212843e-04         0.9975
           3789              0.0000   2.206912e-04         0.9973
           3790              0.0000   2.201431e-04         0.9975
           3791              0.0000   2.195059e-04         0.9971
           3792              0.0000   2.188726e-04         0.9971
           3793              0.0000   2.182967e-04         0.9974
           3794              0.0000   2.177172e-04         0.9973
           3795              0.0000   2.172173e-04         0.9977
           3796              0.0000   2.167268e-04         0.9977
           3797              0.0000   2.161184e-04         0.9972
           3798              0.0000   2.155716e-04         0.9975
           3799              0.0000   2.150245e-04         0.9975
           3800              0.0000   2.147381e-04         0.9987
           3801              0.0000   2.146235e-04         0.9995
           3802              0.0000   2.141566e-04         0.9978
           3803              0.0000   2.137779e-04         0.9982
           3804              0.0000   2.133969e-04         0.9982
           3805              0.0000   2.130436e-04         0.9983
           3806              0.0000   2.127810e-04         0.9988
           3807              0.0000   2.124698e-04         0.9985
           3808              0.0000   2.121181e-04         0.9983
           3809              0.0000   2.118053e-04         0.9985
           3810              0.0000   2.114614e-04         0.9984
           3811              0.0000   2.110197e-04         0.9979
           3812              0.0000   2.106612e-04         0.9983
           3813              0.0000   2.102327e-04         0.9980
           3814              0.0000   2.098570e-04         0.9982
           3815              0.0000   2.095043e-04         0.9983
           3816              0.0000   2.091680e-04         0.9984
           3817              0.0000   2.088717e-04         0.9986
           3818              0.0000   2.086062e-04         0.9987
           3819              0.0000   2.083645e-04         0.9988
           3820              0.0000   2.081249e-04         0.9989
           3821              0.0000   2.079113e-04         0.9990
           3822              0.0000   2.076935e-04         0.9990
           3823              0.0000   2.074929e-04         0.9990
           3824              0.0000   2.072393e-04         0.9988
           3825              0.0000   2.070314e-04         0.9990
           3826              0.0000   2.068224e-04         0.9990
           3827              0.0000   2.065814e-04         0.9988
           3828              0.0000   2.063016e-04         0.9986
           3829              0.0000   2.059901e-04         0.9985
           3830              0.0000   2.056767e-04         0.9985
           3831              0.0000   2.053421e-04         0.9984
           3832              0.0000   2.050508e-04         0.9986
           3833              0.0000   2.047491e-04         0.9985
           3834              0.0000   2.044647e-04         0.9986
           3835              0.0000   2.041893e-04         0.9987
           3836              0.0000   2.039753e-04         0.9990
           3837              0.0000   2.038128e-04         0.9992
           3838              0.0000   2.036706e-04         0.9993
           3839              0.0000   2.035247e-04         0.9993
           3840              0.0000   2.033736e-04         0.9993
           3841              0.0000   2.032126e-04         0.9992
           3842              0.0000   2.030631e-04         0.9993
           3843              0.0000   2.028949e-04         0.9992
           3844              0.0000   2.027334e-04         0.9992
           3845              0.0000   2.026041e-04         0.9994
           3846              0.0000   2.024608e-04         0.9993
           3847              0.0000   2.022759e-04         0.9991
           3848              0.0000   2.020926e-04         0.9991
           3849              0.0000   2.019171e-04         0.9991
           3850              0.0000   2.016902e-04         0.9989
           3851              0.0000   2.015113e-04         0.9991
           3852              0.0000   2.013178e-04         0.9990
           3853              0.0000   2.010841e-04         0.9988
           3854              0.0000   2.008955e-04         0.9991
           3855              0.0000   2.007149e-04         0.9991
           3856              0.0000   2.005294e-04         0.9991
           3857              0.0000   2.003553e-04         0.9991
           3858              0.0000   2.001731e-04         0.9991
           3859              0.0000   1.999900e-04         0.9991
           3860              0.0000   1.997766e-04         0.9989
           3861              0.0000   1.995934e-04         0.9991
           3862              0.0000   1.994241e-04         0.9992
           3863              0.0000   1.992774e-04         0.9993
           3864              0.0000   1.991088e-04         0.9992
           3865              0.0000   1.989210e-04         0.9991
           3866              0.0000   1.987241e-04         0.9990
           3867              0.0000   1.985081e-04         0.9989
           3868              0.0000   1.983074e-04         0.9990
           3869              0.0000   1.980410e-04         0.9987
           3870              0.0000   1.977607e-04         0.9986
           3871              0.0000   1.973951e-04         0.9982
           3872              0.0000   1.970427e-04         0.9982
           3873              0.0000   1.966599e-04         0.9981
           3874              0.0000   1.962556e-04         0.9979
           3875              0.0000   1.958418e-04         0.9979
           3876              0.0000   1.953143e-04         0.9973
           3877              0.0000   1.947810e-04         0.9973
           3878              0.0000   1.942283e-04         0.9972
           3879              0.0000   1.937368e-04         0.9975
           3880              0.0000   1.932645e-04         0.9976
           3881              0.0000   1.927633e-04         0.9974
           3882              0.0000   1.922725e-04         0.9975
           3883              0.0000   1.918653e-04         0.9979
           3884              0.0000   1.914715e-04         0.9979
           3885              0.0000   1.911163e-04         0.9981
           3886              0.0000   1.907478e-04         0.9981
           3887              0.0000   1.903498e-04         0.9979
           3888              0.0000   1.899330e-04         0.9978
           3889              0.0000   1.895231e-04         0.9978
           3890              0.0000   1.891559e-04         0.9981
           3891              0.0000   1.887951e-04         0.9981
           3892              0.0000   1.884025e-04         0.9979
           3893              0.0000   1.879957e-04         0.9978
           3894              0.0000   1.876509e-04         0.9982
           3895              0.0000   1.873417e-04         0.9984
           3896              0.0000   1.870374e-04         0.9984
           3897              0.0000   1.867563e-04         0.9985
           3898              0.0000   1.864313e-04         0.9983
           3899              0.0000   1.861099e-04         0.9983
           3900              0.0000   1.857773e-04         0.9982
           3901              0.0000   1.853496e-04         0.9977
           3902              0.0000   1.849393e-04         0.9978
           3903              0.0000   1.846253e-04         0.9983
           3904              0.0000   1.843284e-04         0.9984
           3905              0.0000   1.840341e-04         0.9984
           3906              0.0000   1.837725e-04         0.9986
           3907              0.0000   1.835654e-04         0.9989
           3908              0.0000   1.832959e-04         0.9985
           3909              0.0000   1.830166e-04         0.9985
           3910              0.0000   1.827803e-04         0.9987
           3911              0.0000   1.825070e-04         0.9985
           3912              0.0000   1.822209e-04         0.9984
           3913              0.0000   1.819506e-04         0.9985
           3914              0.0000   1.816579e-04         0.9984
           3915              0.0000   1.814071e-04         0.9986
           3916              0.0000   1.811630e-04         0.9987
           3917              0.0000   1.809193e-04         0.9987
           3918              0.0000   1.806852e-04         0.9987
           3919              0.0000   1.804522e-04         0.9987
           3920              0.0000   1.801939e-04         0.9986
           3921              0.0000   1.799386e-04         0.9986
           3922              0.0000   1.796761e-04         0.9985
           3923              0.0000   1.794448e-04         0.9987
           3924              0.0000   1.791993e-04         0.9986
           3925              0.0000   1.789259e-04         0.9985
           3926              0.0000   1.786484e-04         0.9984
           3927              0.0000   1.784145e-04         0.9987
           3928              0.0000   1.781851e-04         0.9987
           3929              0.0000   1.779726e-04         0.9988
           3930              0.0000   1.777533e-04         0.9988
           3931              0.0000   1.775344e-04         0.9988
           3932              0.0000   1.772995e-04         0.9987
           3933              0.0000   1.770273e-04         0.9985
           3934              0.0000   1.767614e-04         0.9985
           3935              0.0000   1.765219e-04         0.9986
           3936              0.0000   1.762294e-04         0.9983
           3937              0.0000   1.759020e-04         0.9981
           3938              0.0000   1.755410e-04         0.9979
           3939              0.0000   1.751559e-04         0.9978
           3940              0.0000   1.747850e-04         0.9979
           3941              0.0000   1.744416e-04         0.9980
           3942              0.0000   1.741229e-04         0.9982
           3943              0.0000   1.737550e-04         0.9979
           3944              0.0000   1.734018e-04         0.9980
           3945              0.0000   1.731094e-04         0.9983
           3946              0.0000   1.728250e-04         0.9984
           3947              0.0000   1.725714e-04         0.9985
           3948              0.0000   1.723227e-04         0.9986
           3949              0.0000   1.720592e-04         0.9985
           3950              0.0000   1.718099e-04         0.9986
           3951              0.0000   1.715325e-04         0.9984
           3952              0.0000   1.712560e-04         0.9984
           3953              0.0000   1.710192e-04         0.9986
           3954              0.0000   1.707977e-04         0.9987
           3955              0.0000   1.705869e-04         0.9988
           3956              0.0000   1.703420e-04         0.9986
           3957              0.0000   1.701187e-04         0.9987
           3958              0.0000   1.698795e-04         0.9986
           3959              0.0000   1.695986e-04         0.9983
           3960              0.0000   1.693607e-04         0.9986
           3961              0.0000   1.691245e-04         0.9986
           3962              0.0000   1.688914e-04         0.9986
           3963              0.0000   1.686638e-04         0.9987
           3964              0.0000   1.684087e-04         0.9985
           3965              0.0000   1.681479e-04         0.9985
           3966              0.0000   1.679333e-04         0.9987
           3967              0.0000   1.677422e-04         0.9989
           3968              0.0000   1.675315e-04         0.9987
           3969              0.0000   1.672721e-04         0.9985
           3970              0.0000   1.669854e-04         0.9983
           3971              0.0000   1.667454e-04         0.9986
           3972              0.0000   1.664983e-04         0.9985
           3973              0.0000   1.662971e-04         0.9988
           3974              0.0000   1.660770e-04         0.9987
           3975              0.0000   1.658279e-04         0.9985
           3976              0.0000   1.655723e-04         0.9985
           3977              0.0000   1.652500e-04         0.9981
           3978              0.0000   1.650119e-04         0.9986
           3979              0.0000   1.647369e-04         0.9983
           3980              0.0000   1.644254e-04         0.9981
           3981              0.0000   1.641614e-04         0.9984
           3982              0.0000   1.638872e-04         0.9983
           3983              0.0000   1.636308e-04         0.9984
           3984              0.0000   1.634043e-04         0.9986
           3985              0.0000   1.632028e-04         0.9988
           3986              0.0000   1.629828e-04         0.9987
           3987              0.0000   1.627601e-04         0.9986
           3988              0.0000   1.625632e-04         0.9988
           3989              0.0000   1.623834e-04         0.9989
           3990              0.0000   1.621972e-04         0.9989
           3991              0.0000   1.619880e-04         0.9987
           3992              0.0000   1.617634e-04         0.9986
           3993              0.0000   1.615256e-04         0.9985
           3994              0.0000   1.612320e-04         0.9982
           3995              0.0000   1.608886e-04         0.9979
           3996              0.0000   1.605510e-04         0.9979
           3997              0.0000   1.602582e-04         0.9982
           3998              0.0000   1.599662e-04         0.9982
           3999              0.0000   1.595089e-04         0.9971
           4000              0.0000   1.592722e-04         0.9985
           4001              0.0000   1.591767e-04         0.9994
           4002              0.0000   1.589561e-04         0.9986
           4003              0.0000   1.588382e-04         0.9993
           4004              0.0000   1.586393e-04         0.9987
           4005              0.0000   1.584379e-04         0.9987
           4006              0.0000   1.582141e-04         0.9986
           4007              0.0000   1.579778e-04         0.9985
           4008              0.0000   1.577737e-04         0.9987
           4009              0.0000   1.576380e-04         0.9991
           4010              0.0000   1.575364e-04         0.9994
           4011              0.0000   1.574096e-04         0.9992
           4012              0.0000   1.573146e-04         0.9994
           4013              0.0000   1.572029e-04         0.9993
           4014              0.0000   1.570575e-04         0.9991
           4015              0.0000   1.569337e-04         0.9992
           4016              0.0000   1.568183e-04         0.9993
           4017              0.0000   1.567074e-04         0.9993
           4018              0.0000   1.565593e-04         0.9991
           4019              0.0000   1.564254e-04         0.9991
           4020              0.0000   1.563033e-04         0.9992
           4021              0.0000   1.561519e-04         0.9990
           4022              0.0000   1.559973e-04         0.9990
           4023              0.0000   1.558487e-04         0.9990
           4024              0.0000   1.556983e-04         0.9990
           4025              0.0000   1.555529e-04         0.9991
           4026              0.0000   1.553928e-04         0.9990
           4027              0.0000   1.552486e-04         0.9991
           4028              0.0000   1.551065e-04         0.9991
           4029              0.0000   1.549503e-04         0.9990
           4030              0.0000   1.547625e-04         0.9988
           4031              0.0000   1.546112e-04         0.9990
           4032              0.0000   1.544481e-04         0.9989
           4033              0.0000   1.542808e-04         0.9989
           4034              0.0000   1.541166e-04         0.9989
           4035              0.0000   1.539517e-04         0.9989
           4036              0.0000   1.537769e-04         0.9989
           4037              0.0000   1.536149e-04         0.9989
           4038              0.0000   1.534134e-04         0.9987
           4039              0.0000   1.532453e-04         0.9989
           4040              0.0000   1.530559e-04         0.9988
           4041              0.0000   1.528779e-04         0.9988
           4042              0.0000   1.527088e-04         0.9989
           4043              0.0000   1.525547e-04         0.9990
           4044              0.0000   1.523989e-04         0.9990
           4045              0.0000   1.521939e-04         0.9987
           4046              0.0000   1.519687e-04         0.9985
           4047              0.0000   1.517452e-04         0.9985
           4048              0.0000   1.515523e-04         0.9987
           4049              0.0000   1.513943e-04         0.9990
           4050              0.0000   1.512329e-04         0.9989
           4051              0.0000   1.510567e-04         0.9988
           4052              0.0000   1.508699e-04         0.9988
           4053              0.0000   1.507037e-04         0.9989
           4054              0.0000   1.505684e-04         0.9991
           4055              0.0000   1.503987e-04         0.9989
           4056              0.0000   1.502053e-04         0.9987
           4057              0.0000   1.500184e-04         0.9988
           4058              0.0000   1.497864e-04         0.9985
           4059              0.0000   1.495671e-04         0.9985
           4060              0.0000   1.493646e-04         0.9986
           4061              0.0000   1.491535e-04         0.9986
           4062              0.0000   1.489047e-04         0.9983
           4063              0.0000   1.485967e-04         0.9979
           4064              0.0000   1.482890e-04         0.9979
           4065              0.0000   1.480346e-04         0.9983
           4066              0.0000   1.477459e-04         0.9981
           4067              0.0000   1.474295e-04         0.9979
           4068              0.0000   1.471255e-04         0.9979
           4069              0.0000   1.468287e-04         0.9980
           4070              0.0000   1.465144e-04         0.9979
           4071              0.0000   1.462111e-04         0.9979
           4072              0.0000   1.459472e-04         0.9982
           4073              0.0000   1.456945e-04         0.9983
           4074              0.0000   1.454335e-04         0.9982
           4075              0.0000   1.452300e-04         0.9986
           4076              0.0000   1.450192e-04         0.9985
           4077              0.0000   1.448324e-04         0.9987
           4078              0.0000   1.446158e-04         0.9985
           4079              0.0000   1.444053e-04         0.9985
           4080              0.0000   1.441812e-04         0.9984
           4081              0.0000   1.439783e-04         0.9986
           4082              0.0000   1.437405e-04         0.9983
           4083              0.0000   1.435053e-04         0.9984
           4084              0.0000   1.432616e-04         0.9983
           4085              0.0000   1.430323e-04         0.9984
           4086              0.0000   1.428173e-04         0.9985
           4087              0.0000   1.425821e-04         0.9984
           4088              0.0000   1.423811e-04         0.9986
           4089              0.0000   1.421451e-04         0.9983
           4090              0.0000   1.418853e-04         0.9982
           4091              0.0000   1.416399e-04         0.9983
           4092              0.0000   1.413897e-04         0.9982
           4093              0.0000   1.411427e-04         0.9983
           4094              0.0000   1.409024e-04         0.9983
           4095              0.0000   1.406144e-04         0.9980
           4096              0.0000   1.403288e-04         0.9980
           4097              0.0000   1.400845e-04         0.9983
           4098              0.0000   1.398335e-04         0.9982
           4099              0.0000   1.395940e-04         0.9983
           4100              0.0000   1.393960e-04         0.9986
           4101              0.0000   1.392068e-04         0.9986
           4102              0.0000   1.390281e-04         0.9987
           4103              0.0000   1.388037e-04         0.9984
           4104              0.0000   1.385670e-04         0.9983
           4105              0.0000   1.383049e-04         0.9981
           4106              0.0000   1.380389e-04         0.9981
           4107              0.0000   1.377740e-04         0.9981
           4108              0.0000   1.375053e-04         0.9980
           4109              0.0000   1.372595e-04         0.9982
           4110              0.0000   1.370522e-04         0.9985
           4111              0.0000   1.368556e-04         0.9986
           4112              0.0000   1.366627e-04         0.9986
           4113              0.0000   1.364734e-04         0.9986
           4114              0.0000   1.362218e-04         0.9982
           4115              0.0000   1.359503e-04         0.9980
           4116              0.0000   1.356473e-04         0.9978
           4117              0.0000   1.353729e-04         0.9980
           4118              0.0000   1.351485e-04         0.9983
           4119              0.0000   1.348992e-04         0.9982
           4120              0.0000   1.346388e-04         0.9981
           4121              0.0000   1.344017e-04         0.9982
           4122              0.0000   1.341695e-04         0.9983
           4123              0.0000   1.338907e-04         0.9979
           4124              0.0000   1.336578e-04         0.9983
           4125              0.0000   1.333904e-04         0.9980
           4126              0.0000   1.331197e-04         0.9980
           4127              0.0000   1.327954e-04         0.9976
           4128              0.0000   1.324579e-04         0.9975
           4129              0.0000   1.321268e-04         0.9975
           4130              0.0000   1.317830e-04         0.9974
           4131              0.0000   1.314656e-04         0.9976
           4132              0.0000   1.312249e-04         0.9982
           4133              0.0000   1.310182e-04         0.9984
           4134              0.0000   1.308294e-04         0.9986
           4135              0.0000   1.306281e-04         0.9985
           4136              0.0000   1.304399e-04         0.9986
           4137              0.0000   1.303009e-04         0.9989
           4138              0.0000   1.301625e-04         0.9989
           4139              0.0000   1.300419e-04         0.9991
           4140              0.0000   1.299093e-04         0.9990
           4141              0.0000   1.297873e-04         0.9991
           4142              0.0000   1.296896e-04         0.9992
           4143              0.0000   1.296063e-04         0.9994
           4144              0.0000   1.295311e-04         0.9994
           4145              0.0000   1.294548e-04         0.9994
           4146              0.0000   1.293514e-04         0.9992
           4147              0.0000   1.292298e-04         0.9991
           4148              0.0000   1.291125e-04         0.9991
           4149              0.0000   1.290054e-04         0.9992
           4150              0.0000   1.289000e-04         0.9992
           4151              0.0000   1.287895e-04         0.9991
           4152              0.0000   1.286718e-04         0.9991
           4153              0.0000   1.285569e-04         0.9991
           4154              0.0000   1.284086e-04         0.9988
           4155              0.0000   1.282826e-04         0.9990
           4156              0.0000   1.281498e-04         0.9990
           4157              0.0000   1.280142e-04         0.9989
           4158              0.0000   1.279007e-04         0.9991
           4159              0.0000   1.278011e-04         0.9992
           4160              0.0000   1.277055e-04         0.9993
           4161              0.0000   1.276056e-04         0.9992
           4162              0.0000   1.275134e-04         0.9993
           4163              0.0000   1.273900e-04         0.9990
           4164              0.0000   1.272770e-04         0.9991
           4165              0.0000   1.271754e-04         0.9992
           4166              0.0000   1.270743e-04         0.9992
           4167              0.0000   1.269722e-04         0.9992
           4168              0.0000   1.268710e-04         0.9992
           4169              0.0000   1.267700e-04         0.9992
           4170              0.0000   1.266576e-04         0.9991
           4171              0.0000   1.265229e-04         0.9989
           4172              0.0000   1.263242e-04         0.9984
           4173              0.0000   1.261109e-04         0.9983
           4174              0.0000   1.258887e-04         0.9982
           4175              0.0000   1.256914e-04         0.9984
           4176              0.0000   1.255316e-04         0.9987
           4177              0.0000   1.253765e-04         0.9988
           4178              0.0000   1.252153e-04         0.9987
           4179              0.0000   1.250752e-04         0.9989
           4180              0.0000   1.249099e-04         0.9987
           4181              0.0000   1.247492e-04         0.9987
           4182              0.0000   1.245891e-04         0.9987
           4183              0.0000   1.244387e-04         0.9988
           4184              0.0000   1.242301e-04         0.9983
           4185              0.0000   1.240417e-04         0.9985
           4186              0.0000   1.238390e-04         0.9984
           4187              0.0000   1.235538e-04         0.9977
           4188              0.0000   1.232899e-04         0.9979
           4189              0.0000   1.229706e-04         0.9974
           4190              0.0000   1.226845e-04         0.9977
           4191              0.0000   1.224099e-04         0.9978
           4192              0.0000   1.221580e-04         0.9979
           4193              0.0000   1.219171e-04         0.9980
           4194              0.0000   1.216908e-04         0.9981
           4195              0.0000   1.214744e-04         0.9982
           4196              0.0000   1.212115e-04         0.9978
           4197              0.0000   1.208851e-04         0.9973
           4198              0.0000   1.206296e-04         0.9979
           4199              0.0000   1.202921e-04         0.9972
           4200              0.0000   1.201142e-04         0.9985
           4201              0.0000   1.200394e-04         0.9994
           4202              0.0000   1.197995e-04         0.9980
           4203              0.0000   1.196023e-04         0.9984
           4204              0.0000   1.194028e-04         0.9983
           4205              0.0000   1.191968e-04         0.9983
           4206              0.0000   1.190719e-04         0.9990
           4207              0.0000   1.189351e-04         0.9989
           4208              0.0000   1.187696e-04         0.9986
           4209              0.0000   1.186391e-04         0.9989
           4210              0.0000   1.185089e-04         0.9989
           4211              0.0000   1.183124e-04         0.9983
           4212              0.0000   1.181411e-04         0.9986
           4213              0.0000   1.179158e-04         0.9981
           4214              0.0000   1.176594e-04         0.9978
           4215              0.0000   1.174180e-04         0.9979
           4216              0.0000   1.172488e-04         0.9986
           4217              0.0000   1.170566e-04         0.9984
           4218              0.0000   1.169083e-04         0.9987
           4219              0.0000   1.167918e-04         0.9990
           4220              0.0000   1.166468e-04         0.9988
           4221              0.0000   1.165134e-04         0.9989
           4222              0.0000   1.164041e-04         0.9991
           4223              0.0000   1.162926e-04         0.9990
           4224              0.0000   1.161629e-04         0.9989
           4225              0.0000   1.160561e-04         0.9991
           4226              0.0000   1.159556e-04         0.9991
           4227              0.0000   1.158496e-04         0.9991
           4228              0.0000   1.157358e-04         0.9990
           4229              0.0000   1.155966e-04         0.9988
           4230              0.0000   1.154528e-04         0.9988
           4231              0.0000   1.152883e-04         0.9986
           4232              0.0000   1.151090e-04         0.9984
           4233              0.0000   1.149517e-04         0.9986
           4234              0.0000   1.148188e-04         0.9988
           4235              0.0000   1.147013e-04         0.9990
           4236              0.0000   1.145971e-04         0.9991
           4237              0.0000   1.145086e-04         0.9992
           4238              0.0000   1.144334e-04         0.9993
           4239              0.0000   1.143486e-04         0.9993
           4240              0.0000   1.142678e-04         0.9993
           4241              0.0000   1.141870e-04         0.9993
           4242              0.0000   1.140978e-04         0.9992
           4243              0.0000   1.140081e-04         0.9992
           4244              0.0000   1.139164e-04         0.9992
           4245              0.0000   1.138375e-04         0.9993
           4246              0.0000   1.137528e-04         0.9993
           4247              0.0000   1.136651e-04         0.9992
           4248              0.0000   1.135730e-04         0.9992
           4249              0.0000   1.134735e-04         0.9991
           4250              0.0000   1.133477e-04         0.9989
           4251              0.0000   1.132507e-04         0.9991
           4252              0.0000   1.131523e-04         0.9991
           4253              0.0000   1.130375e-04         0.9990
           4254              0.0000   1.129377e-04         0.9991
           4255              0.0000   1.128629e-04         0.9993
           4256              0.0000   1.127711e-04         0.9992
           4257              0.0000   1.126904e-04         0.9993
           4258              0.0000   1.125932e-04         0.9991
           4259              0.0000   1.124946e-04         0.9991
           4260              0.0000   1.123794e-04         0.9990
           4261              0.0000   1.122774e-04         0.9991
           4262              0.0000   1.121962e-04         0.9993
           4263              0.0000   1.121294e-04         0.9994
           4264              0.0000   1.120478e-04         0.9993
           4265              0.0000   1.119590e-04         0.9992
           4266              0.0000   1.118506e-04         0.9990
           4267              0.0000   1.117444e-04         0.9991
           4268              0.0000   1.116541e-04         0.9992
           4269              0.0000   1.115328e-04         0.9989
           4270              0.0000   1.114111e-04         0.9989
           4271              0.0000   1.112462e-04         0.9985
           4272              0.0000   1.110725e-04         0.9984
           4273              0.0000   1.108829e-04         0.9983
           4274              0.0000   1.107002e-04         0.9984
           4275              0.0000   1.104944e-04         0.9981
           4276              0.0000   1.102371e-04         0.9977
           4277              0.0000   1.099822e-04         0.9977
           4278              0.0000   1.097093e-04         0.9975
           4279              0.0000   1.094560e-04         0.9977
           4280              0.0000   1.092033e-04         0.9977
           4281              0.0000   1.089314e-04         0.9975
           4282              0.0000   1.086846e-04         0.9977
           4283              0.0000   1.084788e-04         0.9981
           4284              0.0000   1.082822e-04         0.9982
           4285              0.0000   1.080875e-04         0.9982
           4286              0.0000   1.078800e-04         0.9981
           4287              0.0000   1.076763e-04         0.9981
           4288              0.0000   1.074295e-04         0.9977
           4289              0.0000   1.072198e-04         0.9980
           4290              0.0000   1.069999e-04         0.9979
           4291              0.0000   1.067672e-04         0.9978
           4292              0.0000   1.065441e-04         0.9979
           4293              0.0000   1.063194e-04         0.9979
           4294              0.0000   1.061179e-04         0.9981
           4295              0.0000   1.059523e-04         0.9984
           4296              0.0000   1.058021e-04         0.9986
           4297              0.0000   1.056488e-04         0.9986
           4298              0.0000   1.054906e-04         0.9985
           4299              0.0000   1.053041e-04         0.9982
           4300              0.0000   1.050990e-04         0.9981
           4301              0.0000   1.048385e-04         0.9975
           4302              0.0000   1.045909e-04         0.9976
           4303              0.0000   1.043811e-04         0.9980
           4304              0.0000   1.041905e-04         0.9982
           4305              0.0000   1.039832e-04         0.9980
           4306              0.0000   1.038039e-04         0.9983
           4307              0.0000   1.036277e-04         0.9983
           4308              0.0000   1.034485e-04         0.9983
           4309              0.0000   1.032489e-04         0.9981
           4310              0.0000   1.030457e-04         0.9980
           4311              0.0000   1.028398e-04         0.9980
           4312              0.0000   1.026360e-04         0.9980
           4313              0.0000   1.024035e-04         0.9977
           4314              0.0000   1.022013e-04         0.9980
           4315              0.0000   1.020239e-04         0.9983
           4316              0.0000   1.018402e-04         0.9982
           4317              0.0000   1.016633e-04         0.9983
           4318              0.0000   1.014834e-04         0.9982
           4319              0.0000   1.013193e-04         0.9984
           4320              0.0000   1.011490e-04         0.9983
           4321              0.0000   1.009813e-04         0.9983
           4322              0.0000   1.008008e-04         0.9982
           4323              0.0000   1.006093e-04         0.9981
           4324              0.0000   1.004501e-04         0.9984
           4325              0.0000   1.002837e-04         0.9983
           4326              0.0000   1.001127e-04         0.9983
           4327              0.0000   9.999019e-05         0.9988
           4328              0.0000   9.984312e-05         0.9985
           4329              0.0000   9.969930e-05         0.9986
           4330              0.0000   9.957760e-05         0.9988
           4331              0.0000   9.943830e-05         0.9986
           4332              0.0000   9.929168e-05         0.9985
           4333              0.0000   9.914529e-05         0.9985
           4334              0.0000   9.896613e-05         0.9982
           4335              0.0000   9.882235e-05         0.9985
           4336              0.0000   9.864304e-05         0.9982
           4337              0.0000   9.844486e-05         0.9980
           4338              0.0000   9.821844e-05         0.9977
           4339              0.0000   9.802380e-05         0.9980
           4340              0.0000   9.783923e-05         0.9981
           4341              0.0000   9.762066e-05         0.9978
           4342              0.0000   9.741174e-05         0.9979
           4343              0.0000   9.721603e-05         0.9980
           4344              0.0000   9.704247e-05         0.9982
           4345              0.0000   9.688498e-05         0.9984
           4346              0.0000   9.676438e-05         0.9988
           4347              0.0000   9.663105e-05         0.9986
           4348              0.0000   9.650337e-05         0.9987
           4349              0.0000   9.637800e-05         0.9987
           4350              0.0000   9.625734e-05         0.9987
           4351              0.0000   9.612433e-05         0.9986
           4352              0.0000   9.598423e-05         0.9985
           4353              0.0000   9.586482e-05         0.9988
           4354              0.0000   9.575584e-05         0.9989
           4355              0.0000   9.563510e-05         0.9987
           4356              0.0000   9.551306e-05         0.9987
           4357              0.0000   9.539051e-05         0.9987
           4358              0.0000   9.528924e-05         0.9989
           4359              0.0000   9.514804e-05         0.9985
           4360              0.0000   9.501498e-05         0.9986
           4361              0.0000   9.487865e-05         0.9986
           4362              0.0000   9.475273e-05         0.9987
           4363              0.0000   9.462188e-05         0.9986
           4364              0.0000   9.450543e-05         0.9988
           4365              0.0000   9.439258e-05         0.9988
           4366              0.0000   9.428239e-05         0.9988
           4367              0.0000   9.416325e-05         0.9987
           4368              0.0000   9.403011e-05         0.9986
           4369              0.0000   9.390738e-05         0.9987
           4370              0.0000   9.378662e-05         0.9987
           4371              0.0000   9.367438e-05         0.9988
           4372              0.0000   9.357152e-05         0.9989
           4373              0.0000   9.346946e-05         0.9989
           4374              0.0000   9.334990e-05         0.9987
           4375              0.0000   9.323963e-05         0.9988
           4376              0.0000   9.312634e-05         0.9988
           4377              0.0000   9.299556e-05         0.9986
           4378              0.0000   9.286588e-05         0.9986
           4379              0.0000   9.271886e-05         0.9984
           4380              0.0000   9.255357e-05         0.9982
           4381              0.0000   9.243494e-05         0.9987
           4382              0.0000   9.229126e-05         0.9984
           4383              0.0000   9.214612e-05         0.9984
           4384              0.0000   9.203850e-05         0.9988
           4385              0.0000   9.192851e-05         0.9988
           4386              0.0000   9.180833e-05         0.9987
           4387              0.0000   9.168858e-05         0.9987
           4388              0.0000   9.159276e-05         0.9990
           4389              0.0000   9.149334e-05         0.9989
           4390              0.0000   9.139850e-05         0.9990
           4391              0.0000   9.129511e-05         0.9989
           4392              0.0000   9.118091e-05         0.9987
           4393              0.0000   9.105332e-05         0.9986
           4394              0.0000   9.090481e-05         0.9984
           4395              0.0000   9.074544e-05         0.9982
           4396              0.0000   9.057360e-05         0.9981
           4397              0.0000   9.040529e-05         0.9981
           4398              0.0000   9.025303e-05         0.9983
           4399              0.0000   9.003439e-05         0.9976
           4400              0.0000   8.992799e-05         0.9988
           4401              0.0000   8.988661e-05         0.9995
           4402              0.0000   8.976617e-05         0.9987
           4403              0.0000   8.969796e-05         0.9992
           4404              0.0000   8.957873e-05         0.9987
           4405              0.0000   8.947003e-05         0.9988
           4406              0.0000   8.935308e-05         0.9987
           4407              0.0000   8.924631e-05         0.9988
           4408              0.0000   8.913639e-05         0.9988
           4409              0.0000   8.905988e-05         0.9991
           4410              0.0000   8.899998e-05         0.9993
           4411              0.0000   8.893052e-05         0.9992
           4412              0.0000   8.887505e-05         0.9994
           4413              0.0000   8.881678e-05         0.9993
           4414              0.0000   8.875585e-05         0.9993
           4415              0.0000   8.869177e-05         0.9993
           4416              0.0000   8.862656e-05         0.9993
           4417              0.0000   8.856010e-05         0.9993
           4418              0.0000   8.848399e-05         0.9991
           4419              0.0000   8.840569e-05         0.9991
           4420              0.0000   8.833393e-05         0.9992
           4421              0.0000   8.824844e-05         0.9990
           4422              0.0000   8.815199e-05         0.9989
           4423              0.0000   8.806692e-05         0.9990
           4424              0.0000   8.797920e-05         0.9990
           4425              0.0000   8.788814e-05         0.9990
           4426              0.0000   8.779629e-05         0.9990
           4427              0.0000   8.771069e-05         0.9990
           4428              0.0000   8.762964e-05         0.9991
           4429              0.0000   8.754489e-05         0.9990
           4430              0.0000   8.744150e-05         0.9988
           4431              0.0000   8.736294e-05         0.9991
           4432              0.0000   8.728454e-05         0.9991
           4433              0.0000   8.718805e-05         0.9989
           4434              0.0000   8.709048e-05         0.9989
           4435              0.0000   8.699207e-05         0.9989
           4436              0.0000   8.686978e-05         0.9986
           4437              0.0000   8.676891e-05         0.9988
           4438              0.0000   8.666928e-05         0.9989
           4439              0.0000   8.656552e-05         0.9988
           4440              0.0000   8.645399e-05         0.9987
           4441              0.0000   8.634519e-05         0.9987
           4442              0.0000   8.623668e-05         0.9987
           4443              0.0000   8.613369e-05         0.9988
           4444              0.0000   8.603854e-05         0.9989
           4445              0.0000   8.592129e-05         0.9986
           4446              0.0000   8.579035e-05         0.9985
           4447              0.0000   8.566021e-05         0.9985
           4448              0.0000   8.552287e-05         0.9984
           4449              0.0000   8.541934e-05         0.9988
           4450              0.0000   8.531829e-05         0.9988
           4451              0.0000   8.520765e-05         0.9987
           4452              0.0000   8.509821e-05         0.9987
           4453              0.0000   8.499964e-05         0.9988
           4454              0.0000   8.489799e-05         0.9988
           4455              0.0000   8.480497e-05         0.9989
           4456              0.0000   8.469052e-05         0.9987
           4457              0.0000   8.457013e-05         0.9986
           4458              0.0000   8.445939e-05         0.9987
           4459              0.0000   8.435038e-05         0.9987
           4460              0.0000   8.422879e-05         0.9986
           4461              0.0000   8.412233e-05         0.9987
           4462              0.0000   8.397250e-05         0.9982
           4463              0.0000   8.380790e-05         0.9980
           4464              0.0000   8.364389e-05         0.9980
           4465              0.0000   8.347833e-05         0.9980
           4466              0.0000   8.330968e-05         0.9980
           4467              0.0000   8.314042e-05         0.9980
           4468              0.0000   8.298051e-05         0.9981
           4469              0.0000   8.280963e-05         0.9979
           4470              0.0000   8.264013e-05         0.9980
           4471              0.0000   8.245993e-05         0.9978
           4472              0.0000   8.231542e-05         0.9982
           4473              0.0000   8.219372e-05         0.9985
           4474              0.0000   8.204585e-05         0.9982
           4475              0.0000   8.194187e-05         0.9987
           4476              0.0000   8.182203e-05         0.9985
           4477              0.0000   8.171365e-05         0.9987
           4478              0.0000   8.160720e-05         0.9987
           4479              0.0000   8.149345e-05         0.9986
           4480              0.0000   8.138049e-05         0.9986
           4481              0.0000   8.127154e-05         0.9987
           4482              0.0000   8.113194e-05         0.9983
           4483              0.0000   8.099187e-05         0.9983
           4484              0.0000   8.085770e-05         0.9983
           4485              0.0000   8.072861e-05         0.9984
           4486              0.0000   8.061838e-05         0.9986
           4487              0.0000   8.048917e-05         0.9984
           4488              0.0000   8.034539e-05         0.9982
           4489              0.0000   8.021023e-05         0.9983
           4490              0.0000   8.006522e-05         0.9982
           4491              0.0000   7.991787e-05         0.9982
           4492              0.0000   7.978118e-05         0.9983
           4493              0.0000   7.963668e-05         0.9982
           4494              0.0000   7.947957e-05         0.9980
           4495              0.0000   7.929710e-05         0.9977
           4496              0.0000   7.911798e-05         0.9977
           4497              0.0000   7.897431e-05         0.9982
           4498              0.0000   7.880886e-05         0.9979
           4499              0.0000   7.865222e-05         0.9980
           4500              0.0000   7.852914e-05         0.9984
           4501              0.0000   7.841501e-05         0.9985
           4502              0.0000   7.829230e-05         0.9984
           4503              0.0000   7.816320e-05         0.9984
           4504              0.0000   7.802623e-05         0.9982
           4505              0.0000   7.785926e-05         0.9979
           4506              0.0000   7.769622e-05         0.9979
           4507              0.0000   7.754909e-05         0.9981
           4508              0.0000   7.739705e-05         0.9980
           4509              0.0000   7.728261e-05         0.9985
           4510              0.0000   7.717805e-05         0.9986
           4511              0.0000   7.708070e-05         0.9987
           4512              0.0000   7.698700e-05         0.9988
           4513              0.0000   7.688236e-05         0.9986
           4514              0.0000   7.674013e-05         0.9982
           4515              0.0000   7.658879e-05         0.9980
           4516              0.0000   7.643307e-05         0.9980
           4517              0.0000   7.628031e-05         0.9980
           4518              0.0000   7.614171e-05         0.9982
           4519              0.0000   7.600194e-05         0.9982
           4520              0.0000   7.586549e-05         0.9982
           4521              0.0000   7.574481e-05         0.9984
           4522              0.0000   7.562113e-05         0.9984
           4523              0.0000   7.547845e-05         0.9981
           4524              0.0000   7.536331e-05         0.9985
           4525              0.0000   7.522908e-05         0.9982
           4526              0.0000   7.507022e-05         0.9979
           4527              0.0000   7.489691e-05         0.9977
           4528              0.0000   7.472186e-05         0.9977
           4529              0.0000   7.454758e-05         0.9977
           4530              0.0000   7.438241e-05         0.9978
           4531              0.0000   7.424006e-05         0.9981
           4532              0.0000   7.411113e-05         0.9983
           4533              0.0000   7.399842e-05         0.9985
           4534              0.0000   7.390680e-05         0.9988
           4535              0.0000   7.381749e-05         0.9988
           4536              0.0000   7.373215e-05         0.9988
           4537              0.0000   7.366905e-05         0.9991
           4538              0.0000   7.359769e-05         0.9990
           4539              0.0000   7.352802e-05         0.9991
           4540              0.0000   7.345458e-05         0.9990
           4541              0.0000   7.339746e-05         0.9992
           4542              0.0000   7.335319e-05         0.9994
           4543              0.0000   7.331038e-05         0.9994
           4544              0.0000   7.326921e-05         0.9994
           4545              0.0000   7.322091e-05         0.9993
           4546              0.0000   7.316205e-05         0.9992
           4547              0.0000   7.309454e-05         0.9991
           4548              0.0000   7.303634e-05         0.9992
           4549              0.0000   7.297596e-05         0.9992
           4550              0.0000   7.291441e-05         0.9992
           4551              0.0000   7.285103e-05         0.9991
           4552              0.0000   7.278641e-05         0.9991
           4553              0.0000   7.271585e-05         0.9990
           4554              0.0000   7.265100e-05         0.9991
           4555              0.0000   7.258455e-05         0.9991
           4556              0.0000   7.250540e-05         0.9989
           4557              0.0000   7.241833e-05         0.9988
           4558              0.0000   7.233857e-05         0.9989
           4559              0.0000   7.227778e-05         0.9992
           4560              0.0000   7.221888e-05         0.9992
           4561              0.0000   7.216566e-05         0.9993
           4562              0.0000   7.210710e-05         0.9992
           4563              0.0000   7.204026e-05         0.9991
           4564              0.0000   7.196290e-05         0.9989
           4565              0.0000   7.189307e-05         0.9990
           4566              0.0000   7.183198e-05         0.9992
           4567              0.0000   7.176379e-05         0.9991
           4568              0.0000   7.170451e-05         0.9992
           4569              0.0000   7.165003e-05         0.9992
           4570              0.0000   7.158907e-05         0.9991
           4571              0.0000   7.151046e-05         0.9989
           4572              0.0000   7.140077e-05         0.9985
           4573              0.0000   7.127780e-05         0.9983
           4574              0.0000   7.115768e-05         0.9983
           4575              0.0000   7.105547e-05         0.9986
           4576              0.0000   7.097447e-05         0.9989
           4577              0.0000   7.090462e-05         0.9990
           4578              0.0000   7.082803e-05         0.9989
           4579              0.0000   7.075321e-05         0.9989
           4580              0.0000   7.066949e-05         0.9988
           4581              0.0000   7.057972e-05         0.9987
           4582              0.0000   7.048215e-05         0.9986
           4583              0.0000   7.037131e-05         0.9984
           4584              0.0000   7.024364e-05         0.9982
           4585              0.0000   7.014258e-05         0.9986
           4586              0.0000   7.003645e-05         0.9985
           4587              0.0000   6.989718e-05         0.9980
           4588              0.0000   6.973991e-05         0.9978
           4589              0.0000   6.955807e-05         0.9974
           4590              0.0000   6.938878e-05         0.9976
           4591              0.0000   6.925478e-05         0.9981
           4592              0.0000   6.914279e-05         0.9984
           4593              0.0000   6.905501e-05         0.9987
           4594              0.0000   6.896402e-05         0.9987
           4595              0.0000   6.886898e-05         0.9986
           4596              0.0000   6.871687e-05         0.9978
           4597              0.0000   6.849827e-05         0.9968
           4598              0.0000   6.829125e-05         0.9970
           4599              0.0000   6.806516e-05         0.9967
           4600              0.0000   6.794381e-05         0.9982
           4601              0.0000   6.789880e-05         0.9993
           4602              0.0000   6.773750e-05         0.9976
           4603              0.0000   6.760022e-05         0.9980
           4604              0.0000   6.748252e-05         0.9983
           4605              0.0000   6.737253e-05         0.9984
           4606              0.0000   6.729883e-05         0.9989
           4607              0.0000   6.723720e-05         0.9991
           4608              0.0000   6.717366e-05         0.9991
           4609              0.0000   6.711729e-05         0.9992
           4610              0.0000   6.705845e-05         0.9991
           4611              0.0000   6.696939e-05         0.9987
           4612              0.0000   6.687781e-05         0.9986
           4613              0.0000   6.675939e-05         0.9982
           4614              0.0000   6.662180e-05         0.9979
           4615              0.0000   6.650094e-05         0.9982
           4616              0.0000   6.641192e-05         0.9987
           4617              0.0000   6.632575e-05         0.9987
           4618              0.0000   6.624958e-05         0.9989
           4619              0.0000   6.618259e-05         0.9990
           4620              0.0000   6.610568e-05         0.9988
           4621              0.0000   6.602604e-05         0.9988
           4622              0.0000   6.595647e-05         0.9989
           4623              0.0000   6.589473e-05         0.9991
           4624              0.0000   6.582494e-05         0.9989
           4625              0.0000   6.576780e-05         0.9991
           4626              0.0000   6.571640e-05         0.9992
           4627              0.0000   6.566746e-05         0.9993
           4628              0.0000   6.561596e-05         0.9992
           4629              0.0000   6.555608e-05         0.9991
           4630              0.0000   6.548699e-05         0.9989
           4631              0.0000   6.541019e-05         0.9988
           4632              0.0000   6.532679e-05         0.9987
           4633              0.0000   6.524670e-05         0.9988
           4634              0.0000   6.517092e-05         0.9988
           4635              0.0000   6.510004e-05         0.9989
           4636              0.0000   6.504142e-05         0.9991
           4637              0.0000   6.498568e-05         0.9991
           4638              0.0000   6.492608e-05         0.9991
           4639              0.0000   6.487140e-05         0.9992
           4640              0.0000   6.480671e-05         0.9990
           4641              0.0000   6.474990e-05         0.9991
           4642              0.0000   6.468462e-05         0.9990
           4643              0.0000   6.462249e-05         0.9990
           4644              0.0000   6.457242e-05         0.9992
           4645              0.0000   6.451923e-05         0.9992
           4646              0.0000   6.446980e-05         0.9992
           4647              0.0000   6.442024e-05         0.9992
           4648              0.0000   6.436623e-05         0.9992
           4649              0.0000   6.430641e-05         0.9991
           4650              0.0000   6.423210e-05         0.9988
           4651              0.0000   6.417370e-05         0.9991
           4652              0.0000   6.411336e-05         0.9991
           4653              0.0000   6.404508e-05         0.9989
           4654              0.0000   6.399677e-05         0.9992
           4655              0.0000   6.394880e-05         0.9993
           4656              0.0000   6.390615e-05         0.9993
           4657              0.0000   6.386912e-05         0.9994
           4658              0.0000   6.381403e-05         0.9991
           4659              0.0000   6.375835e-05         0.9991
           4660              0.0000   6.370570e-05         0.9992
           4661              0.0000   6.365668e-05         0.9992
           4662              0.0000   6.361468e-05         0.9993
           4663              0.0000   6.357639e-05         0.9994
           4664              0.0000   6.353096e-05         0.9993
           4665              0.0000   6.347825e-05         0.9992
           4666              0.0000   6.342042e-05         0.9991
           4667              0.0000   6.335884e-05         0.9990
           4668              0.0000   6.330464e-05         0.9991
           4669              0.0000   6.324413e-05         0.9990
           4670              0.0000   6.318635e-05         0.9991
           4671              0.0000   6.311492e-05         0.9989
           4672              0.0000   6.304207e-05         0.9988
           4673              0.0000   6.296804e-05         0.9988
           4674              0.0000   6.289203e-05         0.9988
           4675              0.0000   6.280224e-05         0.9986
           4676              0.0000   6.267374e-05         0.9980
           4677              0.0000   6.255590e-05         0.9981
           4678              0.0000   6.242217e-05         0.9979
           4679              0.0000   6.229216e-05         0.9979
           4680              0.0000   6.215290e-05         0.9978
           4681              0.0000   6.200764e-05         0.9977
           4682              0.0000   6.186806e-05         0.9977
           4683              0.0000   6.175473e-05         0.9982
           4684              0.0000   6.165740e-05         0.9984
           4685              0.0000   6.155811e-05         0.9984
           4686              0.0000   6.145843e-05         0.9984
           4687              0.0000   6.135455e-05         0.9983
           4688              0.0000   6.123765e-05         0.9981
           4689              0.0000   6.111728e-05         0.9980
           4690              0.0000   6.098919e-05         0.9979
           4691              0.0000   6.086243e-05         0.9979
           4692              0.0000   6.072211e-05         0.9977
           4693              0.0000   6.058704e-05         0.9978
           4694              0.0000   6.047083e-05         0.9981
           4695              0.0000   6.037308e-05         0.9984
           4696              0.0000   6.028541e-05         0.9985
           4697              0.0000   6.020579e-05         0.9987
           4698              0.0000   6.012077e-05         0.9986
           4699              0.0000   6.003111e-05         0.9985
           4700              0.0000   5.993700e-05         0.9984
           4701              0.0000   5.980425e-05         0.9978
           4702              0.0000   5.966793e-05         0.9977
           4703              0.0000   5.954207e-05         0.9979
           4704              0.0000   5.941160e-05         0.9978
           4705              0.0000   5.927733e-05         0.9977
           4706              0.0000   5.914788e-05         0.9978
           4707              0.0000   5.902182e-05         0.9979
           4708              0.0000   5.889293e-05         0.9978
           4709              0.0000   5.876674e-05         0.9979
           4710              0.0000   5.861447e-05         0.9974
           4711              0.0000   5.848723e-05         0.9978
           4712              0.0000   5.835627e-05         0.9978
           4713              0.0000   5.819807e-05         0.9973
           4714              0.0000   5.806863e-05         0.9978
           4715              0.0000   5.795344e-05         0.9980
           4716              0.0000   5.783995e-05         0.9980
           4717              0.0000   5.772817e-05         0.9981
           4718              0.0000   5.762008e-05         0.9981
           4719              0.0000   5.751791e-05         0.9982
           4720              0.0000   5.739835e-05         0.9979
           4721              0.0000   5.726979e-05         0.9978
           4722              0.0000   5.716611e-05         0.9982
           4723              0.0000   5.706073e-05         0.9982
           4724              0.0000   5.696227e-05         0.9983
           4725              0.0000   5.687050e-05         0.9984
           4726              0.0000   5.678870e-05         0.9986
           4727              0.0000   5.671237e-05         0.9987
           4728              0.0000   5.664325e-05         0.9988
           4729              0.0000   5.657188e-05         0.9987
           4730              0.0000   5.650544e-05         0.9988
           4731              0.0000   5.643602e-05         0.9988
           4732              0.0000   5.636674e-05         0.9988
           4733              0.0000   5.628514e-05         0.9986
           4734              0.0000   5.619459e-05         0.9984
           4735              0.0000   5.612140e-05         0.9987
           4736              0.0000   5.603174e-05         0.9984
           4737              0.0000   5.593892e-05         0.9983
           4738              0.0000   5.583135e-05         0.9981
           4739              0.0000   5.573971e-05         0.9984
           4740              0.0000   5.564402e-05         0.9983
           4741              0.0000   5.553539e-05         0.9980
           4742              0.0000   5.542215e-05         0.9980
           4743              0.0000   5.531215e-05         0.9980
           4744              0.0000   5.520204e-05         0.9980
           4745              0.0000   5.510737e-05         0.9983
           4746              0.0000   5.502337e-05         0.9985
           4747              0.0000   5.495724e-05         0.9988
           4748              0.0000   5.489074e-05         0.9988
           4749              0.0000   5.481589e-05         0.9986
           4750              0.0000   5.474451e-05         0.9987
           4751              0.0000   5.467240e-05         0.9987
           4752              0.0000   5.459849e-05         0.9986
           4753              0.0000   5.453574e-05         0.9989
           4754              0.0000   5.446586e-05         0.9987
           4755              0.0000   5.439157e-05         0.9986
           4756              0.0000   5.430198e-05         0.9984
           4757              0.0000   5.422579e-05         0.9986
           4758              0.0000   5.415329e-05         0.9987
           4759              0.0000   5.406793e-05         0.9984
           4760              0.0000   5.397595e-05         0.9983
           4761              0.0000   5.389429e-05         0.9985
           4762              0.0000   5.381420e-05         0.9985
           4763              0.0000   5.373228e-05         0.9985
           4764              0.0000   5.365136e-05         0.9985
           4765              0.0000   5.358211e-05         0.9987
           4766              0.0000   5.349957e-05         0.9985
           4767              0.0000   5.342207e-05         0.9986
           4768              0.0000   5.334122e-05         0.9985
           4769              0.0000   5.326123e-05         0.9985
           4770              0.0000   5.316661e-05         0.9982
           4771              0.0000   5.308827e-05         0.9985
           4772              0.0000   5.302970e-05         0.9989
           4773              0.0000   5.296942e-05         0.9989
           4774              0.0000   5.290849e-05         0.9988
           4775              0.0000   5.284432e-05         0.9988
           4776              0.0000   5.277785e-05         0.9987
           4777              0.0000   5.270526e-05         0.9986
           4778              0.0000   5.264195e-05         0.9988
           4779              0.0000   5.256504e-05         0.9985
           4780              0.0000   5.248598e-05         0.9985
           4781              0.0000   5.240251e-05         0.9984
           4782              0.0000   5.232261e-05         0.9985
           4783              0.0000   5.225253e-05         0.9987
           4784              0.0000   5.218568e-05         0.9987
           4785              0.0000   5.211815e-05         0.9987
           4786              0.0000   5.204230e-05         0.9985
           4787              0.0000   5.197031e-05         0.9986
           4788              0.0000   5.192681e-05         0.9992
           4789              0.0000   5.188392e-05         0.9992
           4790              0.0000   5.183915e-05         0.9991
           4791              0.0000   5.178283e-05         0.9989
           4792              0.0000   5.171452e-05         0.9987
           4793              0.0000   5.164971e-05         0.9987
           4794              0.0000   5.156438e-05         0.9983
           4795              0.0000   5.147979e-05         0.9984
           4796              0.0000   5.140472e-05         0.9985
           4797              0.0000   5.132122e-05         0.9984
           4798              0.0000   5.124663e-05         0.9985
           4799              0.0000   5.116013e-05         0.9983
           4800              0.0000   5.112499e-05         0.9993
           4801              0.0000   5.110645e-05         0.9996
           4802              0.0000   5.105462e-05         0.9990
           4803              0.0000   5.102185e-05         0.9994
           4804              0.0000   5.096927e-05         0.9990
           4805              0.0000   5.092059e-05         0.9990
           4806              0.0000   5.086015e-05         0.9988
           4807              0.0000   5.079779e-05         0.9988
           4808              0.0000   5.073512e-05         0.9988
           4809              0.0000   5.069606e-05         0.9992
           4810              0.0000   5.066546e-05         0.9994
           4811              0.0000   5.063247e-05         0.9993
           4812              0.0000   5.060586e-05         0.9995
           4813              0.0000   5.057532e-05         0.9994
           4814              0.0000   5.054106e-05         0.9993
           4815              0.0000   5.050500e-05         0.9993
           4816              0.0000   5.046393e-05         0.9992
           4817              0.0000   5.042693e-05         0.9993
           4818              0.0000   5.038343e-05         0.9991
           4819              0.0000   5.033583e-05         0.9991
           4820              0.0000   5.028853e-05         0.9991
           4821              0.0000   5.023444e-05         0.9989
           4822              0.0000   5.017285e-05         0.9988
           4823              0.0000   5.012496e-05         0.9990
           4824              0.0000   5.007515e-05         0.9990
           4825              0.0000   5.002941e-05         0.9991
           4826              0.0000   4.998511e-05         0.9991
           4827              0.0000   4.993214e-05         0.9989
           4828              0.0000   4.987481e-05         0.9989
           4829              0.0000   4.982108e-05         0.9989
           4830              0.0000   4.976736e-05         0.9989
           4831              0.0000   4.971771e-05         0.9990
           4832              0.0000   4.966893e-05         0.9990
           4833              0.0000   4.961931e-05         0.9990
           4834              0.0000   4.955771e-05         0.9988
           4835              0.0000   4.949282e-05         0.9987
           4836              0.0000   4.942238e-05         0.9986
           4837              0.0000   4.934535e-05         0.9984
           4838              0.0000   4.928826e-05         0.9988
           4839              0.0000   4.922483e-05         0.9987
           4840              0.0000   4.915754e-05         0.9986
           4841              0.0000   4.909555e-05         0.9987
           4842              0.0000   4.903247e-05         0.9987
           4843              0.0000   4.896736e-05         0.9987
           4844              0.0000   4.889240e-05         0.9985
           4845              0.0000   4.881259e-05         0.9984
           4846              0.0000   4.873355e-05         0.9984
           4847              0.0000   4.864634e-05         0.9982
           4848              0.0000   4.856450e-05         0.9983
           4849              0.0000   4.849740e-05         0.9986
           4850              0.0000   4.842819e-05         0.9986
           4851              0.0000   4.836167e-05         0.9986
           4852              0.0000   4.830167e-05         0.9988
           4853              0.0000   4.823904e-05         0.9987
           4854              0.0000   4.818331e-05         0.9988
           4855              0.0000   4.811901e-05         0.9987
           4856              0.0000   4.805182e-05         0.9986
           4857              0.0000   4.798839e-05         0.9987
           4858              0.0000   4.792062e-05         0.9986
           4859              0.0000   4.785198e-05         0.9986
           4860              0.0000   4.778313e-05         0.9986
           4861              0.0000   4.771742e-05         0.9986
           4862              0.0000   4.763240e-05         0.9982
           4863              0.0000   4.754044e-05         0.9981
           4864              0.0000   4.744477e-05         0.9980
           4865              0.0000   4.736198e-05         0.9983
           4866              0.0000   4.726517e-05         0.9980
           4867              0.0000   4.718097e-05         0.9982
           4868              0.0000   4.709632e-05         0.9982
           4869              0.0000   4.700154e-05         0.9980
           4870              0.0000   4.690487e-05         0.9979
           4871              0.0000   4.680725e-05         0.9979
           4872              0.0000   4.672234e-05         0.9982
           4873              0.0000   4.665035e-05         0.9985
           4874              0.0000   4.657609e-05         0.9984
           4875              0.0000   4.652010e-05         0.9988
           4876              0.0000   4.646781e-05         0.9989
           4877              0.0000   4.642038e-05         0.9990
           4878              0.0000   4.636481e-05         0.9988
           4879              0.0000   4.631874e-05         0.9990
           4880              0.0000   4.625800e-05         0.9987
           4881              0.0000   4.619029e-05         0.9985
           4882              0.0000   4.611495e-05         0.9984
           4883              0.0000   4.603224e-05         0.9982
           4884              0.0000   4.594775e-05         0.9982
           4885              0.0000   4.586602e-05         0.9982
           4886              0.0000   4.578786e-05         0.9983
           4887              0.0000   4.569503e-05         0.9980
           4888              0.0000   4.560084e-05         0.9979
           4889              0.0000   4.552519e-05         0.9983
           4890              0.0000   4.544887e-05         0.9983
           4891              0.0000   4.536137e-05         0.9981
           4892              0.0000   4.527831e-05         0.9982
           4893              0.0000   4.519274e-05         0.9981
           4894              0.0000   4.509171e-05         0.9978
           4895              0.0000   4.497135e-05         0.9973
           4896              0.0000   4.486150e-05         0.9976
           4897              0.0000   4.476600e-05         0.9979
           4898              0.0000   4.465932e-05         0.9976
           4899              0.0000   4.456962e-05         0.9980
           4900              0.0000   4.449060e-05         0.9982
           4901              0.0000   4.441181e-05         0.9982
           4902              0.0000   4.431891e-05         0.9979
           4903              0.0000   4.424520e-05         0.9983
           4904              0.0000   4.416898e-05         0.9983
           4905              0.0000   4.408724e-05         0.9981
           4906              0.0000   4.399615e-05         0.9979
           4907              0.0000   4.391757e-05         0.9982
           4908              0.0000   4.385017e-05         0.9985
           4909              0.0000   4.378903e-05         0.9986
           4910              0.0000   4.373000e-05         0.9987
           4911              0.0000   4.367008e-05         0.9986
           4912              0.0000   4.361390e-05         0.9987
           4913              0.0000   4.354882e-05         0.9985
           4914              0.0000   4.347258e-05         0.9982
           4915              0.0000   4.338574e-05         0.9980
           4916              0.0000   4.329822e-05         0.9980
           4917              0.0000   4.322208e-05         0.9982
           4918              0.0000   4.315191e-05         0.9984
           4919              0.0000   4.308224e-05         0.9984
           4920              0.0000   4.301696e-05         0.9985
           4921              0.0000   4.296004e-05         0.9987
           4922              0.0000   4.289997e-05         0.9986
           4923              0.0000   4.282934e-05         0.9984
           4924              0.0000   4.277015e-05         0.9986
           4925              0.0000   4.268418e-05         0.9980
           4926              0.0000   4.259217e-05         0.9978
           4927              0.0000   4.250631e-05         0.9980
           4928              0.0000   4.242047e-05         0.9980
           4929              0.0000   4.232985e-05         0.9979
           4930              0.0000   4.226485e-05         0.9985
           4931              0.0000   4.219919e-05         0.9984
           4932              0.0000   4.214217e-05         0.9986
           4933              0.0000   4.209822e-05         0.9990
           4934              0.0000   4.205336e-05         0.9989
           4935              0.0000   4.200420e-05         0.9988
           4936              0.0000   4.195608e-05         0.9989
           4937              0.0000   4.191805e-05         0.9991
           4938              0.0000   4.188309e-05         0.9992
           4939              0.0000   4.185197e-05         0.9993
           4940              0.0000   4.181518e-05         0.9991
           4941              0.0000   4.178557e-05         0.9993
           4942              0.0000   4.175782e-05         0.9993
           4943              0.0000   4.173476e-05         0.9994
           4944              0.0000   4.171644e-05         0.9996
           4945              0.0000   4.169418e-05         0.9995
           4946              0.0000   4.165994e-05         0.9992
           4947              0.0000   4.162019e-05         0.9990
           4948              0.0000   4.158137e-05         0.9991
           4949              0.0000   4.154303e-05         0.9991
           4950              0.0000   4.150619e-05         0.9991
           4951              0.0000   4.147373e-05         0.9992
           4952              0.0000   4.143459e-05         0.9991
           4953              0.0000   4.139527e-05         0.9991
           4954              0.0000   4.135833e-05         0.9991
           4955              0.0000   4.131685e-05         0.9990
           4956              0.0000   4.127565e-05         0.9990
           4957              0.0000   4.123192e-05         0.9989
           4958              0.0000   4.118850e-05         0.9989
           4959              0.0000   4.115473e-05         0.9992
           4960              0.0000   4.112165e-05         0.9992
           4961              0.0000   4.108413e-05         0.9991
           4962              0.0000   4.104783e-05         0.9991
           4963              0.0000   4.100531e-05         0.9990
           4964              0.0000   4.096539e-05         0.9990
           4965              0.0000   4.093092e-05         0.9992
           4966              0.0000   4.089736e-05         0.9992
           4967              0.0000   4.085364e-05         0.9989
           4968              0.0000   4.081146e-05         0.9990
           4969              0.0000   4.076977e-05         0.9990
           4970              0.0000   4.072782e-05         0.9990
           4971              0.0000   4.067621e-05         0.9987
           4972              0.0000   4.060900e-05         0.9983
           4973              0.0000   4.054463e-05         0.9984
           4974              0.0000   4.047520e-05         0.9983
           4975              0.0000   4.041222e-05         0.9984
           4976              0.0000   4.035608e-05         0.9986
           4977              0.0000   4.031390e-05         0.9990
           4978              0.0000   4.027321e-05         0.9990
           4979              0.0000   4.022885e-05         0.9989
           4980              0.0000   4.018935e-05         0.9990
           4981              0.0000   4.014706e-05         0.9989
           4982              0.0000   4.010210e-05         0.9989
           4983              0.0000   4.005128e-05         0.9987
           4984              0.0000   3.999562e-05         0.9986
           4985              0.0000   3.992747e-05         0.9983
           4986              0.0000   3.986006e-05         0.9983
           4987              0.0000   3.977889e-05         0.9980
           4988              0.0000   3.969360e-05         0.9979
           4989              0.0000   3.961705e-05         0.9981
           4990              0.0000   3.955712e-05         0.9985
           4991              0.0000   3.950069e-05         0.9986
           4992              0.0000   3.943330e-05         0.9983
           4993              0.0000   3.937740e-05         0.9986
           4994              0.0000   3.931142e-05         0.9983
           4995              0.0000   3.924125e-05         0.9982
           4996              0.0000   3.915315e-05         0.9978
           4997              0.0000   3.905277e-05         0.9974
           4998              0.0000   3.896050e-05         0.9976
           4999              0.0000   3.885737e-05         0.9974
         --------------------------------------------------------------
         Total Iterations: 5000
         Avg Convergence Rate: 		         0.9980
         Final Residual: 		   3.885737e-05
         Total Reduction in Residual: 	   3.885737e-05
         Maximum Memory Usage: 		          0.000 GB
         --------------------------------------------------------------
Total Time: 53.1099
    setup: 0.115071 s
    solve: 52.9948 s
    solve(per iteration): 0.010599 s
BackScaleLinearSystem: Scaling back to original scale
ComputeNorm: Computing norm of solution
ComputeChange: NS (ITER=1) (NRM,RELC): ( 0.23393942E-01  2.0000000     ) :: linelast
SolveSystem: System solved
SolveSystem: Linear system time (CPU,REAL) for displacement:    53.82   54.96 (s)
SolveSystem: Finished solving the system
DefaultFinish: Finished solver: linelast
StressSolver: All done
StressSolver: ------------------------------------------
SolverActivate: Solver time (CPU,REAL) for linelast:    70.56   71.84 (s)
ComputeNorm: Computing norm of solution
ComputeChange: SS (ITER=1) (NRM,RELC): ( 0.23393942E-01  2.0000000     ) :: linelast
SetActiveElementsTable: Creating active element table for: savescalars
SetActiveElementsTable: No active elements found
SingleSolver: Attempting to call solver: 2
SingleSolver: Solver Equation string is: savescalars
SaveScalars: -----------------------------------------
SaveScalars: Saving scalar values of various kinds
SolverOutputDirectory: Creating directory: results_amgx
SaveScalars: Treating variable: displacement
SaveScalars: Treating operator: dofs
SaveScalars: Treating variable: displacement
SaveScalars: Treating operator: elements
SaveScalars: Treating variable: displacement
SaveScalars: Treating operator: partitions
SaveScalars: Treating variable: displacement
SaveScalars: Treating operator: norm
SaveScalars: Treating variable: displacement
SaveScalars: Treating operator: cpu time
SaveScalars: Performed 5 reduction operations
SaveScalars: Adding information on simulation timing
SaveScalars: Found 4 result scalars in simulation section
SaveScalars: Found 12 values to save in total
SaveScalars: Saving names of values to file: results_amgx/f1.dat.names
SaveScalars: Data is appended to existing file
SaveScalars: Saving values to file: results_amgx/f1.dat
SaveScalars: -----------------------------------------
SolveEquations: Solvers after timestep
SetActiveElementsTable: Creating active element table for: internalvtuoutputsolver
SetActiveElementsTable: No active elements found
SingleSolver: Attempting to call solver: 0
SingleSolver: Solver Equation string is: internalvtuoutputsolver
ResultOutputSolver: -------------------------------------
ResultOutputSolver: Saving with prefix: case
ResultOutputSolver: Number of output meshes: 1
ResultOutputSolver: Dimension of mesh is: 3
ResultOutputSolver: Working on mesh 1: winkel with 270641 nodes
ResultOutputSolver: Creating list for saving - if not present
CreateListForSaving: Field Variables for Saving
CreateListForSaving: Vector Field 1: displacement
ResultOutputSolver: Saving in unstructured VTK XML (.vtu) format
VtuOutputSolver: Saving results in VTK XML format with prefix: case
VtuOutputSolver: Saving number of partitions: 1
SolverOutputDirectory: Creating directory: results_amgx
VtuOutputSolver: Full filename base is: results_amgx/case
GenerateSaveMask: Allocating NodePerm of size: 270641
GenerateSaveMask: Allocating ActiveElem of size: 284800
GenerateSaveMask: Number of active elements 284800 out of 284800
GenerateSaveMask: Number of geometry nodes 270641 out of 270641
VtuOutputSolver: Total number of elements to save: 284800
VtuOutputSolver: Total number of geometry nodes to save: 270641
VtuOutputSolver: Total number of dof nodes to save: 270641
VtuOutputSolver: Setting offset for boundary entities: 100
VtuOutputSolver: Writing the vtu file: results_amgx/case_t0001.vtu
AscBinWriteInit: Initializing buffered ascii/binary writing
AscBinWriteInit: Writing in binary
AscBinWriteInit: Writing in double precision
AscBinWriteInit: Writing to unit number: 58
AscBinWriteInit: Size of buffer is: 270641
WriteVtuFile: Writing nodal fields
WriteVtuFile: Saving variable: displacement
WriteVtuFile: Number of nodal fields written: 1
WriteVtuFile: Writing elemental fields
WriteVtuFile: Number of elemental fields written: 0
WriteVtuFile: Writing entity IDs for bodies and boundaries
WriteVtuFile: Writing coordinates for each used node
WriteVtuFile: Writing the elemental connectivity data
WriteVtuFile: Writing nodal fields
WriteVtuFile: Saving variable: displacement
WriteVtuFile: Writing elemental fields
AscBinWriteFree: Terminating buffered ascii/binary writing
WriteVtuFile: Finished writing file
VtuOutputSolver: Finished writing vtu file
VtuOutputSolver: All done for now
ResultOutputSolver: -------------------------------------
ResultOutputSolver: Skipping inactive mesh: winkelp
WARNING:: CompareToReferenceSolution: Solver 1 FAILED:  Norm = 2.33939423E-02  RefNorm = 2.33900606E-02
CompareToReferenceSolution: Relative Error to reference norm: 1.659560E-04
ReloadInputFile: Realoading input file
LoadInputFile: Loading input file:
WARNING:: CompareToReferenceSolution: FAILED 1 tests out of 1!
MAIN: Reporting unused list entries for sif improvement!
MAIN: If you do not want these lines undefine > DEVEL_LISTUSAGE < !
   Unused keywords:
       Solver 1              bubbles
       Solver 1              nonlinear system consistent norm
       Solver 2              parallel reduce
MAIN: *** Elmer Solver: ALL DONE ***
FreeModel: Freeing meshes
ReleaseMesh: Releasing mesh variables
ReleaseMesh: Releasing mesh nodes
ReleaseMesh: Releasing mesh finished
ReleaseMesh: Releasing mesh variables
ReleaseMesh: Releasing mesh nodes
ReleaseMesh: Releasing mesh finished
FreeModel: Freeing constants list
FreeModel: Freeing simulation list
FreeModel: Freeing boundary lists
FreeModel: Freeing solvers
FreeModel: Freeing initial conditions lists
FreeModel: Freeing body lists
FreeModel: Freeing equations lists
FreeModel: Freeing body forces lists
MAIN: The end
SOLVER TOTAL TIME(CPU,REAL):        74.44       76.37
ELMER SOLVER FINISHED AT: 2026/07/20 10:02:46

Ending linsysAMGX/amgx_fgmres_dilu.sif with mesh level 2
Elapsed time: 78 s
-----------------------------------


Solver linsysAMGX/amgx_fgmres_none.sif not recommended for given problem. Ignoring it


Solver linsysAMGX/amgx_gmres_amg.sif not recommended for given problem. Ignoring it


Solver linsysAMGX/amgx_gmres_none.sif not recommended for given problem. Ignoring it


Solver linsysAMGX/amgx_idr_dilu.sif not recommended for given problem. Ignoring it


Solver linsysAMGX/amgx_jacobi_none.sif not recommended for given problem. Ignoring it

