
Starting program Elmergrid, compiled on Jul 13 2026
Elmergrid reading in-line arguments
Output will be saved to file winkel.

Elmergrid loading data:
-----------------------
Loading the geometry from file 'winkel.grd'.
Loading ElmerGrid file version: 210903
Defining the coordinate system (3-DIM).
Loading 2 subcell sizes in X-direction
Loading 3 subcell sizes in Y-direction
Loading 2 subcell sizes in Z-direction
Loading material structure
LoadElmergrid: materials interval is [0,3]
Loading boundary conditions
Found 4 boundaries
Reached the end of command file
Found 1 divisions for grid

Loading ElmerGrid commands from file 'winkel.grd'.
Reached the end of command file
Read commands from a file

Elmergrid creating and manipulating meshes:
-------------------------------------------
3 cells were created.
Numbered 1281 knots in 1200 4-node elements.
Numbering order was <x><y> and max levelwidth 43.
80 element sides between materials 0 and 1 were located to type 1.
20 element sides between materials 2 and 1 were located to type 2.
20 element sides between materials 3 and 1 were located to type 3.
60 element sides between materials 0 and 2 were located to type 4.
Created 40 extruded divisions.
Maximum elementtype 404 extruded to type 808.
Allocated for 7 new BC lists
Extruded mesh has 32000 elements in 40 levels.
Simple extrusion would have 48000 elements
Extruded BCs list 0 of types [1,1] has 1600 elements.
Extruded BCs list 1 of types [2,2] has 400 elements.
Extruded BCs list 2 of types [3,3] has 400 elements.
Extruded BCs list 3 of types [4,4] has 2400 elements.
Layer BCs list 4 of types [5,5] has 1200 elements.
Layer BCs list 5 of types [6,6] has 800 elements.
Layer BCs list 6 of types [7,7] has 400 elements.
52521 original nodes moved to 35721 new ones.
Created 32000 elements and 35721 nodes by extruding the 2D geometry
Bounding box of all nodes in mesh:
X:[0,2] Y:[0,2] Z:[0,2]
Calculate Mesh Pieces in mesh:
There is a single piece in the mesh, so the mesh is conforming.

Elmergrid saving data with method 2:
-------------------------------------
Saving mesh in ElmerSolver format to directory winkel.
Reusing an existing directory
Saving 35721 coordinates to mesh.nodes.
Saving 32000 element topologies to mesh.elements.
Saving boundary elements to mesh.boundary.
Saving header info to mesh.header.

Thank you for using Elmergrid!
Send bug reports and feature wishes to elmeradm@csc.fi

Solver linsysAMGX/amgx_bicgstab_amg.sif not recommended for given problem. Ignoring it



-----------------------------------
Starting linsysAMGX/amgx_bicgstab_none.sif with mesh level 2

ELMER SOLVER (v 9.0) STARTED AT: 2026/07/20 10:11:02
ParCommInit:  Initialize #PEs:            1
MAIN: Read 2 integer parameters from command line!
MAIN: 
MAIN: =============================================================
MAIN: ElmerSolver finite element software, Welcome!
MAIN: This program is free software licensed under (L)GPL
MAIN: Copyright 1st April 1995 - , CSC - IT Center for Science Ltd.
MAIN: Webpage http://www.csc.fi/elmer, Email elmeradm@csc.fi
MAIN: Version: 9.0 (Rev: 9dce9c2ac, Compiled: 2026-07-13)
MAIN:  Running one task without MPI parallelization.
MAIN:  Running in parallel with 32 threads per task.
MAIN:  HYPRE library linked in.
MAIN:  MMG library linked in.
MAIN:  ParMMG library linked in.
MAIN:  Lua interpreter linked in.
MAIN:  Zoltan library linked in.
MAIN:  AMGX library linked in.
MAIN: =============================================================
MAIN: 
MAIN: 
MAIN: -------------------------------------
MAIN: Reading Model: case.sif
LoadInputFile: Scanning input file: case.sif
LoadInputFile: Scanning only size info
LoadInputFile: First time visiting
LoadInputFile: Reading base load of sif file
OpenIncludeFile: Trying to include file: linsys.sif
CheckKeyword: Found keyword type assuming suffix 1 for: operator 2
CheckKeyword: Found keyword type assuming suffix 1 for: operator 2
CheckKeyword: Found keyword type assuming suffix 1 for: operator 3
CheckKeyword: Found keyword type assuming suffix 1 for: operator 3
CheckKeyword: Found keyword type assuming suffix 1 for: operator 4
CheckKeyword: Found keyword type assuming suffix 1 for: operator 4
CheckKeyword: Found keyword type assuming suffix 1 for: operator 5
CheckKeyword: Found keyword type assuming suffix 1 for: operator 5
LoadInputFile: Loading input file: case.sif
LoadInputFile: Reading base load of sif file
OpenIncludeFile: Trying to include file: linsys.sif
CheckKeyword:  Unlisted keyword: [amgx config] in section: [solver 1]
CheckKeyword: Found keyword type assuming suffix 1 for: operator 2
CheckKeyword: Found keyword type assuming suffix 1 for: operator 2
CheckKeyword: Found keyword type assuming suffix 1 for: operator 3
CheckKeyword: Found keyword type assuming suffix 1 for: operator 3
CheckKeyword: Found keyword type assuming suffix 1 for: operator 4
CheckKeyword: Found keyword type assuming suffix 1 for: operator 4
CheckKeyword: Found keyword type assuming suffix 1 for: operator 5
CheckKeyword: Found keyword type assuming suffix 1 for: operator 5
CheckKeyword:  Unlisted keyword: [expression 1] in section: [solver 2]
CheckKeyword:  Unlisted keyword: [line marker] in section: [solver 2]
LoadInputFile: Number of BCs: 3
LoadInputFile: Number of Body Forces: 0
LoadInputFile: Number of Initial Conditions: 0
LoadInputFile: Number of Materials: 1
LoadInputFile: Number of Equations: 1
LoadInputFile: Number of Solvers: 2
LoadInputFile: Number of Bodies: 1
ListTagKeywords: Setting weight for keywords!
ListTagKeywords: No parameters width suffix: normalize by area
ListTagKeywords: Setting weight for keywords!
ListTagKeywords: No parameters width suffix: normalize by volume
Loading user function library: [StressSolve]...[StressSolver_Init0]
Loading user function library: [SaveData]...[SaveScalars_Init0]
Loading user function library: [SaveData]...[SaveScalars_Init0]
LoadMesh: Loading serial mesh!
ElmerAsciiMesh: Performing step: 1
ElmerAsciiMesh: Base mesh name: ./winkel
ReadHeaderFile: Reading header info from file: ./winkel/mesh.header
InitializeMesh: Number of nodes in mesh: 35721
InitializeMesh: Number of bulk elements in mesh: 32000
InitializeMesh: Number of boundary elements in mesh: 7200
InitializeMesh: Initial number of max element nodes: 8
ElmerAsciiMesh: Performing step: 2
ReadNodesFile: Reading nodes from file: ./winkel/mesh.nodes
SetMeshDimension: Dimension of mesh is: 3
SetMeshDimension: Max dimension of mesh is: 3
ElmerAsciiMesh: Performing step: 3
ReadElementsFile: Reading bulk elements from file: ./winkel/mesh.elements
ElmerAsciiMesh: Performing step: 4
ReadBoundaryFile: Reading boundary elements from file: ./winkel/mesh.boundary
PermuteNodeNumbering: Performing node mapping
MapBodiesAndBCs: Skipping remapping of bodies
MapBodiesAndBCs: Remapping boundaries
MapBodiesAndBCs: Minimum initial boundary index: 1
MapBodiesAndBCs: Maximum initial boundary index: 7
ElmerAsciiMesh: Performing step: 5
ElmerAsciiMesh: Performing step: 6
LoadMesh: Loading mesh done
NonNodalElements: Element dofs max: 8
LoadMesh: Preparing mesh done
LoadMesh: Elapsed REAL time:     0.0482 (s)
LoadModel: Creating hierarchy of meshes by mesh multiplication: 2
LoadModel: Keeping number of meshes: 2
LoadModel: Performing splitting at level: 2
SplitMeshEqual: Mesh splitting works for first order elements 303, 404, 504, (706) and 808.
FindMeshEdges: Determining faces in 3D mesh
FindMeshFaces3D: Finding mesh faces in 3D mesh
FindMeshFaces3D: Number of faces found: 99600
FindMeshEdges: Determining edges in 3D mesh
FindMeshEdges3D: Finding mesh edges in 3D mesh
FindMeshEdges3D: Number of edges found: 103320
SplitMeshEqual: ******** Old mesh ********
SplitMeshEqual:  Nodes             :        35721
SplitMeshEqual:  Bulk elements     :        32000
SplitMeshEqual:  Boundary elements :         7200
SplitMeshEqual:  Edges             :       103320
SplitMeshEqual:  Faces             :        99600
SplitMeshEqual: Added 99600 nodes in the center of faces
SplitMeshEqual: Added 32000 nodes in the center of bulks
SplitMeshEqual: Added edge centers to the nodes list.
SplitMeshEqual: Added face centers to the nodes list.
SplitMeshEqual: Added quad and brick centers to the nodes list.
SplitMeshEqual:  Count of new elements :       284800
SplitMeshEqual: New mesh allocated.
SplitMeshEqual: Array for bulk elements allocated.
SplitMeshEqual: ******** New mesh ********
SplitMeshEqual:  Nodes             :       270641
SplitMeshEqual:  Bulk elements     :       256000
SplitMeshEqual:  Boundary elements :        28800
SplitMeshEqual: Elapsed REAL time:     0.0502 (s)
ReleaseMeshFaceTables: Releasing number of faces: 99600
SetMeshDimension: Dimension of mesh is: 3
SetMeshDimension: Max dimension of mesh is: 3
NonNodalElements: Element dofs max: 8
MeshStabParams: Computing stabilization parameters
MeshStabParams: Elapsed REAL time:     0.0262 (s)
MeshStabParams: Computing stabilization parameters
MeshStabParams: Elapsed REAL time:     0.0034 (s)
CompleteModelKeywords: Completing keywords for mortars and mechanics!
MAIN: -------------------------------------
AddVtuOutputSolverHack: Adding ResultOutputSolver to write VTU output in file: case
AppendNewSolver: Increasing number of solvers to: 3
AddVtuOutputSolverHack: Finished appending VTU output solver
AddMeshCoordinates: Setting mesh coordinates and time
VariableAdd: Adding variable > Coordinate 1 < of size 270641
VariableAdd: Adding variable > Coordinate 2 < of size 270641
VariableAdd: Adding variable > Coordinate 3 < of size 270641
VariableAdd: Adding variable > Coordinate 1 < of size 35721
VariableAdd: Adding variable > Coordinate 2 < of size 35721
VariableAdd: Adding variable > Coordinate 3 < of size 35721
AddSolvers: Setting up 3 solvers
AddSolvers: Setting up solver 1: linelast
AddEquationBasics: Using procedure: StressSolve StressSolver
AddEquationBasics: Setting up solver: linelast
Loading user function library: [StressSolve]...[StressSolver_Init]
AddEquationBasics: Checking for _init solver
StressSolve_init: --------------------------------------------------
StressSolve_init: Solving displacements from linear elasticity model
StressSolve_init: --------------------------------------------------
Loading user function library: [StressSolve]...[StressSolver_bulk]
Loading user function library: [StressSolve]...[StressSolver_bulk]
AddEquationBasics: Checking for _bulk solver
Loading user function library: [StressSolve]...[StressSolver]
AddEquationBasics: Treating variable string: -dofs 3 displacement
AddEquationBasics: Creating standard variable: displacement
AddEquationBasics: Computing size of permutation vector
AddEquationBasics: Maximum size of permutation vector is: 270641
AddEquationBasics: Creating solver matrix topology
CreateMatrix: Creating initial permutation
CreateMatrix: Creating inverse of initial order of size: 270641
CreateMatrix: Creating list matrix for equation: linelast
MakeListMatrix: Creating list matrix
OptimizeBandwidth: ---------------------------------------------------------
OptimizeBandwidth: Computing matrix structure for: linelast
OptimizeBandwidth: Initial bandwidth for linelast: 238642
OptimizeBandwidth: Optimized bandwidth for linelast: 6683
OptimizeBandwidth: ---------------------------------------------------------
CreateMatrix: Initializing list matrix for equation
CRS_CreateMatrix: Creating CRS Matrix of size: 811923
CRS_CreateMatrix: Creating CRS Matrix with nofs: 63380889
CreateMatrix: Sparse matrix created
AddEquationBasics: Number of rows in CRS matrix: 811923
AddEquationBasics: Creating solver variable
VariableAdd: Adding variable > displacement < of size 811923
VariableAdd: Adding variable > displacement 1 < of size 270641
VariableAdd: Adding variable > displacement 2 < of size 270641
VariableAdd: Adding variable > displacement 3 < of size 270641
SolverInitialization: Elapsed REAL time:     0.9726 (s)
AddSolvers: Setting up solver 2: savescalars
AddEquationBasics: Using procedure: SaveData SaveScalars
AddEquationBasics: Setting up solver: savescalars
Loading user function library: [SaveData]...[SaveScalars_Init]
AddEquationBasics: Checking for _init solver
Loading user function library: [SaveData]...[SaveScalars_bulk]
Loading user function library: [SaveData]...[SaveScalars_bulk]
AddEquationBasics: Checking for _bulk solver
Loading user function library: [SaveData]...[SaveScalars]
AddEquationBasics: Creating null variable with no name
AddSolvers: Setting up solver 3: internalvtuoutputsolver
AddEquationBasics: Using procedure: ResultOutputSolve ResultOutputSolver
AddEquationBasics: Setting up solver: internalvtuoutputsolver
Loading user function library: [ResultOutputSolve]...[ResultOutputSolver_Init]
Loading user function library: [ResultOutputSolve]...[ResultOutputSolver_Init]
AddEquationBasics: Checking for _init solver
Loading user function library: [ResultOutputSolve]...[ResultOutputSolver_bulk]
Loading user function library: [ResultOutputSolve]...[ResultOutputSolver_bulk]
AddEquationBasics: Checking for _bulk solver
Loading user function library: [ResultOutputSolve]...[ResultOutputSolver]
AddEquationBasics: Treating variable string: -global vtu_internal_dummy
AddEquationBasics: Creating global variable: vtu_internal_dummy
VariableAdd: Adding variable > vtu_internal_dummy < of size 1
AddSolvers: Setting up solvers done
AddTimeEtc: Setting time and other global variables
VariableAdd: Adding variable > Time < of size 1
VariableAdd: Adding variable > Timestep < of size 1
VariableAdd: Adding variable > Timestep size < of size 1
VariableAdd: Adding variable > Timestep interval < of size 1
VariableAdd: Adding variable > nonlin iter < of size 1
VariableAdd: Adding variable > coupled iter < of size 1
VariableAdd: Adding variable > Partition < of size 1
VariableAdd: Adding variable > Time < of size 1
VariableAdd: Adding variable > Timestep < of size 1
VariableAdd: Adding variable > Timestep size < of size 1
VariableAdd: Adding variable > Timestep interval < of size 1
VariableAdd: Adding variable > nonlin iter < of size 1
VariableAdd: Adding variable > coupled iter < of size 1
VariableAdd: Adding variable > Partition < of size 1
MAIN: Random seed initialized to: 314159265
SetInitialConditions: Setting up initial conditions (if any)
MAIN: Number of timesteps to be saved: 1
MAIN: 
MAIN: -------------------------------------
MAIN:  Steady state iteration:            1
MAIN: -------------------------------------
MAIN: 
SolveEquations: Solvers before timestep
SolveEquations: Solvers in main iteration loop
SolveEquations: Performing set of solvers in sequence
ListTagCount: Counting tags for keyword normalization!
SetActiveElementsTable: Creating active element table for: linelast
SetActiveElementsTable: Number of active elements found : 256000
SingleSolver: Attempting to call solver: 1
SingleSolver: Solver Equation string is: linelast
StressSolve: 
StressSolve: --------------------------------------------------
StressSolve: Solving displacements from linear elasticity model
StressSolve: --------------------------------------------------
DefaultStart: Starting solver: linelast
StressSolve: Starting assembly...
InitializeToZero: Initializing the linear system to zero
StressSolve: Assembly:
: ............Finished checking for nodal loads
SetNodalLoads: Finished checking for nodal loads
SetNodalLoads: Finished checking for nodal loads
SetDirichletBoundaries: Number of dofs set for displacement: 0
DefUtils::DefaultDirichletBCs: Setting Dirichlet boundary conditions
SetDirichletBoundaries: Number of dofs set for displacement 1: 6400
DefUtils::DefaultDirichletBCs: p-element condition setup: displacement 1
SetDirichletBoundaries: Number of dofs set for displacement 2: 6400
DefUtils::DefaultDirichletBCs: p-element condition setup: displacement 2
SetDirichletBoundaries: Number of dofs set for displacement 3: 6400
DefUtils::DefaultDirichletBCs: p-element condition setup: displacement 3
EnforceDirichletConditions: Enforcing total of 5043 Dirichlet conditions.
EnforceDirichletConditions: Applying Dirichlet conditions using scaled diagonal
ScaleLinearSystem: Creating > DiagScaling < vector of size 811923
EnforceDirichletConditions: Dirichlet conditions enforced for dofs: 5043
DefUtils::DefaultDirichletBCs: Dirichlet boundary conditions set
DefaultSolve: Solving linear system with default routines
GenerateConstraintMatrix: Nothing to do for now
SolveSystem: Solving linear system
SolveSystem: Solving linear system in standard way
SolveLinearSystem: Assuming real valued linear system
SolveLinearSystem: Assuming serial linear system
ScaleLinearSystem: Creating > DiagScaling < vector of size 811923
SolveLinearSystem: Serial linear System Solver: amgx
AMGX version 2.5.0
Built on Jul 13 2026, 14:06:01
Compiled with CUDA Runtime 12.9, using CUDA driver 13.2
The AMGX_initialize_plugins API call is deprecated and can be safely removed.
           iter      Mem Usage (GB)       residual           rate
         ----------------------------------------------------------------------
            Ini                   0   1.000000e+00
              0                   0   4.964296e-01         0.4964
              1              0.0000   4.541608e-01         0.9149
              2              0.0000   4.076906e-01         0.8977
              3              0.0000   3.814497e-01         0.9356
              4              0.0000   3.701195e-01         0.9703
              5              0.0000   3.585336e-01         0.9687
              6              0.0000   3.494217e-01         0.9746
              7              0.0000   3.327872e-01         0.9524
              8              0.0000   3.186429e-01         0.9575
              9              0.0000   2.882914e-01         0.9047
             10              0.0000   2.738849e-01         0.9500
             11              0.0000   2.637312e-01         0.9629
             12              0.0000   2.581533e-01         0.9788
             13              0.0000   2.583716e-01         1.0008
             14              0.0000   2.593065e-01         1.0036
             15              0.0000   2.601773e-01         1.0034
             16              0.0000   2.609900e-01         1.0031
             17              0.0000   2.619794e-01         1.0038
             18              0.0000   2.628077e-01         1.0032
             19              0.0000   2.633328e-01         1.0020
             20              0.0000   2.642386e-01         1.0034
             21              0.0000   2.647605e-01         1.0020
             22              0.0000   2.657253e-01         1.0036
             23              0.0000   2.669465e-01         1.0046
             24              0.0000   2.680663e-01         1.0042
             25              0.0000   2.700542e-01         1.0074
             26              0.0000   2.717823e-01         1.0064
             27              0.0000   2.736177e-01         1.0068
             28              0.0000   2.758143e-01         1.0080
             29              0.0000   2.777780e-01         1.0071
             30              0.0000   2.802679e-01         1.0090
             31              0.0000   2.831746e-01         1.0104
             32              0.0000   2.861574e-01         1.0105
             33              0.0000   2.898396e-01         1.0129
             34              0.0000   2.932025e-01         1.0116
             35              0.0000   2.965656e-01         1.0115
             36              0.0000   2.999020e-01         1.0113
             37              0.0000   3.026945e-01         1.0093
             38              0.0000   3.054238e-01         1.0090
             39              0.0000   3.079087e-01         1.0081
             40              0.0000   3.104753e-01         1.0083
             41              0.0000   3.131177e-01         1.0085
             42              0.0000   3.161325e-01         1.0096
             43              0.0000   3.191217e-01         1.0095
             44              0.0000   3.222501e-01         1.0098
             45              0.0000   3.250952e-01         1.0088
             46              0.0000   3.278693e-01         1.0085
             47              0.0000   3.302760e-01         1.0073
             48              0.0000   3.327210e-01         1.0074
             49              0.0000   3.344813e-01         1.0053
             50              0.0000   3.369324e-01         1.0073
             51              0.0000   3.370293e-01         1.0003
             52              0.0000   3.665377e-01         1.0876
             53              0.0000   3.160775e-01         0.8623
             54              0.0000   3.001424e-01         0.9496
             55              0.0000   2.995678e-01         0.9981
             56              0.0000   3.000727e-01         1.0017
             57              0.0000   3.009456e-01         1.0029
             58              0.0000   3.041554e-01         1.0107
             59              0.0000   2.966609e-01         0.9754
             60              0.0000   2.936873e-01         0.9900
             61              0.0000   2.801347e-01         0.9539
             62              0.0000   2.725914e-01         0.9731
             63              0.0000   2.696473e-01         0.9892
             64              0.0000   2.693826e-01         0.9990
             65              0.0000   2.696608e-01         1.0010
             66              0.0000   2.543552e-01         0.9432
             67              0.0000   2.428706e-01         0.9548
             68              0.0000   2.947822e-01         1.2137
             69              0.0000   2.253233e-01         0.7644
             70              0.0000   2.136366e-01         0.9481
             71              0.0000   2.144642e-01         1.0039
             72              0.0000   2.152723e-01         1.0038
             73              0.0000   2.153144e-01         1.0002
             74              0.0000   2.153471e-01         1.0002
             75              0.0000   2.167162e-01         1.0064
             76              0.0000   2.167662e-01         1.0002
             77              0.0000   2.164970e-01         0.9988
             78              0.0000   2.184431e-01         1.0090
             79              0.0000   2.136905e-01         0.9782
             80              0.0000   2.106599e-01         0.9858
             81              0.0000   2.109849e-01         1.0015
             82              0.0000   2.115384e-01         1.0026
             83              0.0000   2.176513e-01         1.0289
             84              0.0000   2.103992e-01         0.9667
             85              0.0000   2.122573e-01         1.0088
             86              0.0000   2.113722e-01         0.9958
             87              0.0000   2.134099e-01         1.0096
             88              0.0000   2.114873e-01         0.9910
             89              0.0000   2.102264e-01         0.9940
             90              0.0000   2.124520e-01         1.0106
             91              0.0000   2.129815e-01         1.0025
             92              0.0000   2.139353e-01         1.0045
             93              0.0000   2.148315e-01         1.0042
             94              0.0000   2.145247e-01         0.9986
             95              0.0000   2.143231e-01         0.9991
             96              0.0000   2.144287e-01         1.0005
             97              0.0000   2.238171e-01         1.0438
             98              0.0000   2.166961e-01         0.9682
             99              0.0000   2.164264e-01         0.9988
            100              0.0000   2.172956e-01         1.0040
            101              0.0000   2.186072e-01         1.0060
            102              0.0000   2.189019e-01         1.0013
            103              0.0000   2.205474e-01         1.0075
            104              0.0000   2.234433e-01         1.0131
            105              0.0000   2.215223e-01         0.9914
            106              0.0000   2.217536e-01         1.0010
            107              0.0000   2.235933e-01         1.0083
            108              0.0000   2.224596e-01         0.9949
            109              0.0000   2.231320e-01         1.0030
            110              0.0000   2.235931e-01         1.0021
            111              0.0000   2.250466e-01         1.0065
            112              0.0000   2.247458e-01         0.9987
            113              0.0000   2.249651e-01         1.0010
            114              0.0000   2.245695e-01         0.9982
            115              0.0000   2.277895e-01         1.0143
            116              0.0000   2.223441e-01         0.9761
            117              0.0000   2.220781e-01         0.9988
            118              0.0000   2.203171e-01         0.9921
            119              0.0000   2.204203e-01         1.0005
            120              0.0000   2.203144e-01         0.9995
            121              0.0000   2.200097e-01         0.9986
            122              0.0000   2.199729e-01         0.9998
            123              0.0000   3.282852e-01         1.4924
            124              0.0000   2.192076e-01         0.6677
            125              0.0000   2.185451e-01         0.9970
            126              0.0000   2.183415e-01         0.9991
            127              0.0000   2.178282e-01         0.9976
            128              0.0000   2.175612e-01         0.9988
            129              0.0000   2.171809e-01         0.9983
            130              0.0000   2.170741e-01         0.9995
            131              0.0000   2.198432e-01         1.0128
            132              0.0000   2.151024e-01         0.9784
            133              0.0000   2.144507e-01         0.9970
            134              0.0000   2.123264e-01         0.9901
            135              0.0000   2.105950e-01         0.9918
            136              0.0000   2.092771e-01         0.9937
            137              0.0000   2.081846e-01         0.9948
            138              0.0000   2.075791e-01         0.9971
            139              0.0000   2.067832e-01         0.9962
            140              0.0000   2.057239e-01         0.9949
            141              0.0000   2.054051e-01         0.9985
            142              0.0000   2.070314e-01         1.0079
            143              0.0000   2.072525e-01         1.0011
            144              0.0000   2.034064e-01         0.9814
            145              0.0000   2.027624e-01         0.9968
            146              0.0000   2.043607e-01         1.0079
            147              0.0000   2.018296e-01         0.9876
            148              0.0000   1.981174e-01         0.9816
            149              0.0000   1.976226e-01         0.9975
            150              0.0000   1.963763e-01         0.9937
            151              0.0000   1.962801e-01         0.9995
            152              0.0000   1.960547e-01         0.9989
            153              0.0000   1.961541e-01         1.0005
            154              0.0000   1.962811e-01         1.0006
            155              0.0000   1.971993e-01         1.0047
            156              0.0000   2.001975e-01         1.0152
            157              0.0000   1.970794e-01         0.9844
            158              0.0000   1.974753e-01         1.0020
            159              0.0000   1.982869e-01         1.0041
            160              0.0000   1.980757e-01         0.9989
            161              0.0000   1.973350e-01         0.9963
            162              0.0000   1.983482e-01         1.0051
            163              0.0000   1.977059e-01         0.9968
            164              0.0000   1.987257e-01         1.0052
            165              0.0000   1.977958e-01         0.9953
            166              0.0000   1.992723e-01         1.0075
            167              0.0000   1.977008e-01         0.9921
            168              0.0000   1.977338e-01         1.0002
            169              0.0000   1.979888e-01         1.0013
            170              0.0000   1.964280e-01         0.9921
            171              0.0000   1.958468e-01         0.9970
            172              0.0000   1.954592e-01         0.9980
            173              0.0000   1.941909e-01         0.9935
            174              0.0000   1.945535e-01         1.0019
            175              0.0000   1.937412e-01         0.9958
            176              0.0000   1.923589e-01         0.9929
            177              0.0000   1.918750e-01         0.9975
            178              0.0000   1.906099e-01         0.9934
            179              0.0000   1.899152e-01         0.9964
            180              0.0000   1.916699e-01         1.0092
            181              0.0000   1.872479e-01         0.9769
            182              0.0000   1.855784e-01         0.9911
            183              0.0000   1.844497e-01         0.9939
            184              0.0000   1.834175e-01         0.9944
            185              0.0000   1.816344e-01         0.9903
            186              0.0000   1.817528e-01         1.0007
            187              0.0000   1.799758e-01         0.9902
            188              0.0000   1.798838e-01         0.9995
            189              0.0000   1.781533e-01         0.9904
            190              0.0000   1.772674e-01         0.9950
            191              0.0000   1.751656e-01         0.9881
            192              0.0000   1.738867e-01         0.9927
            193              0.0000   1.707478e-01         0.9819
            194              0.0000   1.674109e-01         0.9805
            195              0.0000   1.691079e-01         1.0101
            196              0.0000   1.692670e-01         1.0009
            197              0.0000   1.668534e-01         0.9857
            198              0.0000   1.644056e-01         0.9853
            199              0.0000   1.632847e-01         0.9932
            200              0.0000   1.745630e-01         1.0691
            201              0.0000   1.601429e-01         0.9174
            202              0.0000   1.592307e-01         0.9943
            203              0.0000   1.573963e-01         0.9885
            204              0.0000   1.569097e-01         0.9969
            205              0.0000   1.578392e-01         1.0059
            206              0.0000   1.552784e-01         0.9838
            207              0.0000   1.537207e-01         0.9900
            208              0.0000   1.528653e-01         0.9944
            209              0.0000   1.513216e-01         0.9899
            210              0.0000   1.512973e-01         0.9998
            211              0.0000   1.503895e-01         0.9940
            212              0.0000   1.493911e-01         0.9934
            213              0.0000   1.484131e-01         0.9935
            214              0.0000   1.478737e-01         0.9964
            215              0.0000   1.472388e-01         0.9957
            216              0.0000   1.466759e-01         0.9962
            217              0.0000   1.458976e-01         0.9947
            218              0.0000   1.458598e-01         0.9997
            219              0.0000   1.447254e-01         0.9922
            220              0.0000   1.441047e-01         0.9957
            221              0.0000   1.440937e-01         0.9999
            222              0.0000   1.429983e-01         0.9924
            223              0.0000   1.434655e-01         1.0033
            224              0.0000   1.426469e-01         0.9943
            225              0.0000   1.370255e-01         0.9606
            226              0.0000   1.395043e-01         1.0181
            227              0.0000   1.381132e-01         0.9900
            228              0.0000   1.378636e-01         0.9982
            229              0.0000   1.383720e-01         1.0037
            230              0.0000   1.365873e-01         0.9871
            231              0.0000   1.400081e-01         1.0250
            232              0.0000   1.220366e-01         0.8716
            233              0.0000   1.156011e-01         0.9473
            234              0.0000   1.148777e-01         0.9937
            235              0.0000   1.145709e-01         0.9973
            236              0.0000   1.141270e-01         0.9961
            237              0.0000   1.288436e-01         1.1289
            238              0.0000   1.135711e-01         0.8815
            239              0.0000   1.130003e-01         0.9950
            240              0.0000   1.128090e-01         0.9983
            241              0.0000   1.128668e-01         1.0005
            242              0.0000   1.120809e-01         0.9930
            243              0.0000   1.119106e-01         0.9985
            244              0.0000   1.112994e-01         0.9945
            245              0.0000   1.109503e-01         0.9969
            246              0.0000   1.109479e-01         1.0000
            247              0.0000   1.109378e-01         0.9999
            248              0.0000   1.103227e-01         0.9945
            249              0.0000   1.099325e-01         0.9965
            250              0.0000   1.099253e-01         0.9999
            251              0.0000   1.089651e-01         0.9913
            252              0.0000   1.091619e-01         1.0018
            253              0.0000   1.088525e-01         0.9972
            254              0.0000   1.082487e-01         0.9945
            255              0.0000   1.076378e-01         0.9944
            256              0.0000   1.074123e-01         0.9979
            257              0.0000   1.069883e-01         0.9961
            258              0.0000   1.067936e-01         0.9982
            259              0.0000   1.065186e-01         0.9974
            260              0.0000   1.065721e-01         1.0005
            261              0.0000   1.061898e-01         0.9964
            262              0.0000   1.059969e-01         0.9982
            263              0.0000   1.057878e-01         0.9980
            264              0.0000   1.056593e-01         0.9988
            265              0.0000   1.052933e-01         0.9965
            266              0.0000   1.053333e-01         1.0004
            267              0.0000   1.051324e-01         0.9981
            268              0.0000   1.049673e-01         0.9984
            269              0.0000   1.049341e-01         0.9997
            270              0.0000   1.049254e-01         0.9999
            271              0.0000   1.048849e-01         0.9996
            272              0.0000   1.050539e-01         1.0016
            273              0.0000   1.047855e-01         0.9974
            274              0.0000   1.052128e-01         1.0041
            275              0.0000   1.036902e-01         0.9855
            276              0.0000   1.028808e-01         0.9922
            277              0.0000   1.044462e-01         1.0152
            278              0.0000   1.028619e-01         0.9848
            279              0.0000   1.098862e-01         1.0683
            280              0.0000   1.028676e-01         0.9361
            281              0.0000   1.028694e-01         1.0000
            282              0.0000   1.028828e-01         1.0001
            283              0.0000   1.028891e-01         1.0001
            284              0.0000   1.029224e-01         1.0003
            285              0.0000   1.029380e-01         1.0002
            286              0.0000   1.029334e-01         1.0000
            287              0.0000   1.058822e-01         1.0286
            288              0.0000   1.028303e-01         0.9712
            289              0.0000   1.029841e-01         1.0015
            290              0.0000   1.026742e-01         0.9970
            291              0.0000   1.027309e-01         1.0006
            292              0.0000   1.027351e-01         1.0000
            293              0.0000   1.027063e-01         0.9997
            294              0.0000   1.028487e-01         1.0014
            295              0.0000   1.028125e-01         0.9996
            296              0.0000   1.069952e-01         1.0407
            297              0.0000   1.028245e-01         0.9610
            298              0.0000   1.028528e-01         1.0003
            299              0.0000   1.030239e-01         1.0017
            300              0.0000   1.029145e-01         0.9989
            301              0.0000   1.028447e-01         0.9993
            302              0.0000   1.027758e-01         0.9993
            303              0.0000   1.027798e-01         1.0000
            304              0.0000   1.028268e-01         1.0005
            305              0.0000   1.028725e-01         1.0004
            306              0.0000   1.027994e-01         0.9993
            307              0.0000   1.027913e-01         0.9999
            308              0.0000   1.027866e-01         1.0000
            309              0.0000   1.027789e-01         0.9999
            310              0.0000   1.027543e-01         0.9998
            311              0.0000   1.027365e-01         0.9998
            312              0.0000   1.027187e-01         0.9998
            313              0.0000   1.026548e-01         0.9994
            314              0.0000   1.026486e-01         0.9999
            315              0.0000   1.026761e-01         1.0003
            316              0.0000   1.025599e-01         0.9989
            317              0.0000   1.025288e-01         0.9997
            318              0.0000   1.025309e-01         1.0000
            319              0.0000   1.023444e-01         0.9982
            320              0.0000   1.023545e-01         1.0001
            321              0.0000   1.023086e-01         0.9996
            322              0.0000   1.020975e-01         0.9979
            323              0.0000   1.020555e-01         0.9996
            324              0.0000   1.019537e-01         0.9990
            325              0.0000   1.017695e-01         0.9982
            326              0.0000   1.016446e-01         0.9988
            327              0.0000   1.014778e-01         0.9984
            328              0.0000   1.013686e-01         0.9989
            329              0.0000   1.004275e-01         0.9907
            330              0.0000   1.009448e-01         1.0052
            331              0.0000   1.010911e-01         1.0014
            332              0.0000   1.004940e-01         0.9941
            333              0.0000   1.005432e-01         1.0005
            334              0.0000   1.003935e-01         0.9985
            335              0.0000   1.000594e-01         0.9967
            336              0.0000   1.007385e-01         1.0068
            337              0.0000   1.019192e-01         1.0117
            338              0.0000   9.941174e-02         0.9754
            339              0.0000   9.952832e-02         1.0012
            340              0.0000   9.864432e-02         0.9911
            341              0.0000   9.867772e-02         1.0003
            342              0.0000   9.739209e-02         0.9870
            343              0.0000   9.734338e-02         0.9995
            344              0.0000   9.735730e-02         1.0001
            345              0.0000   9.791875e-02         1.0058
            346              0.0000   9.645733e-02         0.9851
            347              0.0000   9.603827e-02         0.9957
            348              0.0000   9.614804e-02         1.0011
            349              0.0000   9.547802e-02         0.9930
            350              0.0000   9.512053e-02         0.9963
            351              0.0000   9.484373e-02         0.9971
            352              0.0000   9.446538e-02         0.9960
            353              0.0000   9.417975e-02         0.9970
            354              0.0000   9.377454e-02         0.9957
            355              0.0000   9.352445e-02         0.9973
            356              0.0000   9.297363e-02         0.9941
            357              0.0000   9.268873e-02         0.9969
            358              0.0000   9.162783e-02         0.9886
            359              0.0000   9.163013e-02         1.0000
            360              0.0000   9.147918e-02         0.9984
            361              0.0000   9.049760e-02         0.9893
            362              0.0000   8.949851e-02         0.9890
            363              0.0000   8.875906e-02         0.9917
            364              0.0000   8.865620e-02         0.9988
            365              0.0000   8.867691e-02         1.0002
            366              0.0000   8.881072e-02         1.0015
            367              0.0000   8.823677e-02         0.9935
            368              0.0000   8.847655e-02         1.0027
            369              0.0000   8.705779e-02         0.9840
            370              0.0000   8.680292e-02         0.9971
            371              0.0000   8.547211e-02         0.9847
            372              0.0000   8.317757e-02         0.9732
            373              0.0000   8.199411e-02         0.9858
            374              0.0000   8.309093e-02         1.0134
            375              0.0000   7.978254e-02         0.9602
            376              0.0000   7.863770e-02         0.9857
            377              0.0000   7.910298e-02         1.0059
            378              0.0000   7.906587e-02         0.9995
            379              0.0000   7.880130e-02         0.9967
            380              0.0000   7.870592e-02         0.9988
            381              0.0000   7.846562e-02         0.9969
            382              0.0000   7.766045e-02         0.9897
            383              0.0000   7.951583e-02         1.0239
            384              0.0000   7.927817e-02         0.9970
            385              0.0000   7.912603e-02         0.9981
            386              0.0000   7.903574e-02         0.9989
            387              0.0000   7.905909e-02         1.0003
            388              0.0000   7.860010e-02         0.9942
            389              0.0000   7.859369e-02         0.9999
            390              0.0000   7.876104e-02         1.0021
            391              0.0000   7.874201e-02         0.9998
            392              0.0000   7.733323e-02         0.9821
            393              0.0000   7.435684e-02         0.9615
            394              0.0000   7.477050e-02         1.0056
            395              0.0000   7.498202e-02         1.0028
            396              0.0000   7.497926e-02         1.0000
            397              0.0000   7.507516e-02         1.0013
            398              0.0000   1.385522e-01         1.8455
            399              0.0000   7.383568e-02         0.5329
            400              0.0000   7.363306e-02         0.9973
            401              0.0000   7.363513e-02         1.0000
            402              0.0000   7.361776e-02         0.9998
            403              0.0000   7.431041e-02         1.0094
            404              0.0000   7.396913e-02         0.9954
            405              0.0000   7.363834e-02         0.9955
            406              0.0000   7.358832e-02         0.9993
            407              0.0000   7.352444e-02         0.9991
            408              0.0000   7.351598e-02         0.9999
            409              0.0000   7.352244e-02         1.0001
            410              0.0000   7.341347e-02         0.9985
            411              0.0000   7.333134e-02         0.9989
            412              0.0000   7.329656e-02         0.9995
            413              0.0000   7.328894e-02         0.9999
            414              0.0000   7.328464e-02         0.9999
            415              0.0000   7.327568e-02         0.9999
            416              0.0000   7.302327e-02         0.9966
            417              0.0000   7.304603e-02         1.0003
            418              0.0000   7.306862e-02         1.0003
            419              0.0000   7.300510e-02         0.9991
            420              0.0000   7.312259e-02         1.0016
            421              0.0000   7.311045e-02         0.9998
            422              0.0000   7.310685e-02         1.0000
            423              0.0000   7.309193e-02         0.9998
            424              0.0000   7.306513e-02         0.9996
            425              0.0000   9.057966e-02         1.2397
            426              0.0000   7.510126e-02         0.8291
            427              0.0000   7.507025e-02         0.9996
            428              0.0000   7.539905e-02         1.0044
            429              0.0000   7.844250e-02         1.0404
            430              0.0000   7.870663e-02         1.0034
            431              0.0000   7.577804e-02         0.9628
            432              0.0000   7.444955e-02         0.9825
            433              0.0000   7.402334e-02         0.9943
            434              0.0000   7.353954e-02         0.9935
            435              0.0000   7.250387e-02         0.9859
            436              0.0000   7.392399e-02         1.0196
            437              0.0000   7.243821e-02         0.9799
            438              0.0000   7.246066e-02         1.0003
            439              0.0000   7.244885e-02         0.9998
            440              0.0000   7.245361e-02         1.0001
            441              0.0000   7.237863e-02         0.9990
            442              0.0000   7.244943e-02         1.0010
            443              0.0000   7.244367e-02         0.9999
            444              0.0000   7.206594e-02         0.9948
            445              0.0000   7.233443e-02         1.0037
            446              0.0000   7.109872e-02         0.9829
            447              0.0000   7.274299e-02         1.0231
            448              0.0000   7.298082e-02         1.0033
            449              0.0000   7.294190e-02         0.9995
            450              0.0000   7.476343e-02         1.0250
            451              0.0000   7.520434e-02         1.0059
            452              0.0000   7.550937e-02         1.0041
            453              0.0000   7.693643e-02         1.0189
            454              0.0000   8.211308e-02         1.0673
            455              0.0000   1.108105e-01         1.3495
            456              0.0000   1.082947e-01         0.9773
            457              0.0000   1.103388e-01         1.0189
            458              0.0000   9.765228e-02         0.8850
            459              0.0000   8.208086e-02         0.8405
            460              0.0000   8.222354e-02         1.0017
            461              0.0000   7.751983e-02         0.9428
            462              0.0000   7.800194e-02         1.0062
            463              0.0000   7.659273e-02         0.9819
            464              0.0000   7.446806e-02         0.9723
            465              0.0000   7.452991e-02         1.0008
            466              0.0000   7.408771e-02         0.9941
            467              0.0000   7.403745e-02         0.9993
            468              0.0000   7.428030e-02         1.0033
            469              0.0000   7.436631e-02         1.0012
            470              0.0000   7.435203e-02         0.9998
            471              0.0000   7.435264e-02         1.0000
            472              0.0000   7.432614e-02         0.9996
            473              0.0000   7.429318e-02         0.9996
            474              0.0000   7.432130e-02         1.0004
            475              0.0000   7.435655e-02         1.0005
            476              0.0000   7.394344e-02         0.9944
            477              0.0000   7.362548e-02         0.9957
            478              0.0000   7.260028e-02         0.9861
            479              0.0000   7.466383e-02         1.0284
            480              0.0000   7.604457e-02         1.0185
            481              0.0000   7.483410e-02         0.9841
            482              0.0000   7.477972e-02         0.9993
            483              0.0000   7.474632e-02         0.9996
            484              0.0000   7.475446e-02         1.0001
            485              0.0000   7.532739e-02         1.0077
            486              0.0000   7.389535e-02         0.9810
            487              0.0000   7.429184e-02         1.0054
            488              0.0000   7.479337e-02         1.0068
            489              0.0000   7.470005e-02         0.9988
            490              0.0000   7.469633e-02         1.0000
            491              0.0000   7.469640e-02         1.0000
            492              0.0000   7.469614e-02         1.0000
            493              0.0000   7.469398e-02         1.0000
            494              0.0000   7.470040e-02         1.0001
            495              0.0000   7.461672e-02         0.9989
            496              0.0000   7.453369e-02         0.9989
            497              0.0000   7.452123e-02         0.9998
            498              0.0000   7.451710e-02         0.9999
            499              0.0000   7.423388e-02         0.9962
            500              0.0000   7.440968e-02         1.0024
            501              0.0000   7.435739e-02         0.9993
            502              0.0000   7.459541e-02         1.0032
            503              0.0000   7.475118e-02         1.0021
            504              0.0000   7.461561e-02         0.9982
            505              0.0000   7.483258e-02         1.0029
            506              0.0000   7.463468e-02         0.9974
            507              0.0000   7.452686e-02         0.9986
            508              0.0000   7.450513e-02         0.9997
            509              0.0000   7.439065e-02         0.9985
            510              0.0000   7.437068e-02         0.9997
            511              0.0000   7.437964e-02         1.0001
            512              0.0000   7.435131e-02         0.9996
            513              0.0000   7.432939e-02         0.9997
            514              0.0000   7.434739e-02         1.0002
            515              0.0000   7.432510e-02         0.9997
            516              0.0000   1.604348e-01         2.1586
            517              0.0000   7.476237e-02         0.4660
            518              0.0000   7.392881e-02         0.9889
            519              0.0000   7.381386e-02         0.9984
            520              0.0000   7.383117e-02         1.0002
            521              0.0000   7.387629e-02         1.0006
            522              0.0000   7.323929e-02         0.9914
            523              0.0000   7.230542e-02         0.9872
            524              0.0000   7.274152e-02         1.0060
            525              0.0000   7.267530e-02         0.9991
            526              0.0000   7.268452e-02         1.0001
            527              0.0000   7.748824e-02         1.0661
            528              0.0000   7.244911e-02         0.9350
            529              0.0000   7.247925e-02         1.0004
            530              0.0000   7.229987e-02         0.9975
            531              0.0000   7.259542e-02         1.0041
            532              0.0000   7.821832e-02         1.0775
            533              0.0000   7.254348e-02         0.9274
            534              0.0000   7.249474e-02         0.9993
            535              0.0000   7.234675e-02         0.9980
            536              0.0000   7.234189e-02         0.9999
            537              0.0000   7.235503e-02         1.0002
            538              0.0000   7.233902e-02         0.9998
            539              0.0000   7.234164e-02         1.0000
            540              0.0000   7.233202e-02         0.9999
            541              0.0000   7.227969e-02         0.9993
            542              0.0000   7.224688e-02         0.9995
            543              0.0000   7.223980e-02         0.9999
            544              0.0000   7.225974e-02         1.0003
            545              0.0000   7.252776e-02         1.0037
            546              0.0000   7.271009e-02         1.0025
            547              0.0000   7.232128e-02         0.9947
            548              0.0000   7.231947e-02         1.0000
            549              0.0000   7.161088e-02         0.9902
            550              0.0000   7.177760e-02         1.0023
            551              0.0000   7.173440e-02         0.9994
            552              0.0000   7.212605e-02         1.0055
            553              0.0000   7.179545e-02         0.9954
            554              0.0000   7.159975e-02         0.9973
            555              0.0000   7.112794e-02         0.9934
            556              0.0000   7.104705e-02         0.9989
            557              0.0000   7.106212e-02         1.0002
            558              0.0000   7.111293e-02         1.0007
            559              0.0000   7.156058e-02         1.0063
            560              0.0000   7.026623e-02         0.9819
            561              0.0000   7.037976e-02         1.0016
            562              0.0000   7.009470e-02         0.9959
            563              0.0000   6.920023e-02         0.9872
            564              0.0000   6.916235e-02         0.9995
            565              0.0000   6.916038e-02         1.0000
            566              0.0000   6.927155e-02         1.0016
            567              0.0000   6.884111e-02         0.9938
            568              0.0000   6.868888e-02         0.9978
            569              0.0000   6.855633e-02         0.9981
            570              0.0000   6.890025e-02         1.0050
            571              0.0000   6.865332e-02         0.9964
            572              0.0000   6.835642e-02         0.9957
            573              0.0000   6.893963e-02         1.0085
            574              0.0000   6.747797e-02         0.9788
            575              0.0000   6.583397e-02         0.9756
            576              0.0000   6.606646e-02         1.0035
            577              0.0000   6.599890e-02         0.9990
            578              0.0000   6.630419e-02         1.0046
            579              0.0000   6.622698e-02         0.9988
            580              0.0000   6.629897e-02         1.0011
            581              0.0000   6.736179e-02         1.0160
            582              0.0000   6.624170e-02         0.9834
            583              0.0000   6.626174e-02         1.0003
            584              0.0000   6.633975e-02         1.0012
            585              0.0000   6.612898e-02         0.9968
            586              0.0000   6.471532e-02         0.9786
            587              0.0000   6.348418e-02         0.9810
            588              0.0000   6.340736e-02         0.9988
            589              0.0000   6.521455e-02         1.0285
            590              0.0000   6.476903e-02         0.9932
            591              0.0000   6.462207e-02         0.9977
            592              0.0000   6.462150e-02         1.0000
            593              0.0000   7.336425e-02         1.1353
            594              0.0000   6.284862e-02         0.8567
            595              0.0000   7.746722e-02         1.2326
            596              0.0000   1.024478e-01         1.3225
            597              0.0000   9.777798e-02         0.9544
            598              0.0000   9.375457e-02         0.9589
            599              0.0000   8.317424e-02         0.8871
            600              0.0000   6.376889e-02         0.7667
            601              0.0000   6.311011e-02         0.9897
            602              0.0000   6.313206e-02         1.0003
            603              0.0000   6.298288e-02         0.9976
            604              0.0000   6.232799e-02         0.9896
            605              0.0000   6.267875e-02         1.0056
            606              0.0000   6.677770e-02         1.0654
            607              0.0000   6.293111e-02         0.9424
            608              0.0000   6.286075e-02         0.9989
            609              0.0000   6.247891e-02         0.9939
            610              0.0000   6.237164e-02         0.9983
            611              0.0000   6.231291e-02         0.9991
            612              0.0000   6.230771e-02         0.9999
            613              0.0000   6.230652e-02         1.0000
            614              0.0000   6.230843e-02         1.0000
            615              0.0000   6.236150e-02         1.0009
            616              0.0000   6.240496e-02         1.0007
            617              0.0000   6.243214e-02         1.0004
            618              0.0000   6.242985e-02         1.0000
            619              0.0000   6.339859e-02         1.0155
            620              0.0000   5.714148e-02         0.9013
            621              0.0000   5.599727e-02         0.9800
            622              0.0000   5.577250e-02         0.9960
            623              0.0000   5.515830e-02         0.9890
            624              0.0000   5.276815e-02         0.9567
            625              0.0000   5.264617e-02         0.9977
            626              0.0000   5.251979e-02         0.9976
            627              0.0000   5.248721e-02         0.9994
            628              0.0000   5.290356e-02         1.0079
            629              0.0000   5.253939e-02         0.9931
            630              0.0000   5.251789e-02         0.9996
            631              0.0000   5.150690e-02         0.9807
            632              0.0000   5.188753e-02         1.0074
            633              0.0000   4.978184e-02         0.9594
            634              0.0000   4.972284e-02         0.9988
            635              0.0000   4.972165e-02         1.0000
            636              0.0000   4.972051e-02         1.0000
            637              0.0000   4.974466e-02         1.0005
            638              0.0000   4.982898e-02         1.0017
            639              0.0000   4.211859e-02         0.8453
            640              0.0000   4.204566e-02         0.9983
            641              0.0000   4.226547e-02         1.0052
            642              0.0000   4.192911e-02         0.9920
            643              0.0000   4.567840e-02         1.0894
            644              0.0000   4.158022e-02         0.9103
            645              0.0000   4.157731e-02         0.9999
            646              0.0000   4.155405e-02         0.9994
            647              0.0000   4.155142e-02         0.9999
            648              0.0000   4.131196e-02         0.9942
            649              0.0000   5.353003e-02         1.2958
            650              0.0000   4.107570e-02         0.7673
            651              0.0000   4.107005e-02         0.9999
            652              0.0000   4.212991e-02         1.0258
            653              0.0000   4.107128e-02         0.9749
            654              0.0000   4.108704e-02         1.0004
            655              0.0000   4.107107e-02         0.9996
            656              0.0000   4.107669e-02         1.0001
            657              0.0000   4.107166e-02         0.9999
            658              0.0000   4.113386e-02         1.0015
            659              0.0000   4.083461e-02         0.9927
            660              0.0000   4.082610e-02         0.9998
            661              0.0000   4.081658e-02         0.9998
            662              0.0000   4.081677e-02         1.0000
            663              0.0000   4.080970e-02         0.9998
            664              0.0000   4.080846e-02         1.0000
            665              0.0000   4.078407e-02         0.9994
            666              0.0000   4.076548e-02         0.9995
            667              0.0000   4.018295e-02         0.9857
            668              0.0000   4.043684e-02         1.0063
            669              0.0000   4.023659e-02         0.9950
            670              0.0000   4.024573e-02         1.0002
            671              0.0000   3.986467e-02         0.9905
            672              0.0000   3.977435e-02         0.9977
            673              0.0000   3.974156e-02         0.9992
            674              0.0000   3.971404e-02         0.9993
            675              0.0000   3.971078e-02         0.9999
            676              0.0000   4.112072e-02         1.0355
            677              0.0000   4.036293e-02         0.9816
            678              0.0000   3.972442e-02         0.9842
            679              0.0000   4.002569e-02         1.0076
            680              0.0000   4.009360e-02         1.0017
            681              0.0000   4.008939e-02         0.9999
            682              0.0000   3.921739e-02         0.9782
            683              0.0000   3.801991e-02         0.9695
            684              0.0000   3.736981e-02         0.9829
            685              0.0000   3.731270e-02         0.9985
            686              0.0000   3.735358e-02         1.0011
            687              0.0000   3.576528e-02         0.9575
            688              0.0000   3.796642e-02         1.0615
            689              0.0000   3.793010e-02         0.9990
            690              0.0000   3.777387e-02         0.9959
            691              0.0000   3.777400e-02         1.0000
            692              0.0000   3.768056e-02         0.9975
            693              0.0000   3.744485e-02         0.9937
            694              0.0000   3.638371e-02         0.9717
            695              0.0000   3.685815e-02         1.0130
            696              0.0000   3.678367e-02         0.9980
            697              0.0000   3.669287e-02         0.9975
            698              0.0000   3.697344e-02         1.0076
            699              0.0000   3.765718e-02         1.0185
            700              0.0000   3.623947e-02         0.9624
            701              0.0000   3.033629e-02         0.8371
            702              0.0000   3.405359e-02         1.1225
            703              0.0000   3.395796e-02         0.9972
            704              0.0000   3.464396e-02         1.0202
            705              0.0000   3.475385e-02         1.0032
            706              0.0000   3.475698e-02         1.0001
            707              0.0000   3.466240e-02         0.9973
            708              0.0000   3.461106e-02         0.9985
            709              0.0000   3.457676e-02         0.9990
            710              0.0000   3.548221e-02         1.0262
            711              0.0000   3.546589e-02         0.9995
            712              0.0000   3.434818e-02         0.9685
            713              0.0000   3.492899e-02         1.0169
            714              0.0000   3.030377e-02         0.8676
            715              0.0000   7.347043e-02         2.4245
            716              0.0000   1.252585e-01         1.7049
            717              0.0000   1.694475e-01         1.3528
            718              0.0000   3.108660e-02         0.1835
            719              0.0000   5.230800e-02         1.6827
            720              0.0000   2.929948e-02         0.5601
            721              0.0000   2.927156e-02         0.9990
            722              0.0000   2.998174e-02         1.0243
            723              0.0000   3.019196e-02         1.0070
            724              0.0000   2.970586e-02         0.9839
            725              0.0000   2.970014e-02         0.9998
            726              0.0000   2.966791e-02         0.9989
            727              0.0000   3.009357e-02         1.0143
            728              0.0000   2.986465e-02         0.9924
            729              0.0000   2.986331e-02         1.0000
            730              0.0000   2.996925e-02         1.0035
            731              0.0000   3.010555e-02         1.0045
            732              0.0000   3.012229e-02         1.0006
            733              0.0000   3.007811e-02         0.9985
            734              0.0000   2.998217e-02         0.9968
            735              0.0000   2.981677e-02         0.9945
            736              0.0000   2.977095e-02         0.9985
            737              0.0000   2.973640e-02         0.9988
            738              0.0000   2.982287e-02         1.0029
            739              0.0000   2.966355e-02         0.9947
            740              0.0000   2.961255e-02         0.9983
            741              0.0000   2.973504e-02         1.0041
            742              0.0000   3.202423e-02         1.0770
            743              0.0000   3.065767e-02         0.9573
            744              0.0000   3.076636e-02         1.0035
            745              0.0000   3.061281e-02         0.9950
            746              0.0000   3.108492e-02         1.0154
            747              0.0000   3.768005e-02         1.2122
            748              0.0000   3.392424e-02         0.9003
            749              0.0000   3.395576e-02         1.0009
            750              0.0000   3.393626e-02         0.9994
            751              0.0000   3.378275e-02         0.9955
            752              0.0000   3.400245e-02         1.0065
            753              0.0000   3.276264e-02         0.9635
            754              0.0000   3.279566e-02         1.0010
            755              0.0000   2.901201e-02         0.8846
            756              0.0000   2.826038e-02         0.9741
            757              0.0000   2.882861e-02         1.0201
            758              0.0000   2.882673e-02         0.9999
            759              0.0000   2.866096e-02         0.9942
            760              0.0000   2.740125e-02         0.9560
            761              0.0000   2.736227e-02         0.9986
            762              0.0000   2.744558e-02         1.0030
            763              0.0000   2.744474e-02         1.0000
            764              0.0000   2.741241e-02         0.9988
            765              0.0000   2.738786e-02         0.9991
            766              0.0000   2.733608e-02         0.9981
            767              0.0000   2.748786e-02         1.0056
            768              0.0000   2.632884e-02         0.9578
            769              0.0000   2.675522e-02         1.0162
            770              0.0000   2.660661e-02         0.9944
            771              0.0000   2.685044e-02         1.0092
            772              0.0000   2.650061e-02         0.9870
            773              0.0000   2.641939e-02         0.9969
            774              0.0000   2.632848e-02         0.9966
            775              0.0000   2.642866e-02         1.0038
            776              0.0000   2.642902e-02         1.0000
            777              0.0000   2.644621e-02         1.0007
            778              0.0000   2.634321e-02         0.9961
            779              0.0000   2.680715e-02         1.0176
            780              0.0000   2.592707e-02         0.9672
            781              0.0000   2.591641e-02         0.9996
            782              0.0000   2.592199e-02         1.0002
            783              0.0000   2.593808e-02         1.0006
            784              0.0000   2.591582e-02         0.9991
            785              0.0000   2.579755e-02         0.9954
            786              0.0000   2.582515e-02         1.0011
            787              0.0000   2.581551e-02         0.9996
            788              0.0000   2.570038e-02         0.9955
            789              0.0000   2.569953e-02         1.0000
            790              0.0000   2.543943e-02         0.9899
            791              0.0000   2.545264e-02         1.0005
            792              0.0000   2.540344e-02         0.9981
            793              0.0000   2.547712e-02         1.0029
            794              0.0000   2.547563e-02         0.9999
            795              0.0000   2.547424e-02         0.9999
            796              0.0000   2.555708e-02         1.0033
            797              0.0000   2.555042e-02         0.9997
            798              0.0000   2.575908e-02         1.0082
            799              0.0000   2.544370e-02         0.9878
            800              0.0000   2.477618e-02         0.9738
            801              0.0000   2.454243e-02         0.9906
            802              0.0000   2.453395e-02         0.9997
            803              0.0000   2.455579e-02         1.0009
            804              0.0000   2.453050e-02         0.9990
            805              0.0000   2.457780e-02         1.0019
            806              0.0000   2.458559e-02         1.0003
            807              0.0000   2.454465e-02         0.9983
            808              0.0000   2.470835e-02         1.0067
            809              0.0000   2.497077e-02         1.0106
            810              0.0000   2.496946e-02         0.9999
            811              0.0000   2.469537e-02         0.9890
            812              0.0000   2.459225e-02         0.9958
            813              0.0000   2.453853e-02         0.9978
            814              0.0000   2.455891e-02         1.0008
            815              0.0000   2.444021e-02         0.9952
            816              0.0000   2.444317e-02         1.0001
            817              0.0000   2.444278e-02         1.0000
            818              0.0000   2.444168e-02         1.0000
            819              0.0000   2.484932e-02         1.0167
            820              0.0000   2.427966e-02         0.9771
            821              0.0000   2.427242e-02         0.9997
            822              0.0000   2.431233e-02         1.0016
            823              0.0000   2.413034e-02         0.9925
            824              0.0000   2.408820e-02         0.9983
            825              0.0000   2.406576e-02         0.9991
            826              0.0000   2.365503e-02         0.9829
            827              0.0000   2.393364e-02         1.0118
            828              0.0000   2.405070e-02         1.0049
            829              0.0000   2.355627e-02         0.9794
            830              0.0000   2.346234e-02         0.9960
            831              0.0000   2.318284e-02         0.9881
            832              0.0000   2.316250e-02         0.9991
            833              0.0000   2.315176e-02         0.9995
            834              0.0000   2.315136e-02         1.0000
            835              0.0000   2.314459e-02         0.9997
            836              0.0000   2.331821e-02         1.0075
            837              0.0000   2.307064e-02         0.9894
            838              0.0000   2.309642e-02         1.0011
            839              0.0000   2.309065e-02         0.9998
            840              0.0000   2.308692e-02         0.9998
            841              0.0000   2.308106e-02         0.9997
            842              0.0000   2.307356e-02         0.9997
            843              0.0000   2.286969e-02         0.9912
            844              0.0000   2.322424e-02         1.0155
            845              0.0000   2.317117e-02         0.9977
            846              0.0000   2.318285e-02         1.0005
            847              0.0000   2.476334e-02         1.0682
            848              0.0000   2.326226e-02         0.9394
            849              0.0000   2.325570e-02         0.9997
            850              0.0000   2.325951e-02         1.0002
            851              0.0000   2.319195e-02         0.9971
            852              0.0000   2.315334e-02         0.9983
            853              0.0000   2.318016e-02         1.0012
            854              0.0000   2.314712e-02         0.9986
            855              0.0000   2.255362e-02         0.9744
            856              0.0000   2.270733e-02         1.0068
            857              0.0000   2.271430e-02         1.0003
            858              0.0000   2.271390e-02         1.0000
            859              0.0000   2.270058e-02         0.9994
            860              0.0000   2.269961e-02         1.0000
            861              0.0000   2.269988e-02         1.0000
            862              0.0000   2.269872e-02         0.9999
            863              0.0000   2.270409e-02         1.0002
            864              0.0000   2.270101e-02         0.9999
            865              0.0000   2.269496e-02         0.9997
            866              0.0000   2.269567e-02         1.0000
            867              0.0000   2.269437e-02         0.9999
            868              0.0000   2.261574e-02         0.9965
            869              0.0000   2.264681e-02         1.0014
            870              0.0000   2.254096e-02         0.9953
            871              0.0000   2.254080e-02         1.0000
            872              0.0000   2.254137e-02         1.0000
            873              0.0000   2.253556e-02         0.9997
            874              0.0000   2.253599e-02         1.0000
            875              0.0000   2.254689e-02         1.0005
            876              0.0000   2.254637e-02         1.0000
            877              0.0000   2.253929e-02         0.9997
            878              0.0000   2.262921e-02         1.0040
            879              0.0000   2.244387e-02         0.9918
            880              0.0000   2.249163e-02         1.0021
            881              0.0000   2.246106e-02         0.9986
            882              0.0000   2.252955e-02         1.0030
            883              0.0000   2.252902e-02         1.0000
            884              0.0000   2.235982e-02         0.9925
            885              0.0000   2.235716e-02         0.9999
            886              0.0000   2.231955e-02         0.9983
            887              0.0000   2.221036e-02         0.9951
            888              0.0000   2.194397e-02         0.9880
            889              0.0000   2.196716e-02         1.0011
            890              0.0000   2.195353e-02         0.9994
            891              0.0000   2.196057e-02         1.0003
            892              0.0000   2.204981e-02         1.0041
            893              0.0000   2.187740e-02         0.9922
            894              0.0000   2.186226e-02         0.9993
            895              0.0000   2.186168e-02         1.0000
            896              0.0000   2.186135e-02         1.0000
            897              0.0000   2.185958e-02         0.9999
            898              0.0000   2.185730e-02         0.9999
            899              0.0000   2.185345e-02         0.9998
            900              0.0000   2.185336e-02         1.0000
            901              0.0000   2.185307e-02         1.0000
            902              0.0000   2.185375e-02         1.0000
            903              0.0000   2.196360e-02         1.0050
            904              0.0000   2.186636e-02         0.9956
            905              0.0000   2.176499e-02         0.9954
            906              0.0000   2.176464e-02         1.0000
            907              0.0000   2.175099e-02         0.9994
            908              0.0000   2.168194e-02         0.9968
            909              0.0000   2.168141e-02         1.0000
            910              0.0000   2.168122e-02         1.0000
            911              0.0000   2.155937e-02         0.9944
            912              0.0000   2.149304e-02         0.9969
            913              0.0000   2.151442e-02         1.0010
            914              0.0000   2.149473e-02         0.9991
            915              0.0000   2.147345e-02         0.9990
            916              0.0000   2.145898e-02         0.9993
            917              0.0000   2.144866e-02         0.9995
            918              0.0000   2.143658e-02         0.9994
            919              0.0000   2.141782e-02         0.9991
            920              0.0000   2.141807e-02         1.0000
            921              0.0000   2.141798e-02         1.0000
            922              0.0000   2.141647e-02         0.9999
            923              0.0000   2.141853e-02         1.0001
            924              0.0000   2.137011e-02         0.9977
            925              0.0000   2.136918e-02         1.0000
            926              0.0000   2.147173e-02         1.0048
            927              0.0000   2.138625e-02         0.9960
            928              0.0000   2.138848e-02         1.0001
            929              0.0000   2.138890e-02         1.0000
            930              0.0000   2.138716e-02         0.9999
            931              0.0000   2.138544e-02         0.9999
            932              0.0000   2.138405e-02         0.9999
            933              0.0000   2.138411e-02         1.0000
            934              0.0000   2.137473e-02         0.9996
            935              0.0000   2.138258e-02         1.0004
            936              0.0000   2.136948e-02         0.9994
            937              0.0000   2.138236e-02         1.0006
            938              0.0000   2.135490e-02         0.9987
            939              0.0000   2.135442e-02         1.0000
            940              0.0000   2.136404e-02         1.0005
            941              0.0000   2.136440e-02         1.0000
            942              0.0000   2.136700e-02         1.0001
            943              0.0000   2.136625e-02         1.0000
            944              0.0000   2.161414e-02         1.0116
            945              0.0000   2.141116e-02         0.9906
            946              0.0000   2.075756e-02         0.9695
            947              0.0000   2.136940e-02         1.0295
            948              0.0000   2.136318e-02         0.9997
            949              0.0000   2.115174e-02         0.9901
            950              0.0000   2.100639e-02         0.9931
            951              0.0000   2.119158e-02         1.0088
            952              0.0000   2.128416e-02         1.0044
            953              0.0000   2.128828e-02         1.0002
            954              0.0000   2.128332e-02         0.9998
            955              0.0000   2.128951e-02         1.0003
            956              0.0000   2.126978e-02         0.9991
            957              0.0000   2.156070e-02         1.0137
            958              0.0000   2.134622e-02         0.9901
            959              0.0000   2.128097e-02         0.9969
            960              0.0000   2.116301e-02         0.9945
            961              0.0000   2.116890e-02         1.0003
            962              0.0000   2.116919e-02         1.0000
            963              0.0000   2.112042e-02         0.9977
            964              0.0000   2.131810e-02         1.0094
            965              0.0000   2.185891e-02         1.0254
            966              0.0000   4.033537e-02         1.8453
            967              0.0000   2.235283e-02         0.5542
            968              0.0000   2.194562e-02         0.9818
            969              0.0000   2.193404e-02         0.9995
            970              0.0000   2.165259e-02         0.9872
            971              0.0000   2.046422e-02         0.9451
            972              0.0000   1.979380e-02         0.9672
            973              0.0000   1.977074e-02         0.9988
            974              0.0000   1.979695e-02         1.0013
            975              0.0000   1.985645e-02         1.0030
            976              0.0000   1.985602e-02         1.0000
            977              0.0000   1.985451e-02         0.9999
            978              0.0000   1.984867e-02         0.9997
            979              0.0000   1.980380e-02         0.9977
            980              0.0000   1.980658e-02         1.0001
            981              0.0000   1.977923e-02         0.9986
            982              0.0000   1.977920e-02         1.0000
            983              0.0000   1.977566e-02         0.9998
            984              0.0000   1.977534e-02         1.0000
            985              0.0000   1.974723e-02         0.9986
            986              0.0000   1.915279e-02         0.9699
            987              0.0000   1.856966e-02         0.9696
            988              0.0000   1.856988e-02         1.0000
            989              0.0000   1.856778e-02         0.9999
            990              0.0000   1.856891e-02         1.0001
            991              0.0000   1.856136e-02         0.9996
            992              0.0000   1.855695e-02         0.9998
            993              0.0000   1.855534e-02         0.9999
            994              0.0000   1.855182e-02         0.9998
            995              0.0000   2.081457e-02         1.1220
            996              0.0000   1.859997e-02         0.8936
            997              0.0000   1.873390e-02         1.0072
            998              0.0000   1.839741e-02         0.9820
            999              0.0000   1.794464e-02         0.9754
           1000              0.0000   1.829270e-02         1.0194
           1001              0.0000   1.838701e-02         1.0052
           1002              0.0000   1.849309e-02         1.0058
           1003              0.0000   1.843715e-02         0.9970
           1004              0.0000   1.842652e-02         0.9994
           1005              0.0000   1.842478e-02         0.9999
           1006              0.0000   1.842213e-02         0.9999
           1007              0.0000   1.841602e-02         0.9997
           1008              0.0000   1.842563e-02         1.0005
           1009              0.0000   1.842679e-02         1.0001
           1010              0.0000   1.851089e-02         1.0046
           1011              0.0000   1.837216e-02         0.9925
           1012              0.0000   1.828138e-02         0.9951
           1013              0.0000   1.782187e-02         0.9749
           1014              0.0000   1.813854e-02         1.0178
           1015              0.0000   1.812031e-02         0.9990
           1016              0.0000   1.812532e-02         1.0003
           1017              0.0000   1.818222e-02         1.0031
           1018              0.0000   1.885512e-02         1.0370
           1019              0.0000   1.659529e-02         0.8801
           1020              0.0000   1.650540e-02         0.9946
           1021              0.0000   1.754997e-02         1.0633
           1022              0.0000   1.753771e-02         0.9993
           1023              0.0000   1.755119e-02         1.0008
           1024              0.0000   1.755038e-02         1.0000
           1025              0.0000   1.785216e-02         1.0172
           1026              0.0000   1.754022e-02         0.9825
           1027              0.0000   1.753889e-02         0.9999
           1028              0.0000   1.750583e-02         0.9981
           1029              0.0000   1.632730e-02         0.9327
           1030              0.0000   1.772053e-02         1.0853
           1031              0.0000   1.799570e-02         1.0155
           1032              0.0000   1.799640e-02         1.0000
           1033              0.0000   1.789066e-02         0.9941
           1034              0.0000   1.787133e-02         0.9989
           1035              0.0000   1.782822e-02         0.9976
           1036              0.0000   1.782827e-02         1.0000
           1037              0.0000   1.780984e-02         0.9990
           1038              0.0000   1.781087e-02         1.0001
           1039              0.0000   1.781623e-02         1.0003
           1040              0.0000   1.781456e-02         0.9999
           1041              0.0000   1.777417e-02         0.9977
           1042              0.0000   1.776900e-02         0.9997
           1043              0.0000   1.775109e-02         0.9990
           1044              0.0000   1.784158e-02         1.0051
           1045              0.0000   1.767819e-02         0.9908
           1046              0.0000   1.767900e-02         1.0000
           1047              0.0000   1.699333e-02         0.9612
           1048              0.0000   1.928098e-02         1.1346
           1049              0.0000   1.925590e-02         0.9987
           1050              0.0000   1.999397e-02         1.0383
           1051              0.0000   2.021254e-02         1.0109
           1052              0.0000   2.075660e-02         1.0269
           1053              0.0000   2.070208e-02         0.9974
           1054              0.0000   2.084791e-02         1.0070
           1055              0.0000   1.292469e-02         0.6200
           1056              0.0000   1.972899e-02         1.5265
           1057              0.0000   2.000087e-02         1.0138
           1058              0.0000   2.015939e-02         1.0079
           1059              0.0000   1.914492e-02         0.9497
           1060              0.0000   2.231090e-02         1.1654
           1061              0.0000   1.872869e-02         0.8394
           1062              0.0000   1.910958e-02         1.0203
           1063              0.0000   1.930108e-02         1.0100
           1064              0.0000   1.685950e-02         0.8735
           1065              0.0000   1.974482e-02         1.1711
           1066              0.0000   2.030674e-02         1.0285
           1067              0.0000   1.768594e-02         0.8709
           1068              0.0000   8.058419e-02         4.5564
           1069              0.0000   1.598506e-02         0.1984
           1070              0.0000   1.593768e-02         0.9970
           1071              0.0000   1.595263e-02         1.0009
           1072              0.0000   1.586292e-02         0.9944
           1073              0.0000   1.586483e-02         1.0001
           1074              0.0000   1.584286e-02         0.9986
           1075              0.0000   1.697573e-02         1.0715
           1076              0.0000   1.287415e-02         0.7584
           1077              0.0000   1.512904e-02         1.1751
           1078              0.0000   1.529648e-02         1.0111
           1079              0.0000   1.490140e-02         0.9742
           1080              0.0000   1.483990e-02         0.9959
           1081              0.0000   1.483546e-02         0.9997
           1082              0.0000   8.130924e-02         5.4807
           1083              0.0000   1.500190e-02         0.1845
           1084              0.0000   1.418020e-02         0.9452
           1085              0.0000   1.431928e-02         1.0098
           1086              0.0000   1.307460e-02         0.9131
           1087              0.0000   1.276008e-02         0.9759
           1088              0.0000   1.288249e-02         1.0096
           1089              0.0000   1.307326e-02         1.0148
           1090              0.0000   1.307086e-02         0.9998
           1091              0.0000   1.307610e-02         1.0004
           1092              0.0000   1.312771e-02         1.0039
           1093              0.0000   1.220866e-02         0.9300
           1094              0.0000   1.507540e-02         1.2348
           1095              0.0000   1.241566e-02         0.8236
           1096              0.0000   1.252584e-02         1.0089
           1097              0.0000   1.252254e-02         0.9997
           1098              0.0000   1.252159e-02         0.9999
           1099              0.0000   1.253013e-02         1.0007
           1100              0.0000   1.248344e-02         0.9963
           1101              0.0000   1.255110e-02         1.0054
           1102              0.0000   1.260145e-02         1.0040
           1103              0.0000   1.239296e-02         0.9835
           1104              0.0000   1.145730e-02         0.9245
           1105              0.0000   1.767613e-02         1.5428
           1106              0.0000   1.988263e-02         1.1248
           1107              0.0000   1.738791e-03         0.0875
           1108              0.0000   1.491397e-02         8.5772
           1109              0.0000   1.467939e-02         0.9843
           1110              0.0000   1.464288e-02         0.9975
           1111              0.0000   1.463742e-02         0.9996
           1112              0.0000   1.483909e-02         1.0138
           1113              0.0000   1.739153e-02         1.1720
           1114              0.0000   8.337186e-03         0.4794
           1115              0.0000   2.746779e-03         0.3295
           1116              0.0000   4.294509e-02        15.6347
           1117              0.0000   1.040386e-02         0.2423
           1118              0.0000   7.028780e-03         0.6756
           1119              0.0000   6.927088e-03         0.9855
           1120              0.0000   6.960212e-03         1.0048
           1121              0.0000   7.150815e-03         1.0274
           1122              0.0000   7.231118e-03         1.0112
           1123              0.0000   7.179632e-03         0.9929
           1124              0.0000   6.980395e-03         0.9722
           1125              0.0000   7.576079e-03         1.0853
           1126              0.0000   7.438338e-03         0.9818
           1127              0.0000   7.394599e-03         0.9941
           1128              0.0000   7.378178e-03         0.9978
           1129              0.0000   7.412474e-03         1.0046
           1130              0.0000   7.630909e-03         1.0295
           1131              0.0000   7.127691e-03         0.9341
           1132              0.0000   7.215361e-03         1.0123
           1133              0.0000   7.238868e-03         1.0033
           1134              0.0000   7.206774e-03         0.9956
           1135              0.0000   7.206764e-03         1.0000
           1136              0.0000   7.583371e-03         1.0523
           1137              0.0000   6.466252e-03         0.8527
           1138              0.0000   6.556236e-03         1.0139
           1139              0.0000   5.848777e-03         0.8921
           1140              0.0000   3.371575e-03         0.5765
           1141              0.0000   3.075191e-03         0.9121
           1142              0.0000   3.331880e-03         1.0835
           1143              0.0000   3.340638e-03         1.0026
           1144              0.0000   2.594617e-03         0.7767
           1145              0.0000   1.671017e-03         0.6440
           1146              0.0000   1.658131e-03         0.9923
           1147              0.0000   1.974357e-03         1.1907
           1148              0.0000   1.690658e-03         0.8563
           1149              0.0000   1.858916e-03         1.0995
           1150              0.0000   2.017634e-03         1.0854
           1151              0.0000   2.142340e-03         1.0618
           1152              0.0000   2.112480e-03         0.9861
           1153              0.0000   2.063702e-03         0.9769
           1154              0.0000   2.048419e-03         0.9926
           1155              0.0000   2.050447e-03         1.0010
           1156              0.0000   2.065805e-03         1.0075
           1157              0.0000   2.278024e-03         1.1027
           1158              0.0000   2.296256e-03         1.0080
           1159              0.0000   2.210861e-03         0.9628
           1160              0.0000   2.074840e-03         0.9385
           1161              0.0000   4.628117e-03         2.2306
           1162              0.0000   1.976845e-02         4.2714
           1163              0.0000   2.094896e-02         1.0597
           1164              0.0000   1.951693e-02         0.9316
           1165              0.0000   7.162237e-03         0.3670
           1166              0.0000   5.051598e-03         0.7053
           1167              0.0000   2.105249e-03         0.4167
           1168              0.0000   2.330450e-03         1.1070
           1169              0.0000   2.306632e-03         0.9898
           1170              0.0000   2.314024e-03         1.0032
           1171              0.0000   2.310385e-03         0.9984
           1172              0.0000   2.336765e-03         1.0114
           1173              0.0000   2.148106e-03         0.9193
           1174              0.0000   2.193443e-03         1.0211
           1175              0.0000   2.194700e-03         1.0006
           1176              0.0000   2.178765e-03         0.9927
           1177              0.0000   2.159779e-03         0.9913
           1178              0.0000   2.159184e-03         0.9997
           1179              0.0000   2.160606e-03         1.0007
           1180              0.0000   2.220517e-03         1.0277
           1181              0.0000   2.228660e-03         1.0037
           1182              0.0000   2.223614e-03         0.9977
           1183              0.0000   2.239390e-03         1.0071
           1184              0.0000   2.239394e-03         1.0000
           1185              0.0000   2.228906e-03         0.9953
           1186              0.0000   2.227968e-03         0.9996
           1187              0.0000   2.227926e-03         1.0000
           1188              0.0000   2.242490e-03         1.0065
           1189              0.0000   2.226905e-03         0.9931
           1190              0.0000   1.956436e-03         0.8785
           1191              0.0000   1.909154e-03         0.9758
           1192              0.0000   1.909253e-03         1.0001
           1193              0.0000   1.782881e-03         0.9338
           1194              0.0000   1.814072e-03         1.0175
           1195              0.0000   1.856386e-03         1.0233
           1196              0.0000   2.059924e-03         1.1096
           1197              0.0000   3.181003e-03         1.5442
           1198              0.0000   8.183030e-03         2.5725
           1199              0.0000   1.036959e-02         1.2672
           1200              0.0000   1.107543e-02         1.0681
           1201              0.0000   9.216072e-03         0.8321
           1202              0.0000   1.043408e-02         1.1322
           1203              0.0000   1.618090e-02         1.5508
           1204              0.0000   1.102916e-02         0.6816
           1205              0.0000   9.343542e-03         0.8472
           1206              0.0000   2.741296e-03         0.2934
           1207              0.0000   3.165816e-03         1.1549
           1208              0.0000   2.480644e-03         0.7836
           1209              0.0000   1.595462e-03         0.6432
           1210              0.0000   1.612823e-03         1.0109
           1211              0.0000   1.612448e-03         0.9998
           1212              0.0000   1.626457e-03         1.0087
           1213              0.0000   1.679627e-03         1.0327
           1214              0.0000   1.660457e-03         0.9886
           1215              0.0000   1.672769e-03         1.0074
           1216              0.0000   1.671900e-03         0.9995
           1217              0.0000   1.673457e-03         1.0009
           1218              0.0000   1.673401e-03         1.0000
           1219              0.0000   1.666785e-03         0.9960
           1220              0.0000   1.649771e-03         0.9898
           1221              0.0000   1.651324e-03         1.0009
           1222              0.0000   1.650928e-03         0.9998
           1223              0.0000   1.605419e-03         0.9724
           1224              0.0000   1.610015e-03         1.0029
           1225              0.0000   1.613409e-03         1.0021
           1226              0.0000   1.612925e-03         0.9997
           1227              0.0000   1.623631e-03         1.0066
           1228              0.0000   1.622980e-03         0.9996
           1229              0.0000   1.635477e-03         1.0077
           1230              0.0000   1.634337e-03         0.9993
           1231              0.0000   1.635741e-03         1.0009
           1232              0.0000   1.635728e-03         1.0000
           1233              0.0000   1.594238e-03         0.9746
           1234              0.0000   1.825715e-03         1.1452
           1235              0.0000   1.594919e-03         0.8736
           1236              0.0000   1.591521e-03         0.9979
           1237              0.0000   1.594946e-03         1.0022
           1238              0.0000   1.592983e-03         0.9988
           1239              0.0000   1.597392e-03         1.0028
           1240              0.0000   1.597706e-03         1.0002
           1241              0.0000   1.594030e-03         0.9977
           1242              0.0000   1.612389e-03         1.0115
           1243              0.0000   1.926070e-03         1.1945
           1244              0.0000   2.049517e-03         1.0641
           1245              0.0000   2.052240e-03         1.0013
           1246              0.0000   4.384063e-03         2.1362
           1247              0.0000   1.590187e-03         0.3627
           1248              0.0000   1.808206e-03         1.1371
           1249              0.0000   1.604264e-03         0.8872
           1250              0.0000   1.602678e-03         0.9990
           1251              0.0000   1.602597e-03         0.9999
           1252              0.0000   1.602593e-03         1.0000
           1253              0.0000   1.602747e-03         1.0001
           1254              0.0000   1.602385e-03         0.9998
           1255              0.0000   1.598562e-03         0.9976
           1256              0.0000   1.598343e-03         0.9999
           1257              0.0000   1.599918e-03         1.0010
           1258              0.0000   1.599783e-03         0.9999
           1259              0.0000   1.599482e-03         0.9998
           1260              0.0000   1.599511e-03         1.0000
           1261              0.0000   1.600168e-03         1.0004
           1262              0.0000   1.601785e-03         1.0010
           1263              0.0000   1.602628e-03         1.0005
           1264              0.0000   1.601365e-03         0.9992
           1265              0.0000   3.039493e-03         1.8981
           1266              0.0000   1.724852e-03         0.5675
           1267              0.0000   1.584935e-03         0.9189
           1268              0.0000   1.584854e-03         0.9999
           1269              0.0000   1.631167e-03         1.0292
           1270              0.0000   1.587736e-03         0.9734
           1271              0.0000   1.592316e-03         1.0029
           1272              0.0000   1.584245e-03         0.9949
           1273              0.0000   1.581302e-03         0.9981
           1274              0.0000   1.581119e-03         0.9999
           1275              0.0000   1.581107e-03         1.0000
           1276              0.0000   1.581104e-03         1.0000
           1277              0.0000   1.581097e-03         1.0000
           1278              0.0000   1.581424e-03         1.0002
           1279              0.0000   1.583975e-03         1.0016
           1280              0.0000   1.584800e-03         1.0005
           1281              0.0000   1.582634e-03         0.9986
           1282              0.0000   1.581814e-03         0.9995
           1283              0.0000   1.581678e-03         0.9999
           1284              0.0000   1.581675e-03         1.0000
           1285              0.0000   1.581661e-03         1.0000
           1286              0.0000   1.581772e-03         1.0001
           1287              0.0000   1.581656e-03         0.9999
           1288              0.0000   1.581675e-03         1.0000
           1289              0.0000   1.581620e-03         1.0000
           1290              0.0000   1.581615e-03         1.0000
           1291              0.0000   1.581576e-03         1.0000
           1292              0.0000   1.581689e-03         1.0001
           1293              0.0000   1.581321e-03         0.9998
           1294              0.0000   1.581295e-03         1.0000
           1295              0.0000   1.581306e-03         1.0000
           1296              0.0000   1.580896e-03         0.9997
           1297              0.0000   1.580716e-03         0.9999
           1298              0.0000   1.580480e-03         0.9999
           1299              0.0000   1.580477e-03         1.0000
           1300              0.0000   1.580156e-03         0.9998
           1301              0.0000   1.580252e-03         1.0001
           1302              0.0000   1.580721e-03         1.0003
           1303              0.0000   1.580730e-03         1.0000
           1304              0.0000   1.579872e-03         0.9995
           1305              0.0000   1.579099e-03         0.9995
           1306              0.0000   1.579099e-03         1.0000
           1307              0.0000   1.579093e-03         1.0000
           1308              0.0000   1.579128e-03         1.0000
           1309              0.0000   1.579422e-03         1.0002
           1310              0.0000   1.579040e-03         0.9998
           1311              0.0000   1.583668e-03         1.0029
           1312              0.0000   1.577966e-03         0.9964
           1313              0.0000   1.577835e-03         0.9999
           1314              0.0000   1.577745e-03         0.9999
           1315              0.0000   1.578225e-03         1.0003
           1316              0.0000   1.578155e-03         1.0000
           1317              0.0000   1.578142e-03         1.0000
           1318              0.0000   1.578208e-03         1.0000
           1319              0.0000   1.578368e-03         1.0001
           1320              0.0000   1.576627e-03         0.9989
           1321              0.0000   1.577587e-03         1.0006
           1322              0.0000   1.577237e-03         0.9998
           1323              0.0000   1.576665e-03         0.9996
           1324              0.0000   1.576029e-03         0.9996
           1325              0.0000   1.566713e-03         0.9941
           1326              0.0000   1.570624e-03         1.0025
           1327              0.0000   1.570846e-03         1.0001
           1328              0.0000   1.570841e-03         1.0000
           1329              0.0000   1.570881e-03         1.0000
           1330              0.0000   1.570469e-03         0.9997
           1331              0.0000   1.573064e-03         1.0017
           1332              0.0000   1.572286e-03         0.9995
           1333              0.0000   1.571916e-03         0.9998
           1334              0.0000   1.572069e-03         1.0001
           1335              0.0000   1.572060e-03         1.0000
           1336              0.0000   1.571998e-03         1.0000
           1337              0.0000   1.570649e-03         0.9991
           1338              0.0000   1.572582e-03         1.0012
           1339              0.0000   1.572787e-03         1.0001
           1340              0.0000   1.572584e-03         0.9999
           1341              0.0000   1.571536e-03         0.9993
           1342              0.0000   1.571632e-03         1.0001
           1343              0.0000   1.571619e-03         1.0000
           1344              0.0000   1.571711e-03         1.0001
           1345              0.0000   1.572055e-03         1.0002
           1346              0.0000   1.572803e-03         1.0005
           1347              0.0000   1.572290e-03         0.9997
           1348              0.0000   1.572285e-03         1.0000
           1349              0.0000   1.572242e-03         1.0000
           1350              0.0000   1.572221e-03         1.0000
           1351              0.0000   1.572184e-03         1.0000
           1352              0.0000   1.562955e-03         0.9941
           1353              0.0000   1.574442e-03         1.0073
           1354              0.0000   1.571738e-03         0.9983
           1355              0.0000   1.569536e-03         0.9986
           1356              0.0000   1.570102e-03         1.0004
           1357              0.0000   1.570175e-03         1.0000
           1358              0.0000   1.569938e-03         0.9998
           1359              0.0000   1.570226e-03         1.0002
           1360              0.0000   1.843489e-03         1.1740
           1361              0.0000   1.567143e-03         0.8501
           1362              0.0000   1.567602e-03         1.0003
           1363              0.0000   1.564880e-03         0.9983
           1364              0.0000   1.567008e-03         1.0014
           1365              0.0000   1.566439e-03         0.9996
           1366              0.0000   1.566122e-03         0.9998
           1367              0.0000   1.565971e-03         0.9999
           1368              0.0000   1.565806e-03         0.9999
           1369              0.0000   1.565824e-03         1.0000
           1370              0.0000   1.565695e-03         0.9999
           1371              0.0000   1.565747e-03         1.0000
           1372              0.0000   1.563725e-03         0.9987
           1373              0.0000   1.566007e-03         1.0015
           1374              0.0000   1.566022e-03         1.0000
           1375              0.0000   1.566044e-03         1.0000
           1376              0.0000   1.560174e-03         0.9963
           1377              0.0000   1.554326e-03         0.9963
           1378              0.0000   1.554041e-03         0.9998
           1379              0.0000   1.554185e-03         1.0001
           1380              0.0000   1.553834e-03         0.9998
           1381              0.0000   1.553842e-03         1.0000
           1382              0.0000   1.553838e-03         1.0000
           1383              0.0000   1.553827e-03         1.0000
           1384              0.0000   1.553719e-03         0.9999
           1385              0.0000   1.553440e-03         0.9998
           1386              0.0000   1.553527e-03         1.0001
           1387              0.0000   1.552506e-03         0.9993
           1388              0.0000   1.552559e-03         1.0000
           1389              0.0000   1.551997e-03         0.9996
           1390              0.0000   1.551779e-03         0.9999
           1391              0.0000   1.551412e-03         0.9998
           1392              0.0000   1.551321e-03         0.9999
           1393              0.0000   1.550751e-03         0.9996
           1394              0.0000   1.552096e-03         1.0009
           1395              0.0000   1.544800e-03         0.9953
           1396              0.0000   1.546896e-03         1.0014
           1397              0.0000   1.546078e-03         0.9995
           1398              0.0000   1.545907e-03         0.9999
           1399              0.0000   1.546876e-03         1.0006
           1400              0.0000   1.537524e-03         0.9940
           1401              0.0000   1.536345e-03         0.9992
           1402              0.0000   1.536339e-03         1.0000
           1403              0.0000   1.535977e-03         0.9998
           1404              0.0000   1.533247e-03         0.9982
           1405              0.0000   1.532593e-03         0.9996
           1406              0.0000   1.532983e-03         1.0003
           1407              0.0000   1.532248e-03         0.9995
           1408              0.0000   1.532260e-03         1.0000
           1409              0.0000   1.527559e-03         0.9969
           1410              0.0000   1.520356e-03         0.9953
           1411              0.0000   1.603062e-03         1.0544
           1412              0.0000   1.511652e-03         0.9430
           1413              0.0000   1.536918e-03         1.0167
           1414              0.0000   1.535940e-03         0.9994
           1415              0.0000   1.536276e-03         1.0002
           1416              0.0000   1.536913e-03         1.0004
           1417              0.0000   1.537163e-03         1.0002
           1418              0.0000   1.536979e-03         0.9999
           1419              0.0000   1.536824e-03         0.9999
           1420              0.0000   1.537309e-03         1.0003
           1421              0.0000   1.536697e-03         0.9996
           1422              0.0000   1.536699e-03         1.0000
           1423              0.0000   1.536248e-03         0.9997
           1424              0.0000   1.536246e-03         1.0000
           1425              0.0000   1.536466e-03         1.0001
           1426              0.0000   1.536409e-03         1.0000
           1427              0.0000   1.528967e-03         0.9952
           1428              0.0000   1.539602e-03         1.0070
           1429              0.0000   1.538669e-03         0.9994
           1430              0.0000   1.538501e-03         0.9999
           1431              0.0000   1.540035e-03         1.0010
           1432              0.0000   1.539050e-03         0.9994
           1433              0.0000   1.539169e-03         1.0001
           1434              0.0000   1.538794e-03         0.9998
           1435              0.0000   1.538301e-03         0.9997
           1436              0.0000   1.537986e-03         0.9998
           1437              0.0000   1.537691e-03         0.9998
           1438              0.0000   2.032272e-03         1.3216
           1439              0.0000   1.580899e-03         0.7779
           1440              0.0000   1.612624e-03         1.0201
           1441              0.0000   1.228049e-03         0.7615
           1442              0.0000   1.524137e-03         1.2411
           1443              0.0000   1.676424e-03         1.0999
           1444              0.0000   1.676185e-03         0.9999
           1445              0.0000   1.657882e-03         0.9891
           1446              0.0000   1.066839e-03         0.6435
           1447              0.0000   1.425445e-03         1.3361
           1448              0.0000   1.452262e-03         1.0188
           1449              0.0000   1.436312e-03         0.9890
           1450              0.0000   1.504444e-03         1.0474
           1451              0.0000   1.503435e-03         0.9993
           1452              0.0000   1.522465e-03         1.0127
           1453              0.0000   1.522442e-03         1.0000
           1454              0.0000   1.521905e-03         0.9996
           1455              0.0000   1.524467e-03         1.0017
           1456              0.0000   1.521946e-03         0.9983
           1457              0.0000   1.521944e-03         1.0000
           1458              0.0000   1.521930e-03         1.0000
           1459              0.0000   1.521765e-03         0.9999
           1460              0.0000   1.521828e-03         1.0000
           1461              0.0000   1.521221e-03         0.9996
           1462              0.0000   1.513898e-03         0.9952
           1463              0.0000   1.513048e-03         0.9994
           1464              0.0000   1.515537e-03         1.0016
           1465              0.0000   1.515485e-03         1.0000
           1466              0.0000   1.515459e-03         1.0000
           1467              0.0000   1.516989e-03         1.0010
           1468              0.0000   1.513106e-03         0.9974
           1469              0.0000   1.513843e-03         1.0005
           1470              0.0000   1.513798e-03         1.0000
           1471              0.0000   1.513904e-03         1.0001
           1472              0.0000   1.515488e-03         1.0010
           1473              0.0000   1.513493e-03         0.9987
           1474              0.0000   1.513510e-03         1.0000
           1475              0.0000   1.513093e-03         0.9997
           1476              0.0000   1.513029e-03         1.0000
           1477              0.0000   1.513070e-03         1.0000
           1478              0.0000   1.513189e-03         1.0001
           1479              0.0000   1.510968e-03         0.9985
           1480              0.0000   1.511011e-03         1.0000
           1481              0.0000   1.506330e-03         0.9969
           1482              0.0000   1.499631e-03         0.9956
           1483              0.0000   1.508737e-03         1.0061
           1484              0.0000   1.509985e-03         1.0008
           1485              0.0000   1.516147e-03         1.0041
           1486              0.0000   1.516041e-03         0.9999
           1487              0.0000   1.520523e-03         1.0030
           1488              0.0000   1.522398e-03         1.0012
           1489              0.0000   1.522579e-03         1.0001
           1490              0.0000   1.522172e-03         0.9997
           1491              0.0000   1.530815e-03         1.0057
           1492              0.0000   1.530807e-03         1.0000
           1493              0.0000   1.468864e-03         0.9595
           1494              0.0000   1.507323e-03         1.0262
           1495              0.0000   1.762074e-03         1.1690
           1496              0.0000   1.500187e-03         0.8514
           1497              0.0000   1.495604e-03         0.9969
           1498              0.0000   1.491860e-03         0.9975
           1499              0.0000   1.489447e-03         0.9984
           1500              0.0000   1.492528e-03         1.0021
           1501              0.0000   1.492123e-03         0.9997
           1502              0.0000   1.492226e-03         1.0001
           1503              0.0000   1.493437e-03         1.0008
           1504              0.0000   1.493293e-03         0.9999
           1505              0.0000   1.493276e-03         1.0000
           1506              0.0000   1.492622e-03         0.9996
           1507              0.0000   1.493978e-03         1.0009
           1508              0.0000   1.493887e-03         0.9999
           1509              0.0000   1.493881e-03         1.0000
           1510              0.0000   1.493844e-03         1.0000
           1511              0.0000   1.493295e-03         0.9996
           1512              0.0000   1.495587e-03         1.0015
           1513              0.0000   1.498650e-03         1.0020
           1514              0.0000   1.485322e-03         0.9911
           1515              0.0000   1.480013e-03         0.9964
           1516              0.0000   1.479884e-03         0.9999
           1517              0.0000   1.479815e-03         1.0000
           1518              0.0000   1.479730e-03         0.9999
           1519              0.0000   1.479756e-03         1.0000
           1520              0.0000   1.479725e-03         1.0000
           1521              0.0000   1.478533e-03         0.9992
           1522              0.0000   1.479216e-03         1.0005
           1523              0.0000   1.478797e-03         0.9997
           1524              0.0000   1.478740e-03         1.0000
           1525              0.0000   1.479026e-03         1.0002
           1526              0.0000   1.482882e-03         1.0026
           1527              0.0000   1.367815e-03         0.9224
           1528              0.0000   1.456741e-03         1.0650
           1529              0.0000   1.464332e-03         1.0052
           1530              0.0000   1.496068e-03         1.0217
           1531              0.0000   1.476984e-03         0.9872
           1532              0.0000   1.473319e-03         0.9975
           1533              0.0000   1.474006e-03         1.0005
           1534              0.0000   1.474041e-03         1.0000
           1535              0.0000   1.474011e-03         1.0000
           1536              0.0000   1.474004e-03         1.0000
           1537              0.0000   1.474009e-03         1.0000
           1538              0.0000   1.474082e-03         1.0000
           1539              0.0000   1.474077e-03         1.0000
           1540              0.0000   1.473818e-03         0.9998
           1541              0.0000   1.473606e-03         0.9999
           1542              0.0000   1.473585e-03         1.0000
           1543              0.0000   1.473579e-03         1.0000
           1544              0.0000   1.473572e-03         1.0000
           1545              0.0000   1.473569e-03         1.0000
           1546              0.0000   1.473570e-03         1.0000
           1547              0.0000   1.473488e-03         0.9999
           1548              0.0000   1.471699e-03         0.9988
           1549              0.0000   1.517355e-03         1.0310
           1550              0.0000   1.471232e-03         0.9696
           1551              0.0000   1.470038e-03         0.9992
           1552              0.0000   1.469134e-03         0.9994
           1553              0.0000   1.465128e-03         0.9973
           1554              0.0000   1.468213e-03         1.0021
           1555              0.0000   1.468010e-03         0.9999
           1556              0.0000   1.467984e-03         1.0000
           1557              0.0000   1.467962e-03         1.0000
           1558              0.0000   1.467928e-03         1.0000
           1559              0.0000   1.468056e-03         1.0001
           1560              0.0000   1.466890e-03         0.9992
           1561              0.0000   1.465244e-03         0.9989
           1562              0.0000   1.383665e-03         0.9443
           1563              0.0000   1.440429e-03         1.0410
           1564              0.0000   1.440288e-03         0.9999
           1565              0.0000   1.378841e-03         0.9573
           1566              0.0000   1.448003e-03         1.0502
           1567              0.0000   1.441551e-03         0.9955
           1568              0.0000   1.440534e-03         0.9993
           1569              0.0000   1.441457e-03         1.0006
           1570              0.0000   1.439975e-03         0.9990
           1571              0.0000   1.438893e-03         0.9992
           1572              0.0000   1.438717e-03         0.9999
           1573              0.0000   1.438450e-03         0.9998
           1574              0.0000   1.438638e-03         1.0001
           1575              0.0000   1.631268e-03         1.1339
           1576              0.0000   1.437717e-03         0.8813
           1577              0.0000   1.437541e-03         0.9999
           1578              0.0000   1.437377e-03         0.9999
           1579              0.0000   1.434509e-03         0.9980
           1580              0.0000   1.436592e-03         1.0015
           1581              0.0000   1.436637e-03         1.0000
           1582              0.0000   1.437136e-03         1.0003
           1583              0.0000   1.437072e-03         1.0000
           1584              0.0000   1.435771e-03         0.9991
           1585              0.0000   1.435744e-03         1.0000
           1586              0.0000   1.436756e-03         1.0007
           1587              0.0000   1.439595e-03         1.0020
           1588              0.0000   1.442462e-03         1.0020
           1589              0.0000   1.442495e-03         1.0000
           1590              0.0000   1.438713e-03         0.9974
           1591              0.0000   1.438781e-03         1.0000
           1592              0.0000   1.438691e-03         0.9999
           1593              0.0000   1.438616e-03         0.9999
           1594              0.0000   1.437081e-03         0.9989
           1595              0.0000   1.437069e-03         1.0000
           1596              0.0000   1.441135e-03         1.0028
           1597              0.0000   1.440524e-03         0.9996
           1598              0.0000   1.440439e-03         0.9999
           1599              0.0000   1.440421e-03         1.0000
           1600              0.0000   1.440927e-03         1.0004
           1601              0.0000   1.462987e-03         1.0153
           1602              0.0000   1.474614e-03         1.0079
           1603              0.0000   1.448170e-03         0.9821
           1604              0.0000   1.453619e-03         1.0038
           1605              0.0000   1.445099e-03         0.9941
           1606              0.0000   1.879287e-03         1.3005
           1607              0.0000   1.784431e-03         0.9495
           1608              0.0000   1.949997e-03         1.0928
           1609              0.0000   2.166593e-03         1.1111
           1610              0.0000   2.289569e-03         1.0568
           1611              0.0000   2.355795e-03         1.0289
           1612              0.0000   2.357511e-03         1.0007
           1613              0.0000   2.351824e-03         0.9976
           1614              0.0000   2.349088e-03         0.9988
           1615              0.0000   2.374290e-03         1.0107
           1616              0.0000   2.796039e-03         1.1776
           1617              0.0000   8.935488e-04         0.3196
           1618              0.0000   8.525292e-04         0.9541
           1619              0.0000   2.235802e-04         0.2623
           1620              0.0000   1.356966e-03         6.0693
           1621              0.0000   1.294157e-03         0.9537
           1622              0.0000   1.293393e-03         0.9994
           1623              0.0000   1.309538e-03         1.0125
           1624              0.0000   1.318678e-03         1.0070
           1625              0.0000   1.320095e-03         1.0011
           1626              0.0000   1.320090e-03         1.0000
           1627              0.0000   1.315714e-03         0.9967
           1628              0.0000   1.319710e-03         1.0030
           1629              0.0000   1.318920e-03         0.9994
           1630              0.0000   1.318952e-03         1.0000
           1631              0.0000   1.309707e-03         0.9930
           1632              0.0000   1.282210e-03         0.9790
           1633              0.0000   1.130102e-03         0.8814
           1634              0.0000   1.169668e-03         1.0350
           1635              0.0000   4.322047e-04         0.3695
           1636              0.0000   2.708582e-03         6.2669
           1637              0.0000   1.251066e-03         0.4619
           1638              0.0000   1.121970e-03         0.8968
           1639              0.0000   1.174876e-03         1.0472
           1640              0.0000   1.165388e-03         0.9919
           1641              0.0000   1.168742e-03         1.0029
           1642              0.0000   1.172621e-03         1.0033
           1643              0.0000   1.170102e-03         0.9979
           1644              0.0000   1.170071e-03         1.0000
           1645              0.0000   1.175002e-03         1.0042
           1646              0.0000   1.174205e-03         0.9993
           1647              0.0000   1.165305e-03         0.9924
           1648              0.0000   1.176343e-03         1.0095
           1649              0.0000   1.174767e-03         0.9987
           1650              0.0000   6.951234e-04         0.5917
           1651              0.0000   1.322075e-03         1.9019
           1652              0.0000   1.457433e-03         1.1024
           1653              0.0000   1.568281e-03         1.0761
           1654              0.0000   1.474882e-03         0.9404
           1655              0.0000   1.368844e-03         0.9281
           1656              0.0000   1.366791e-03         0.9985
           1657              0.0000   1.366788e-03         1.0000
           1658              0.0000   1.372277e-03         1.0040
           1659              0.0000   1.357821e-03         0.9895
           1660              0.0000   1.355548e-03         0.9983
           1661              0.0000   1.365428e-03         1.0073
           1662              0.0000   1.364706e-03         0.9995
           1663              0.0000   1.341523e-03         0.9830
           1664              0.0000   1.304903e-03         0.9727
           1665              0.0000   3.692170e-03         2.8295
           1666              0.0000   2.431163e-04         0.0658
           1667              0.0000   4.295534e-04         1.7669
           1668              0.0000   3.655221e-04         0.8509
           1669              0.0000   3.077758e-04         0.8420
           1670              0.0000   3.399071e-04         1.1044
           1671              0.0000   2.408923e-04         0.7087
           1672              0.0000   4.985253e-04         2.0695
           1673              0.0000   4.942541e-04         0.9914
           1674              0.0000   5.544853e-04         1.1219
           1675              0.0000   5.550033e-04         1.0009
           1676              0.0000   5.502839e-04         0.9915
           1677              0.0000   5.791096e-04         1.0524
           1678              0.0000   5.706626e-04         0.9854
           1679              0.0000   6.358777e-04         1.1143
           1680              0.0000   5.026218e-04         0.7904
           1681              0.0000   4.879894e-04         0.9709
           1682              0.0000   4.529573e-04         0.9282
           1683              0.0000   2.893855e-04         0.6389
           1684              0.0000   4.503824e-04         1.5563
           1685              0.0000   4.600750e-04         1.0215
           1686              0.0000   4.578612e-04         0.9952
           1687              0.0000   4.823873e-04         1.0536
           1688              0.0000   4.186091e-04         0.8678
           1689              0.0000   3.919185e-04         0.9362
           1690              0.0000   3.827381e-04         0.9766
           1691              0.0000   3.526411e-04         0.9214
           1692              0.0000   3.580246e-04         1.0153
           1693              0.0000   3.525423e-04         0.9847
           1694              0.0000   1.696943e-04         0.4813
           1695              0.0000   2.637460e-04         1.5542
           1696              0.0000   1.683264e-04         0.6382
           1697              0.0000   5.472909e-02       325.1367
           1698              0.0000   1.505997e-04         0.0028
           1699              0.0000   7.476872e-05         0.4965
           1700              0.0000   1.327291e-06         0.0178
           1701              0.0000   1.193049e-04        89.8860
           1702              0.0000   4.100716e-05         0.3437
           1703              0.0000   4.105302e-05         1.0011
           1704              0.0000   4.069035e-05         0.9912
           1705              0.0000   4.154156e-05         1.0209
           1706              0.0000   3.424639e-05         0.8244
           1707              0.0000   2.710120e-05         0.7914
           1708              0.0000   2.842899e-05         1.0490
           1709              0.0000   4.560668e-05         1.6042
           1710              0.0000   7.315723e-05         1.6041
           1711              0.0000   7.536180e-05         1.0301
           1712              0.0000   6.884501e-05         0.9135
           1713              0.0000   8.482059e-05         1.2321
           1714              0.0000   8.222178e-05         0.9694
           1715              0.0000   8.223130e-05         1.0001
           1716              0.0000   8.222136e-05         0.9999
           1717              0.0000   8.645059e-05         1.0514
           1718              0.0000   8.336622e-05         0.9643
           1719              0.0000   1.835635e-05         0.2202
           1720              0.0000   1.057367e-04         5.7602
           1721              0.0000   8.053384e-05         0.7616
           1722              0.0000   8.462255e-05         1.0508
           1723              0.0000   8.510161e-05         1.0057
           1724              0.0000   8.516059e-05         1.0007
           1725              0.0000   8.187855e-05         0.9615
           1726              0.0000   8.486913e-05         1.0365
           1727              0.0000   8.511757e-05         1.0029
           1728              0.0000   8.336859e-05         0.9795
           1729              0.0000   8.430595e-05         1.0112
           1730              0.0000   8.728708e-05         1.0354
           1731              0.0000   8.688303e-05         0.9954
           1732              0.0000   8.688108e-05         1.0000
           1733              0.0000   8.734077e-05         1.0053
           1734              0.0000   6.588073e-05         0.7543
           1735              0.0000   8.548223e-05         1.2975
           1736              0.0000   9.145278e-05         1.0698
           1737              0.0000   9.123054e-05         0.9976
           1738              0.0000   9.248130e-05         1.0137
           1739              0.0000   8.869410e-05         0.9590
           1740              0.0000   7.385012e-05         0.8326
           1741              0.0000   7.795572e-05         1.0556
           1742              0.0000   7.616781e-05         0.9771
           1743              0.0000   6.959111e-05         0.9137
           1744              0.0000   6.739938e-05         0.9685
           1745              0.0000   6.576862e-05         0.9758
           1746              0.0000   9.489118e-05         1.4428
           1747              0.0000   9.486571e-05         0.9997
           1748              0.0000   6.790524e-06         0.0716
           1749              0.0000   4.169298e-05         6.1399
           1750              0.0000   3.999389e-05         0.9592
           1751              0.0000   3.999666e-05         1.0001
           1752              0.0000   4.033400e-05         1.0084
           1753              0.0000   4.029930e-05         0.9991
           1754              0.0000   4.648709e-05         1.1535
           1755              0.0000   3.807334e-05         0.8190
           1756              0.0000   3.605585e-05         0.9470
           1757              0.0000   3.493713e-05         0.9690
           1758              0.0000   3.325198e-05         0.9518
           1759              0.0000   3.682423e-05         1.1074
           1760              0.0000   3.902686e-05         1.0598
           1761              0.0000   4.680405e-05         1.1993
           1762              0.0000   5.401153e-05         1.1540
           1763              0.0000   5.399555e-05         0.9997
           1764              0.0000   4.080500e-06         0.0756
           1765              0.0000   9.206395e-06         2.2562
           1766              0.0000   4.506328e-06         0.4895
           1767              0.0000   2.057850e-05         4.5666
           1768              0.0000   1.922914e-05         0.9344
           1769              0.0000   9.461921e-06         0.4921
           1770              0.0000   1.782486e-05         1.8839
           1771              0.0000   1.848476e-05         1.0370
           1772              0.0000   1.841934e-05         0.9965
           1773              0.0000   1.846939e-05         1.0027
           1774              0.0000   1.883912e-05         1.0200
           1775              0.0000   1.880615e-05         0.9983
           1776              0.0000   1.910251e-05         1.0158
           1777              0.0000   1.898679e-05         0.9939
           1778              0.0000   1.889331e-05         0.9951
           1779              0.0000   1.893712e-05         1.0023
           1780              0.0000   1.924252e-05         1.0161
           1781              0.0000   1.925338e-05         1.0006
           1782              0.0000   1.920559e-05         0.9975
           1783              0.0000   1.862180e-05         0.9696
           1784              0.0000   1.901332e-05         1.0210
           1785              0.0000   1.897351e-05         0.9979
           1786              0.0000   1.902661e-05         1.0028
           1787              0.0000   1.893388e-05         0.9951
           1788              0.0000   1.862446e-05         0.9837
           1789              0.0000   1.941034e-05         1.0422
           1790              0.0000   1.284046e-04         6.6153
           1791              0.0000   2.343994e-05         0.1825
           1792              0.0000   2.338704e-05         0.9977
           1793              0.0000   2.613878e-05         1.1177
           1794              0.0000   3.495827e-05         1.3374
           1795              0.0000   3.461118e-05         0.9901
           1796              0.0000   1.348311e-05         0.3896
           1797              0.0000   1.609143e-05         1.1935
           1798              0.0000   1.181908e-06         0.0734
           1799              0.0000   3.842789e-06         3.2513
           1800              0.0000   3.873929e-06         1.0081
           1801              0.0000   3.834637e-06         0.9899
           1802              0.0000   3.876444e-06         1.0109
           1803              0.0000   3.818018e-06         0.9849
           1804              0.0000   3.687564e-06         0.9658
           1805              0.0000   5.178449e-06         1.4043
           1806              0.0000   1.549332e-06         0.2992
           1807              0.0000   2.194897e-06         1.4167
           1808              0.0000   1.807142e-06         0.8233
           1809              0.0000   2.810730e-06         1.5553
           1810              0.0000   2.696804e-06         0.9595
           1811              0.0000   2.719684e-06         1.0085
           1812              0.0000   2.727909e-06         1.0030
           1813              0.0000   2.742668e-06         1.0054
           1814              0.0000   2.740120e-06         0.9991
           1815              0.0000   2.716490e-06         0.9914
           1816              0.0000   2.740627e-06         1.0089
           1817              0.0000   2.744706e-06         1.0015
           1818              0.0000   2.776261e-06         1.0115
           1819              0.0000   2.742873e-06         0.9880
           1820              0.0000   2.750154e-06         1.0027
           1821              0.0000   2.736199e-06         0.9949
           1822              0.0000   2.740516e-06         1.0016
           1823              0.0000   2.730320e-06         0.9963
           1824              0.0000   2.772835e-06         1.0156
           1825              0.0000   3.543897e-06         1.2781
           1826              0.0000   5.418050e-06         1.5288
           1827              0.0000   8.414765e-04       155.3098
           1828              0.0000   2.301889e-06         0.0027
           1829              0.0000   1.481110e-05         6.4343
           1830              0.0000   4.991277e-05         3.3700
           1831              0.0000   7.720622e-05         1.5468
           1832              0.0000   3.295195e-05         0.4268
           1833              0.0000   8.971270e-06         0.2723
           1834              0.0000   9.028340e-06         1.0064
           1835              0.0000   5.144219e-06         0.5698
           1836              0.0000   1.002777e-08         0.0019
           1837              0.0000   3.163815e-08         3.1551
           1838              0.0000   1.784267e-07         5.6396
           1839              0.0000   2.030208e-07         1.1378
           1840              0.0000   1.985375e-07         0.9779
           1841              0.0000   2.112169e-07         1.0639
           1842              0.0000   2.247475e-07         1.0641
           1843              0.0000   1.211832e-06         5.3920
           1844              0.0000   4.988669e-07         0.4117
           1845              0.0000   5.700345e-07         1.1427
           1846              0.0000   5.505083e-06         9.6575
           1847              0.0000   5.843726e-07         0.1062
           1848              0.0000   8.170373e-08         0.1398
           1849              0.0000   7.409609e-07         9.0689
           1850              0.0000   7.245382e-08         0.0978
           1851              0.0000   1.705709e-08         0.2354
           1852              0.0000   7.282091e-08         4.2692
           1853              0.0000   2.161961e-07         2.9689
           1854              0.0000   1.456429e-07         0.6737
           1855              0.0000   1.372796e-07         0.9426
           1856              0.0000   1.378255e-07         1.0040
           1857              0.0000   1.204523e-07         0.8739
           1858              0.0000   9.040844e-08         0.7506
           1859              0.0000   9.492121e-08         1.0499
           1860              0.0000   9.624288e-08         1.0139
           1861              0.0000   9.537971e-08         0.9910
           1862              0.0000   9.454081e-08         0.9912
           1863              0.0000   8.807772e-08         0.9316
           1864              0.0000   8.041820e-08         0.9130
           1865              0.0000   8.020451e-08         0.9973
           1866              0.0000   8.000538e-08         0.9975
           1867              0.0000   7.974063e-08         0.9967
           1868              0.0000   7.668249e-08         0.9616
           1869              0.0000   7.298613e-08         0.9518
           1870              0.0000   7.633601e-08         1.0459
           1871              0.0000   5.300098e-08         0.6943
           1872              0.0000   3.200795e-08         0.6039
           1873              0.0000   3.380382e-08         1.0561
           1874              0.0000   3.548360e-08         1.0497
           1875              0.0000   3.505516e-08         0.9879
           1876              0.0000   3.305661e-08         0.9430
           1877              0.0000   3.614638e-08         1.0935
           1878              0.0000   5.327585e-08         1.4739
           1879              0.0000   5.034339e-09         0.0945
         ----------------------------------------------------------------------
         Total Iterations: 1880
         Avg Convergence Rate: 		         0.9899
         Final Residual: 		   5.034339e-09
         Total Reduction in Residual: 	   5.034339e-09
         Maximum Memory Usage: 		          0.000 GB
         ----------------------------------------------------------------------
Total Time: 1.39668
    setup: 0.00205062 s
    solve: 1.39462 s
    solve(per iteration): 0.000741822 s
BackScaleLinearSystem: Scaling back to original scale
ComputeNorm: Computing norm of solution
ComputeChange: NS (ITER=1) (NRM,RELC): ( 0.23398559E-01  2.0000000     ) :: linelast
SolveSystem: System solved
SolveSystem: Linear system time (CPU,REAL) for displacement:     1.63    1.65 (s)
SolveSystem: Finished solving the system
DefaultFinish: Finished solver: linelast
StressSolver: All done
StressSolver: ------------------------------------------
SolverActivate: Solver time (CPU,REAL) for linelast:    14.27   14.42 (s)
ComputeNorm: Computing norm of solution
ComputeChange: SS (ITER=1) (NRM,RELC): ( 0.23398559E-01  2.0000000     ) :: linelast
SetActiveElementsTable: Creating active element table for: savescalars
SetActiveElementsTable: No active elements found
SingleSolver: Attempting to call solver: 2
SingleSolver: Solver Equation string is: savescalars
SaveScalars: -----------------------------------------
SaveScalars: Saving scalar values of various kinds
SolverOutputDirectory: Creating directory: results_amgx
SaveScalars: Treating variable: displacement
SaveScalars: Treating operator: dofs
SaveScalars: Treating variable: displacement
SaveScalars: Treating operator: elements
SaveScalars: Treating variable: displacement
SaveScalars: Treating operator: partitions
SaveScalars: Treating variable: displacement
SaveScalars: Treating operator: norm
SaveScalars: Treating variable: displacement
SaveScalars: Treating operator: cpu time
SaveScalars: Performed 5 reduction operations
SaveScalars: Adding information on simulation timing
SaveScalars: Found 4 result scalars in simulation section
SaveScalars: Found 12 values to save in total
SaveScalars: Saving names of values to file: results_amgx/f1.dat.names
SaveScalars: Data is appended to existing file
SaveScalars: Saving values to file: results_amgx/f1.dat
SaveScalars: -----------------------------------------
SolveEquations: Solvers after timestep
SetActiveElementsTable: Creating active element table for: internalvtuoutputsolver
SetActiveElementsTable: No active elements found
SingleSolver: Attempting to call solver: 0
SingleSolver: Solver Equation string is: internalvtuoutputsolver
ResultOutputSolver: -------------------------------------
ResultOutputSolver: Saving with prefix: case
ResultOutputSolver: Number of output meshes: 1
ResultOutputSolver: Dimension of mesh is: 3
ResultOutputSolver: Working on mesh 1: winkel with 270641 nodes
ResultOutputSolver: Creating list for saving - if not present
CreateListForSaving: Field Variables for Saving
CreateListForSaving: Vector Field 1: displacement
ResultOutputSolver: Saving in unstructured VTK XML (.vtu) format
VtuOutputSolver: Saving results in VTK XML format with prefix: case
VtuOutputSolver: Saving number of partitions: 1
SolverOutputDirectory: Creating directory: results_amgx
VtuOutputSolver: Full filename base is: results_amgx/case
GenerateSaveMask: Allocating NodePerm of size: 270641
GenerateSaveMask: Allocating ActiveElem of size: 284800
GenerateSaveMask: Number of active elements 284800 out of 284800
GenerateSaveMask: Number of geometry nodes 270641 out of 270641
VtuOutputSolver: Total number of elements to save: 284800
VtuOutputSolver: Total number of geometry nodes to save: 270641
VtuOutputSolver: Total number of dof nodes to save: 270641
VtuOutputSolver: Setting offset for boundary entities: 100
VtuOutputSolver: Writing the vtu file: results_amgx/case_t0001.vtu
AscBinWriteInit: Initializing buffered ascii/binary writing
AscBinWriteInit: Writing in binary
AscBinWriteInit: Writing in double precision
AscBinWriteInit: Writing to unit number: 58
AscBinWriteInit: Size of buffer is: 270641
WriteVtuFile: Writing nodal fields
WriteVtuFile: Saving variable: displacement
WriteVtuFile: Number of nodal fields written: 1
WriteVtuFile: Writing elemental fields
WriteVtuFile: Number of elemental fields written: 0
WriteVtuFile: Writing entity IDs for bodies and boundaries
WriteVtuFile: Writing coordinates for each used node
WriteVtuFile: Writing the elemental connectivity data
WriteVtuFile: Writing nodal fields
WriteVtuFile: Saving variable: displacement
WriteVtuFile: Writing elemental fields
AscBinWriteFree: Terminating buffered ascii/binary writing
WriteVtuFile: Finished writing file
VtuOutputSolver: Finished writing vtu file
VtuOutputSolver: All done for now
ResultOutputSolver: -------------------------------------
ResultOutputSolver: Skipping inactive mesh: winkelp
WARNING:: CompareToReferenceSolution: Solver 1 FAILED:  Norm = 2.33985586E-02  RefNorm = 2.33900606E-02
CompareToReferenceSolution: Relative Error to reference norm: 3.633163E-04
ReloadInputFile: Realoading input file
LoadInputFile: Loading input file:
WARNING:: CompareToReferenceSolution: FAILED 1 tests out of 1!
MAIN: Reporting unused list entries for sif improvement!
MAIN: If you do not want these lines undefine > DEVEL_LISTUSAGE < !
   Unused keywords:
       Solver 1              bubbles
       Solver 1              nonlinear system consistent norm
       Solver 2              parallel reduce
MAIN: *** Elmer Solver: ALL DONE ***
FreeModel: Freeing meshes
ReleaseMesh: Releasing mesh variables
ReleaseMesh: Releasing mesh nodes
ReleaseMesh: Releasing mesh finished
ReleaseMesh: Releasing mesh variables
ReleaseMesh: Releasing mesh nodes
ReleaseMesh: Releasing mesh finished
FreeModel: Freeing constants list
FreeModel: Freeing simulation list
FreeModel: Freeing boundary lists
FreeModel: Freeing solvers
FreeModel: Freeing initial conditions lists
FreeModel: Freeing body lists
FreeModel: Freeing equations lists
FreeModel: Freeing body forces lists
MAIN: The end
SOLVER TOTAL TIME(CPU,REAL):        24.76       16.72
ELMER SOLVER FINISHED AT: 2026/07/20 10:11:19

Ending linsysAMGX/amgx_bicgstab_none.sif with mesh level 2
Elapsed time: 21 s
-----------------------------------



-----------------------------------
Starting linsysAMGX/amgx_cg_dilu.sif with mesh level 2

ELMER SOLVER (v 9.0) STARTED AT: 2026/07/20 10:11:22
ParCommInit:  Initialize #PEs:            1
MAIN: Read 2 integer parameters from command line!
MAIN: 
MAIN: =============================================================
MAIN: ElmerSolver finite element software, Welcome!
MAIN: This program is free software licensed under (L)GPL
MAIN: Copyright 1st April 1995 - , CSC - IT Center for Science Ltd.
MAIN: Webpage http://www.csc.fi/elmer, Email elmeradm@csc.fi
MAIN: Version: 9.0 (Rev: 9dce9c2ac, Compiled: 2026-07-13)
MAIN:  Running one task without MPI parallelization.
MAIN:  Running in parallel with 32 threads per task.
MAIN:  HYPRE library linked in.
MAIN:  MMG library linked in.
MAIN:  ParMMG library linked in.
MAIN:  Lua interpreter linked in.
MAIN:  Zoltan library linked in.
MAIN:  AMGX library linked in.
MAIN: =============================================================
MAIN: 
MAIN: 
MAIN: -------------------------------------
MAIN: Reading Model: case.sif
LoadInputFile: Scanning input file: case.sif
LoadInputFile: Scanning only size info
LoadInputFile: First time visiting
LoadInputFile: Reading base load of sif file
OpenIncludeFile: Trying to include file: linsys.sif
CheckKeyword: Found keyword type assuming suffix 1 for: operator 2
CheckKeyword: Found keyword type assuming suffix 1 for: operator 2
CheckKeyword: Found keyword type assuming suffix 1 for: operator 3
CheckKeyword: Found keyword type assuming suffix 1 for: operator 3
CheckKeyword: Found keyword type assuming suffix 1 for: operator 4
CheckKeyword: Found keyword type assuming suffix 1 for: operator 4
CheckKeyword: Found keyword type assuming suffix 1 for: operator 5
CheckKeyword: Found keyword type assuming suffix 1 for: operator 5
LoadInputFile: Loading input file: case.sif
LoadInputFile: Reading base load of sif file
OpenIncludeFile: Trying to include file: linsys.sif
CheckKeyword:  Unlisted keyword: [amgx config] in section: [solver 1]
CheckKeyword: Found keyword type assuming suffix 1 for: operator 2
CheckKeyword: Found keyword type assuming suffix 1 for: operator 2
CheckKeyword: Found keyword type assuming suffix 1 for: operator 3
CheckKeyword: Found keyword type assuming suffix 1 for: operator 3
CheckKeyword: Found keyword type assuming suffix 1 for: operator 4
CheckKeyword: Found keyword type assuming suffix 1 for: operator 4
CheckKeyword: Found keyword type assuming suffix 1 for: operator 5
CheckKeyword: Found keyword type assuming suffix 1 for: operator 5
CheckKeyword:  Unlisted keyword: [expression 1] in section: [solver 2]
CheckKeyword:  Unlisted keyword: [line marker] in section: [solver 2]
LoadInputFile: Number of BCs: 3
LoadInputFile: Number of Body Forces: 0
LoadInputFile: Number of Initial Conditions: 0
LoadInputFile: Number of Materials: 1
LoadInputFile: Number of Equations: 1
LoadInputFile: Number of Solvers: 2
LoadInputFile: Number of Bodies: 1
ListTagKeywords: Setting weight for keywords!
ListTagKeywords: No parameters width suffix: normalize by area
ListTagKeywords: Setting weight for keywords!
ListTagKeywords: No parameters width suffix: normalize by volume
Loading user function library: [StressSolve]...[StressSolver_Init0]
Loading user function library: [SaveData]...[SaveScalars_Init0]
Loading user function library: [SaveData]...[SaveScalars_Init0]
LoadMesh: Loading serial mesh!
ElmerAsciiMesh: Performing step: 1
ElmerAsciiMesh: Base mesh name: ./winkel
ReadHeaderFile: Reading header info from file: ./winkel/mesh.header
InitializeMesh: Number of nodes in mesh: 35721
InitializeMesh: Number of bulk elements in mesh: 32000
InitializeMesh: Number of boundary elements in mesh: 7200
InitializeMesh: Initial number of max element nodes: 8
ElmerAsciiMesh: Performing step: 2
ReadNodesFile: Reading nodes from file: ./winkel/mesh.nodes
SetMeshDimension: Dimension of mesh is: 3
SetMeshDimension: Max dimension of mesh is: 3
ElmerAsciiMesh: Performing step: 3
ReadElementsFile: Reading bulk elements from file: ./winkel/mesh.elements
ElmerAsciiMesh: Performing step: 4
ReadBoundaryFile: Reading boundary elements from file: ./winkel/mesh.boundary
PermuteNodeNumbering: Performing node mapping
MapBodiesAndBCs: Skipping remapping of bodies
MapBodiesAndBCs: Remapping boundaries
MapBodiesAndBCs: Minimum initial boundary index: 1
MapBodiesAndBCs: Maximum initial boundary index: 7
ElmerAsciiMesh: Performing step: 5
ElmerAsciiMesh: Performing step: 6
LoadMesh: Loading mesh done
NonNodalElements: Element dofs max: 8
LoadMesh: Preparing mesh done
LoadMesh: Elapsed REAL time:     0.0474 (s)
LoadModel: Creating hierarchy of meshes by mesh multiplication: 2
LoadModel: Keeping number of meshes: 2
LoadModel: Performing splitting at level: 2
SplitMeshEqual: Mesh splitting works for first order elements 303, 404, 504, (706) and 808.
FindMeshEdges: Determining faces in 3D mesh
FindMeshFaces3D: Finding mesh faces in 3D mesh
FindMeshFaces3D: Number of faces found: 99600
FindMeshEdges: Determining edges in 3D mesh
FindMeshEdges3D: Finding mesh edges in 3D mesh
FindMeshEdges3D: Number of edges found: 103320
SplitMeshEqual: ******** Old mesh ********
SplitMeshEqual:  Nodes             :        35721
SplitMeshEqual:  Bulk elements     :        32000
SplitMeshEqual:  Boundary elements :         7200
SplitMeshEqual:  Edges             :       103320
SplitMeshEqual:  Faces             :        99600
SplitMeshEqual: Added 99600 nodes in the center of faces
SplitMeshEqual: Added 32000 nodes in the center of bulks
SplitMeshEqual: Added edge centers to the nodes list.
SplitMeshEqual: Added face centers to the nodes list.
SplitMeshEqual: Added quad and brick centers to the nodes list.
SplitMeshEqual:  Count of new elements :       284800
SplitMeshEqual: New mesh allocated.
SplitMeshEqual: Array for bulk elements allocated.
SplitMeshEqual: ******** New mesh ********
SplitMeshEqual:  Nodes             :       270641
SplitMeshEqual:  Bulk elements     :       256000
SplitMeshEqual:  Boundary elements :        28800
SplitMeshEqual: Elapsed REAL time:     0.0494 (s)
ReleaseMeshFaceTables: Releasing number of faces: 99600
SetMeshDimension: Dimension of mesh is: 3
SetMeshDimension: Max dimension of mesh is: 3
NonNodalElements: Element dofs max: 8
MeshStabParams: Computing stabilization parameters
MeshStabParams: Elapsed REAL time:     0.0259 (s)
MeshStabParams: Computing stabilization parameters
MeshStabParams: Elapsed REAL time:     0.0034 (s)
CompleteModelKeywords: Completing keywords for mortars and mechanics!
MAIN: -------------------------------------
AddVtuOutputSolverHack: Adding ResultOutputSolver to write VTU output in file: case
AppendNewSolver: Increasing number of solvers to: 3
AddVtuOutputSolverHack: Finished appending VTU output solver
AddMeshCoordinates: Setting mesh coordinates and time
VariableAdd: Adding variable > Coordinate 1 < of size 270641
VariableAdd: Adding variable > Coordinate 2 < of size 270641
VariableAdd: Adding variable > Coordinate 3 < of size 270641
VariableAdd: Adding variable > Coordinate 1 < of size 35721
VariableAdd: Adding variable > Coordinate 2 < of size 35721
VariableAdd: Adding variable > Coordinate 3 < of size 35721
AddSolvers: Setting up 3 solvers
AddSolvers: Setting up solver 1: linelast
AddEquationBasics: Using procedure: StressSolve StressSolver
AddEquationBasics: Setting up solver: linelast
Loading user function library: [StressSolve]...[StressSolver_Init]
AddEquationBasics: Checking for _init solver
StressSolve_init: --------------------------------------------------
StressSolve_init: Solving displacements from linear elasticity model
StressSolve_init: --------------------------------------------------
Loading user function library: [StressSolve]...[StressSolver_bulk]
Loading user function library: [StressSolve]...[StressSolver_bulk]
AddEquationBasics: Checking for _bulk solver
Loading user function library: [StressSolve]...[StressSolver]
AddEquationBasics: Treating variable string: -dofs 3 displacement
AddEquationBasics: Creating standard variable: displacement
AddEquationBasics: Computing size of permutation vector
AddEquationBasics: Maximum size of permutation vector is: 270641
AddEquationBasics: Creating solver matrix topology
CreateMatrix: Creating initial permutation
CreateMatrix: Creating inverse of initial order of size: 270641
CreateMatrix: Creating list matrix for equation: linelast
MakeListMatrix: Creating list matrix
OptimizeBandwidth: ---------------------------------------------------------
OptimizeBandwidth: Computing matrix structure for: linelast
OptimizeBandwidth: Initial bandwidth for linelast: 238642
OptimizeBandwidth: Optimized bandwidth for linelast: 6683
OptimizeBandwidth: ---------------------------------------------------------
CreateMatrix: Initializing list matrix for equation
CRS_CreateMatrix: Creating CRS Matrix of size: 811923
CRS_CreateMatrix: Creating CRS Matrix with nofs: 63380889
CreateMatrix: Sparse matrix created
AddEquationBasics: Number of rows in CRS matrix: 811923
AddEquationBasics: Creating solver variable
VariableAdd: Adding variable > displacement < of size 811923
VariableAdd: Adding variable > displacement 1 < of size 270641
VariableAdd: Adding variable > displacement 2 < of size 270641
VariableAdd: Adding variable > displacement 3 < of size 270641
SolverInitialization: Elapsed REAL time:     0.9632 (s)
AddSolvers: Setting up solver 2: savescalars
AddEquationBasics: Using procedure: SaveData SaveScalars
AddEquationBasics: Setting up solver: savescalars
Loading user function library: [SaveData]...[SaveScalars_Init]
AddEquationBasics: Checking for _init solver
Loading user function library: [SaveData]...[SaveScalars_bulk]
Loading user function library: [SaveData]...[SaveScalars_bulk]
AddEquationBasics: Checking for _bulk solver
Loading user function library: [SaveData]...[SaveScalars]
AddEquationBasics: Creating null variable with no name
AddSolvers: Setting up solver 3: internalvtuoutputsolver
AddEquationBasics: Using procedure: ResultOutputSolve ResultOutputSolver
AddEquationBasics: Setting up solver: internalvtuoutputsolver
Loading user function library: [ResultOutputSolve]...[ResultOutputSolver_Init]
Loading user function library: [ResultOutputSolve]...[ResultOutputSolver_Init]
AddEquationBasics: Checking for _init solver
Loading user function library: [ResultOutputSolve]...[ResultOutputSolver_bulk]
Loading user function library: [ResultOutputSolve]...[ResultOutputSolver_bulk]
AddEquationBasics: Checking for _bulk solver
Loading user function library: [ResultOutputSolve]...[ResultOutputSolver]
AddEquationBasics: Treating variable string: -global vtu_internal_dummy
AddEquationBasics: Creating global variable: vtu_internal_dummy
VariableAdd: Adding variable > vtu_internal_dummy < of size 1
AddSolvers: Setting up solvers done
AddTimeEtc: Setting time and other global variables
VariableAdd: Adding variable > Time < of size 1
VariableAdd: Adding variable > Timestep < of size 1
VariableAdd: Adding variable > Timestep size < of size 1
VariableAdd: Adding variable > Timestep interval < of size 1
VariableAdd: Adding variable > nonlin iter < of size 1
VariableAdd: Adding variable > coupled iter < of size 1
VariableAdd: Adding variable > Partition < of size 1
VariableAdd: Adding variable > Time < of size 1
VariableAdd: Adding variable > Timestep < of size 1
VariableAdd: Adding variable > Timestep size < of size 1
VariableAdd: Adding variable > Timestep interval < of size 1
VariableAdd: Adding variable > nonlin iter < of size 1
VariableAdd: Adding variable > coupled iter < of size 1
VariableAdd: Adding variable > Partition < of size 1
MAIN: Random seed initialized to: 314159265
SetInitialConditions: Setting up initial conditions (if any)
MAIN: Number of timesteps to be saved: 1
MAIN: 
MAIN: -------------------------------------
MAIN:  Steady state iteration:            1
MAIN: -------------------------------------
MAIN: 
SolveEquations: Solvers before timestep
SolveEquations: Solvers in main iteration loop
SolveEquations: Performing set of solvers in sequence
ListTagCount: Counting tags for keyword normalization!
SetActiveElementsTable: Creating active element table for: linelast
SetActiveElementsTable: Number of active elements found : 256000
SingleSolver: Attempting to call solver: 1
SingleSolver: Solver Equation string is: linelast
StressSolve: 
StressSolve: --------------------------------------------------
StressSolve: Solving displacements from linear elasticity model
StressSolve: --------------------------------------------------
DefaultStart: Starting solver: linelast
StressSolve: Starting assembly...
InitializeToZero: Initializing the linear system to zero
StressSolve: Assembly:
: ............Finished checking for nodal loads
SetNodalLoads: Finished checking for nodal loads
SetNodalLoads: Finished checking for nodal loads
SetDirichletBoundaries: Number of dofs set for displacement: 0
DefUtils::DefaultDirichletBCs: Setting Dirichlet boundary conditions
SetDirichletBoundaries: Number of dofs set for displacement 1: 6400
DefUtils::DefaultDirichletBCs: p-element condition setup: displacement 1
SetDirichletBoundaries: Number of dofs set for displacement 2: 6400
DefUtils::DefaultDirichletBCs: p-element condition setup: displacement 2
SetDirichletBoundaries: Number of dofs set for displacement 3: 6400
DefUtils::DefaultDirichletBCs: p-element condition setup: displacement 3
EnforceDirichletConditions: Enforcing total of 5043 Dirichlet conditions.
EnforceDirichletConditions: Applying Dirichlet conditions using scaled diagonal
ScaleLinearSystem: Creating > DiagScaling < vector of size 811923
EnforceDirichletConditions: Dirichlet conditions enforced for dofs: 5043
DefUtils::DefaultDirichletBCs: Dirichlet boundary conditions set
DefaultSolve: Solving linear system with default routines
GenerateConstraintMatrix: Nothing to do for now
SolveSystem: Solving linear system
SolveSystem: Solving linear system in standard way
SolveLinearSystem: Assuming real valued linear system
SolveLinearSystem: Assuming serial linear system
ScaleLinearSystem: Creating > DiagScaling < vector of size 811923
SolveLinearSystem: Serial linear System Solver: amgx
AMGX version 2.5.0
Built on Jul 13 2026, 14:06:01
Compiled with CUDA Runtime 12.9, using CUDA driver 13.2
The AMGX_initialize_plugins API call is deprecated and can be safely removed.
           iter      Mem Usage (GB)       residual           rate
         ----------------------------------------------------------------------
            Ini                   0   1.000000e+00
              0                   0   7.331439e-01         0.7331
              1              0.0000   9.086727e-01         1.2394
              2              0.0000   1.113446e+00         1.2254
              3              0.0000   1.047649e+00         0.9409
              4              0.0000   1.063480e+00         1.0151
              5              0.0000   1.056796e+00         0.9937
              6              0.0000   1.201476e+00         1.1369
              7              0.0000   1.011023e+00         0.8415
              8              0.0000   1.239365e+00         1.2259
              9              0.0000   1.049088e+00         0.8465
             10              0.0000   1.184267e+00         1.1289
             11              0.0000   1.129704e+00         0.9539
             12              0.0000   1.162683e+00         1.0292
             13              0.0000   1.163816e+00         1.0010
             14              0.0000   1.213744e+00         1.0429
             15              0.0000   1.167777e+00         0.9621
             16              0.0000   1.259975e+00         1.0790
             17              0.0000   1.197392e+00         0.9503
             18              0.0000   1.275636e+00         1.0653
             19              0.0000   1.242531e+00         0.9740
             20              0.0000   1.293376e+00         1.0409
             21              0.0000   1.275327e+00         0.9860
             22              0.0000   1.313888e+00         1.0302
             23              0.0000   1.328601e+00         1.0112
             24              0.0000   1.319617e+00         0.9932
             25              0.0000   1.346725e+00         1.0205
             26              0.0000   1.371677e+00         1.0185
             27              0.0000   1.369474e+00         0.9984
             28              0.0000   1.413532e+00         1.0322
             29              0.0000   1.396777e+00         0.9881
             30              0.0000   1.424083e+00         1.0195
             31              0.0000   1.472861e+00         1.0343
             32              0.0000   1.429325e+00         0.9704
             33              0.0000   1.526256e+00         1.0678
             34              0.0000   1.506012e+00         0.9867
             35              0.0000   1.530671e+00         1.0164
             36              0.0000   1.576472e+00         1.0299
             37              0.0000   1.606908e+00         1.0193
             38              0.0000   1.634337e+00         1.0171
             39              0.0000   1.740353e+00         1.0649
             40              0.0000   1.736672e+00         0.9979
             41              0.0000   1.861059e+00         1.0716
             42              0.0000   1.892193e+00         1.0167
             43              0.0000   1.882006e+00         0.9946
             44              0.0000   1.959507e+00         1.0412
             45              0.0000   1.929554e+00         0.9847
             46              0.0000   1.966791e+00         1.0193
             47              0.0000   2.024261e+00         1.0292
             48              0.0000   1.953654e+00         0.9651
             49              0.0000   2.015670e+00         1.0317
             50              0.0000   2.022712e+00         1.0035
             51              0.0000   1.983493e+00         0.9806
             52              0.0000   2.031986e+00         1.0244
             53              0.0000   1.980904e+00         0.9749
             54              0.0000   2.022480e+00         1.0210
             55              0.0000   1.958526e+00         0.9684
             56              0.0000   2.020164e+00         1.0315
             57              0.0000   1.941585e+00         0.9611
             58              0.0000   1.996503e+00         1.0283
             59              0.0000   1.949846e+00         0.9766
             60              0.0000   1.949283e+00         0.9997
             61              0.0000   1.973396e+00         1.0124
             62              0.0000   1.930889e+00         0.9785
             63              0.0000   1.954438e+00         1.0122
             64              0.0000   1.950345e+00         0.9979
             65              0.0000   1.929482e+00         0.9893
             66              0.0000   1.964648e+00         1.0182
             67              0.0000   1.924480e+00         0.9796
             68              0.0000   1.944003e+00         1.0101
             69              0.0000   1.940497e+00         0.9982
             70              0.0000   1.968978e+00         1.0147
             71              0.0000   1.949707e+00         0.9902
             72              0.0000   2.000504e+00         1.0261
             73              0.0000   2.032629e+00         1.0161
             74              0.0000   2.020461e+00         0.9940
             75              0.0000   2.043899e+00         1.0116
             76              0.0000   1.986373e+00         0.9719
             77              0.0000   1.991345e+00         1.0025
             78              0.0000   1.977627e+00         0.9931
             79              0.0000   1.982768e+00         1.0026
             80              0.0000   1.955021e+00         0.9860
             81              0.0000   1.952840e+00         0.9989
             82              0.0000   1.929820e+00         0.9882
             83              0.0000   1.920588e+00         0.9952
             84              0.0000   1.892129e+00         0.9852
             85              0.0000   1.896369e+00         1.0022
             86              0.0000   1.878463e+00         0.9906
             87              0.0000   1.869923e+00         0.9955
             88              0.0000   1.878535e+00         1.0046
             89              0.0000   1.857333e+00         0.9887
             90              0.0000   1.874683e+00         1.0093
             91              0.0000   1.878564e+00         1.0021
             92              0.0000   1.887778e+00         1.0049
             93              0.0000   1.913305e+00         1.0135
             94              0.0000   1.906772e+00         0.9966
             95              0.0000   1.953866e+00         1.0247
             96              0.0000   1.961913e+00         1.0041
             97              0.0000   2.001231e+00         1.0200
             98              0.0000   2.009066e+00         1.0039
             99              0.0000   2.051477e+00         1.0211
            100              0.0000   2.069610e+00         1.0088
            101              0.0000   2.100392e+00         1.0149
            102              0.0000   2.109637e+00         1.0044
            103              0.0000   2.165981e+00         1.0267
            104              0.0000   2.131627e+00         0.9841
            105              0.0000   2.220275e+00         1.0416
            106              0.0000   2.185480e+00         0.9843
            107              0.0000   2.228157e+00         1.0195
            108              0.0000   2.245979e+00         1.0080
            109              0.0000   2.262797e+00         1.0075
            110              0.0000   2.292574e+00         1.0132
            111              0.0000   2.297123e+00         1.0020
            112              0.0000   2.347341e+00         1.0219
            113              0.0000   2.324977e+00         0.9905
            114              0.0000   2.396084e+00         1.0306
            115              0.0000   2.377313e+00         0.9922
            116              0.0000   2.425434e+00         1.0202
            117              0.0000   2.468461e+00         1.0177
            118              0.0000   2.508068e+00         1.0160
            119              0.0000   2.579000e+00         1.0283
            120              0.0000   2.642064e+00         1.0245
            121              0.0000   2.718062e+00         1.0288
            122              0.0000   2.813899e+00         1.0353
            123              0.0000   2.891264e+00         1.0275
            124              0.0000   2.970438e+00         1.0274
            125              0.0000   3.004856e+00         1.0116
            126              0.0000   3.086208e+00         1.0271
            127              0.0000   3.142023e+00         1.0181
            128              0.0000   3.257144e+00         1.0366
            129              0.0000   3.340910e+00         1.0257
            130              0.0000   3.404000e+00         1.0189
            131              0.0000   3.428222e+00         1.0071
            132              0.0000   3.472974e+00         1.0131
            133              0.0000   3.484574e+00         1.0033
            134              0.0000   3.540820e+00         1.0161
            135              0.0000   3.576880e+00         1.0102
            136              0.0000   3.589348e+00         1.0035
            137              0.0000   3.649160e+00         1.0167
            138              0.0000   3.623855e+00         0.9931
            139              0.0000   3.649320e+00         1.0070
            140              0.0000   3.669425e+00         1.0055
            141              0.0000   3.655951e+00         0.9963
            142              0.0000   3.681470e+00         1.0070
            143              0.0000   3.620267e+00         0.9834
            144              0.0000   3.623870e+00         1.0010
            145              0.0000   3.556254e+00         0.9813
            146              0.0000   3.524283e+00         0.9910
            147              0.0000   3.458537e+00         0.9813
            148              0.0000   3.383466e+00         0.9783
            149              0.0000   3.358467e+00         0.9926
            150              0.0000   3.267363e+00         0.9729
            151              0.0000   3.227220e+00         0.9877
            152              0.0000   3.115490e+00         0.9654
            153              0.0000   2.981018e+00         0.9568
            154              0.0000   2.828687e+00         0.9489
            155              0.0000   2.631312e+00         0.9302
            156              0.0000   2.504197e+00         0.9517
            157              0.0000   2.427689e+00         0.9694
            158              0.0000   2.454733e+00         1.0111
            159              0.0000   2.573574e+00         1.0484
            160              0.0000   2.624206e+00         1.0197
            161              0.0000   2.549317e+00         0.9715
            162              0.0000   2.342310e+00         0.9188
            163              0.0000   2.131511e+00         0.9100
            164              0.0000   2.046902e+00         0.9603
            165              0.0000   2.154410e+00         1.0525
            166              0.0000   2.399801e+00         1.1139
            167              0.0000   2.561529e+00         1.0674
            168              0.0000   2.455285e+00         0.9585
            169              0.0000   2.160207e+00         0.8798
            170              0.0000   1.978330e+00         0.9158
            171              0.0000   1.993393e+00         1.0076
            172              0.0000   2.139768e+00         1.0734
            173              0.0000   2.233841e+00         1.0440
            174              0.0000   2.108042e+00         0.9437
            175              0.0000   1.961434e+00         0.9305
            176              0.0000   1.936139e+00         0.9871
            177              0.0000   2.118199e+00         1.0940
            178              0.0000   2.217086e+00         1.0467
            179              0.0000   2.193031e+00         0.9892
            180              0.0000   2.058631e+00         0.9387
            181              0.0000   2.161606e+00         1.0500
            182              0.0000   2.349488e+00         1.0869
            183              0.0000   2.401849e+00         1.0223
            184              0.0000   2.359184e+00         0.9822
            185              0.0000   2.290702e+00         0.9710
            186              0.0000   2.424501e+00         1.0584
            187              0.0000   2.554796e+00         1.0537
            188              0.0000   2.459484e+00         0.9627
            189              0.0000   2.296061e+00         0.9336
            190              0.0000   2.249243e+00         0.9796
            191              0.0000   2.346589e+00         1.0433
            192              0.0000   2.297389e+00         0.9790
            193              0.0000   2.108630e+00         0.9178
            194              0.0000   1.992634e+00         0.9450
            195              0.0000   2.001373e+00         1.0044
            196              0.0000   2.005893e+00         1.0023
            197              0.0000   1.807259e+00         0.9010
            198              0.0000   1.712197e+00         0.9474
            199              0.0000   1.739008e+00         1.0157
            200              0.0000   1.734324e+00         0.9973
            201              0.0000   1.635483e+00         0.9430
            202              0.0000   1.585902e+00         0.9697
            203              0.0000   1.667134e+00         1.0512
            204              0.0000   1.741312e+00         1.0445
            205              0.0000   1.683604e+00         0.9669
            206              0.0000   1.669301e+00         0.9915
            207              0.0000   1.702736e+00         1.0200
            208              0.0000   1.667607e+00         0.9794
            209              0.0000   1.531443e+00         0.9183
            210              0.0000   1.479101e+00         0.9658
            211              0.0000   1.571268e+00         1.0623
            212              0.0000   1.601581e+00         1.0193
            213              0.0000   1.575780e+00         0.9839
            214              0.0000   1.586248e+00         1.0066
            215              0.0000   1.598947e+00         1.0080
            216              0.0000   1.537066e+00         0.9613
            217              0.0000   1.488954e+00         0.9687
            218              0.0000   1.542270e+00         1.0358
            219              0.0000   1.605600e+00         1.0411
            220              0.0000   1.526966e+00         0.9510
            221              0.0000   1.514956e+00         0.9921
            222              0.0000   1.533826e+00         1.0125
            223              0.0000   1.513309e+00         0.9866
            224              0.0000   1.437623e+00         0.9500
            225              0.0000   1.443624e+00         1.0042
            226              0.0000   1.514788e+00         1.0493
            227              0.0000   1.457052e+00         0.9619
            228              0.0000   1.413921e+00         0.9704
            229              0.0000   1.464449e+00         1.0357
            230              0.0000   1.468869e+00         1.0030
            231              0.0000   1.470440e+00         1.0011
            232              0.0000   1.453574e+00         0.9885
            233              0.0000   1.491834e+00         1.0263
            234              0.0000   1.461552e+00         0.9797
            235              0.0000   1.415043e+00         0.9682
            236              0.0000   1.493131e+00         1.0552
            237              0.0000   1.469619e+00         0.9843
            238              0.0000   1.460285e+00         0.9936
            239              0.0000   1.486846e+00         1.0182
            240              0.0000   1.544458e+00         1.0387
            241              0.0000   1.545041e+00         1.0004
            242              0.0000   1.497204e+00         0.9690
            243              0.0000   1.558192e+00         1.0407
            244              0.0000   1.559197e+00         1.0006
            245              0.0000   1.537244e+00         0.9859
            246              0.0000   1.555296e+00         1.0117
            247              0.0000   1.588793e+00         1.0215
            248              0.0000   1.555265e+00         0.9789
            249              0.0000   1.530320e+00         0.9840
            250              0.0000   1.564797e+00         1.0225
            251              0.0000   1.568426e+00         1.0023
            252              0.0000   1.504629e+00         0.9593
            253              0.0000   1.578166e+00         1.0489
            254              0.0000   1.535970e+00         0.9733
            255              0.0000   1.480546e+00         0.9639
            256              0.0000   1.461915e+00         0.9874
            257              0.0000   1.464327e+00         1.0016
            258              0.0000   1.450533e+00         0.9906
            259              0.0000   1.396245e+00         0.9626
            260              0.0000   1.426773e+00         1.0219
            261              0.0000   1.439045e+00         1.0086
            262              0.0000   1.410702e+00         0.9803
            263              0.0000   1.409837e+00         0.9994
            264              0.0000   1.408751e+00         0.9992
            265              0.0000   1.383221e+00         0.9819
            266              0.0000   1.354070e+00         0.9789
            267              0.0000   1.396108e+00         1.0310
            268              0.0000   1.351466e+00         0.9680
            269              0.0000   1.318629e+00         0.9757
            270              0.0000   1.333074e+00         1.0110
            271              0.0000   1.300312e+00         0.9754
            272              0.0000   1.291221e+00         0.9930
            273              0.0000   1.309513e+00         1.0142
            274              0.0000   1.337408e+00         1.0213
            275              0.0000   1.284608e+00         0.9605
            276              0.0000   1.309933e+00         1.0197
            277              0.0000   1.327162e+00         1.0132
            278              0.0000   1.317523e+00         0.9927
            279              0.0000   1.310515e+00         0.9947
            280              0.0000   1.336637e+00         1.0199
            281              0.0000   1.315167e+00         0.9839
            282              0.0000   1.271789e+00         0.9670
            283              0.0000   1.287222e+00         1.0121
            284              0.0000   1.216075e+00         0.9447
            285              0.0000   1.185442e+00         0.9748
            286              0.0000   1.201258e+00         1.0133
            287              0.0000   1.208565e+00         1.0061
            288              0.0000   1.202001e+00         0.9946
            289              0.0000   1.203509e+00         1.0013
            290              0.0000   1.215320e+00         1.0098
            291              0.0000   1.145514e+00         0.9426
            292              0.0000   1.137254e+00         0.9928
            293              0.0000   1.114160e+00         0.9797
            294              0.0000   1.076773e+00         0.9664
            295              0.0000   1.089460e+00         1.0118
            296              0.0000   1.089200e+00         0.9998
            297              0.0000   1.096770e+00         1.0070
            298              0.0000   1.076381e+00         0.9814
            299              0.0000   1.089458e+00         1.0121
            300              0.0000   1.100470e+00         1.0101
            301              0.0000   1.084854e+00         0.9858
            302              0.0000   1.111625e+00         1.0247
            303              0.0000   1.100572e+00         0.9901
            304              0.0000   1.090189e+00         0.9906
            305              0.0000   1.109456e+00         1.0177
            306              0.0000   1.137227e+00         1.0250
            307              0.0000   1.139730e+00         1.0022
            308              0.0000   1.182049e+00         1.0371
            309              0.0000   1.212354e+00         1.0256
            310              0.0000   1.203068e+00         0.9923
            311              0.0000   1.257075e+00         1.0449
            312              0.0000   1.317423e+00         1.0480
            313              0.0000   1.350881e+00         1.0254
            314              0.0000   1.400977e+00         1.0371
            315              0.0000   1.447828e+00         1.0334
            316              0.0000   1.431822e+00         0.9889
            317              0.0000   1.406460e+00         0.9823
            318              0.0000   1.451793e+00         1.0322
            319              0.0000   1.450807e+00         0.9993
            320              0.0000   1.477568e+00         1.0184
            321              0.0000   1.550055e+00         1.0491
            322              0.0000   1.609839e+00         1.0386
            323              0.0000   1.593207e+00         0.9897
            324              0.0000   1.614760e+00         1.0135
            325              0.0000   1.585599e+00         0.9819
            326              0.0000   1.580311e+00         0.9967
            327              0.0000   1.638451e+00         1.0368
            328              0.0000   1.688981e+00         1.0308
            329              0.0000   1.675593e+00         0.9921
            330              0.0000   1.670388e+00         0.9969
            331              0.0000   1.661820e+00         0.9949
            332              0.0000   1.632654e+00         0.9824
            333              0.0000   1.690095e+00         1.0352
            334              0.0000   1.730647e+00         1.0240
            335              0.0000   1.721610e+00         0.9948
            336              0.0000   1.686937e+00         0.9799
            337              0.0000   1.674920e+00         0.9929
            338              0.0000   1.704377e+00         1.0176
            339              0.0000   1.773969e+00         1.0408
            340              0.0000   1.866664e+00         1.0523
            341              0.0000   1.881526e+00         1.0080
            342              0.0000   1.859945e+00         0.9885
            343              0.0000   1.877420e+00         1.0094
            344              0.0000   1.922403e+00         1.0240
            345              0.0000   2.044500e+00         1.0635
            346              0.0000   2.169072e+00         1.0609
            347              0.0000   2.138419e+00         0.9859
            348              0.0000   2.079918e+00         0.9726
            349              0.0000   2.091387e+00         1.0055
            350              0.0000   2.121091e+00         1.0142
            351              0.0000   2.222464e+00         1.0478
            352              0.0000   2.272668e+00         1.0226
            353              0.0000   2.209498e+00         0.9722
            354              0.0000   2.196814e+00         0.9943
            355              0.0000   2.183510e+00         0.9939
            356              0.0000   2.298055e+00         1.0525
            357              0.0000   2.272544e+00         0.9889
            358              0.0000   2.299039e+00         1.0117
            359              0.0000   2.293103e+00         0.9974
            360              0.0000   2.324875e+00         1.0139
            361              0.0000   2.432566e+00         1.0463
            362              0.0000   2.387751e+00         0.9816
            363              0.0000   2.375977e+00         0.9951
            364              0.0000   2.410496e+00         1.0145
            365              0.0000   2.530891e+00         1.0499
            366              0.0000   2.547067e+00         1.0064
            367              0.0000   2.510013e+00         0.9855
            368              0.0000   2.515174e+00         1.0021
            369              0.0000   2.491549e+00         0.9906
            370              0.0000   2.544993e+00         1.0215
            371              0.0000   2.505415e+00         0.9844
            372              0.0000   2.355712e+00         0.9402
            373              0.0000   2.319750e+00         0.9847
            374              0.0000   2.346678e+00         1.0116
            375              0.0000   2.345630e+00         0.9996
            376              0.0000   2.328527e+00         0.9927
            377              0.0000   2.279501e+00         0.9789
            378              0.0000   2.298231e+00         1.0082
            379              0.0000   2.378783e+00         1.0350
            380              0.0000   2.338413e+00         0.9830
            381              0.0000   2.237840e+00         0.9570
            382              0.0000   2.201919e+00         0.9839
            383              0.0000   2.267326e+00         1.0297
            384              0.0000   2.262720e+00         0.9980
            385              0.0000   2.187405e+00         0.9667
            386              0.0000   2.160154e+00         0.9875
            387              0.0000   2.155220e+00         0.9977
            388              0.0000   2.200818e+00         1.0212
            389              0.0000   2.167750e+00         0.9850
            390              0.0000   2.131252e+00         0.9832
            391              0.0000   2.201302e+00         1.0329
            392              0.0000   2.191568e+00         0.9956
            393              0.0000   2.127024e+00         0.9705
            394              0.0000   2.150123e+00         1.0109
            395              0.0000   2.232466e+00         1.0383
            396              0.0000   2.298437e+00         1.0296
            397              0.0000   2.259915e+00         0.9832
            398              0.0000   2.201455e+00         0.9741
            399              0.0000   2.132323e+00         0.9686
            400              0.0000   2.163439e+00         1.0146
            401              0.0000   2.112915e+00         0.9766
            402              0.0000   1.985516e+00         0.9397
            403              0.0000   2.024213e+00         1.0195
            404              0.0000   2.059518e+00         1.0174
            405              0.0000   2.027415e+00         0.9844
            406              0.0000   1.982857e+00         0.9780
            407              0.0000   1.946347e+00         0.9816
            408              0.0000   1.911162e+00         0.9819
            409              0.0000   1.855835e+00         0.9711
            410              0.0000   1.799677e+00         0.9697
            411              0.0000   1.823523e+00         1.0133
            412              0.0000   1.859749e+00         1.0199
            413              0.0000   1.782698e+00         0.9586
            414              0.0000   1.697427e+00         0.9522
            415              0.0000   1.650686e+00         0.9725
            416              0.0000   1.664771e+00         1.0085
            417              0.0000   1.597334e+00         0.9595
            418              0.0000   1.568994e+00         0.9823
            419              0.0000   1.556562e+00         0.9921
            420              0.0000   1.530460e+00         0.9832
            421              0.0000   1.486562e+00         0.9713
            422              0.0000   1.432061e+00         0.9633
            423              0.0000   1.405906e+00         0.9817
            424              0.0000   1.404153e+00         0.9988
            425              0.0000   1.355718e+00         0.9655
            426              0.0000   1.331046e+00         0.9818
            427              0.0000   1.346082e+00         1.0113
            428              0.0000   1.327688e+00         0.9863
            429              0.0000   1.251572e+00         0.9427
            430              0.0000   1.209909e+00         0.9667
            431              0.0000   1.194746e+00         0.9875
            432              0.0000   1.173965e+00         0.9826
            433              0.0000   1.138579e+00         0.9699
            434              0.0000   1.111042e+00         0.9758
            435              0.0000   1.070058e+00         0.9631
            436              0.0000   1.025306e+00         0.9582
            437              0.0000   9.938188e-01         0.9693
            438              0.0000   1.002505e+00         1.0087
            439              0.0000   9.990757e-01         0.9966
            440              0.0000   9.408306e-01         0.9417
            441              0.0000   8.960245e-01         0.9524
            442              0.0000   8.829362e-01         0.9854
            443              0.0000   8.475182e-01         0.9599
            444              0.0000   8.086340e-01         0.9541
            445              0.0000   7.989004e-01         0.9880
            446              0.0000   8.047114e-01         1.0073
            447              0.0000   8.048295e-01         1.0001
            448              0.0000   7.937752e-01         0.9863
            449              0.0000   8.251308e-01         1.0395
            450              0.0000   8.134924e-01         0.9859
            451              0.0000   7.910515e-01         0.9724
            452              0.0000   7.758547e-01         0.9808
            453              0.0000   7.852843e-01         1.0122
            454              0.0000   8.123089e-01         1.0344
            455              0.0000   8.015422e-01         0.9867
            456              0.0000   8.096921e-01         1.0102
            457              0.0000   8.279470e-01         1.0225
            458              0.0000   8.181883e-01         0.9882
            459              0.0000   8.129726e-01         0.9936
            460              0.0000   8.363410e-01         1.0287
            461              0.0000   8.340701e-01         0.9973
            462              0.0000   8.021692e-01         0.9618
            463              0.0000   8.048898e-01         1.0034
            464              0.0000   8.235914e-01         1.0232
            465              0.0000   8.281623e-01         1.0055
            466              0.0000   8.256755e-01         0.9970
            467              0.0000   8.337922e-01         1.0098
            468              0.0000   8.361914e-01         1.0029
            469              0.0000   8.446476e-01         1.0101
            470              0.0000   8.631279e-01         1.0219
            471              0.0000   8.719417e-01         1.0102
            472              0.0000   8.563212e-01         0.9821
            473              0.0000   8.699432e-01         1.0159
            474              0.0000   8.892130e-01         1.0222
            475              0.0000   8.958950e-01         1.0075
            476              0.0000   8.840482e-01         0.9868
            477              0.0000   9.197833e-01         1.0404
            478              0.0000   9.498576e-01         1.0327
            479              0.0000   9.307389e-01         0.9799
            480              0.0000   9.701348e-01         1.0423
            481              0.0000   1.019453e+00         1.0508
            482              0.0000   1.030140e+00         1.0105
            483              0.0000   1.022964e+00         0.9930
            484              0.0000   1.027677e+00         1.0046
            485              0.0000   1.053057e+00         1.0247
            486              0.0000   1.031990e+00         0.9800
            487              0.0000   1.015157e+00         0.9837
            488              0.0000   1.047660e+00         1.0320
            489              0.0000   1.093672e+00         1.0439
            490              0.0000   1.099491e+00         1.0053
            491              0.0000   1.115581e+00         1.0146
            492              0.0000   1.142937e+00         1.0245
            493              0.0000   1.144566e+00         1.0014
            494              0.0000   1.122314e+00         0.9806
            495              0.0000   1.172248e+00         1.0445
            496              0.0000   1.192286e+00         1.0171
            497              0.0000   1.179129e+00         0.9890
            498              0.0000   1.205889e+00         1.0227
            499              0.0000   1.218512e+00         1.0105
            500              0.0000   1.190148e+00         0.9767
            501              0.0000   1.203380e+00         1.0111
            502              0.0000   1.258902e+00         1.0461
            503              0.0000   1.271877e+00         1.0103
            504              0.0000   1.236522e+00         0.9722
            505              0.0000   1.289896e+00         1.0432
            506              0.0000   1.304035e+00         1.0110
            507              0.0000   1.322804e+00         1.0144
            508              0.0000   1.317899e+00         0.9963
            509              0.0000   1.357894e+00         1.0303
            510              0.0000   1.339094e+00         0.9862
            511              0.0000   1.346755e+00         1.0057
            512              0.0000   1.373001e+00         1.0195
            513              0.0000   1.397529e+00         1.0179
            514              0.0000   1.410916e+00         1.0096
            515              0.0000   1.437535e+00         1.0189
            516              0.0000   1.452676e+00         1.0105
            517              0.0000   1.427026e+00         0.9823
            518              0.0000   1.451283e+00         1.0170
            519              0.0000   1.499618e+00         1.0333
            520              0.0000   1.493165e+00         0.9957
            521              0.0000   1.502925e+00         1.0065
            522              0.0000   1.513219e+00         1.0068
            523              0.0000   1.510448e+00         0.9982
            524              0.0000   1.548217e+00         1.0250
            525              0.0000   1.592083e+00         1.0283
            526              0.0000   1.597532e+00         1.0034
            527              0.0000   1.565325e+00         0.9798
            528              0.0000   1.576727e+00         1.0073
            529              0.0000   1.625549e+00         1.0310
            530              0.0000   1.611068e+00         0.9911
            531              0.0000   1.591931e+00         0.9881
            532              0.0000   1.604853e+00         1.0081
            533              0.0000   1.620620e+00         1.0098
            534              0.0000   1.614107e+00         0.9960
            535              0.0000   1.667704e+00         1.0332
            536              0.0000   1.670751e+00         1.0018
            537              0.0000   1.617740e+00         0.9683
            538              0.0000   1.602251e+00         0.9904
            539              0.0000   1.649519e+00         1.0295
            540              0.0000   1.645013e+00         0.9973
            541              0.0000   1.651395e+00         1.0039
            542              0.0000   1.620572e+00         0.9813
            543              0.0000   1.601961e+00         0.9885
            544              0.0000   1.558655e+00         0.9730
            545              0.0000   1.583518e+00         1.0160
            546              0.0000   1.589850e+00         1.0040
            547              0.0000   1.537178e+00         0.9669
            548              0.0000   1.510189e+00         0.9824
            549              0.0000   1.509992e+00         0.9999
            550              0.0000   1.471737e+00         0.9747
            551              0.0000   1.448757e+00         0.9844
            552              0.0000   1.422271e+00         0.9817
            553              0.0000   1.415393e+00         0.9952
            554              0.0000   1.360011e+00         0.9609
            555              0.0000   1.335891e+00         0.9823
            556              0.0000   1.289760e+00         0.9655
            557              0.0000   1.233360e+00         0.9563
            558              0.0000   1.227333e+00         0.9951
            559              0.0000   1.204192e+00         0.9811
            560              0.0000   1.170243e+00         0.9718
            561              0.0000   1.117223e+00         0.9547
            562              0.0000   1.092881e+00         0.9782
            563              0.0000   1.055886e+00         0.9661
            564              0.0000   1.016628e+00         0.9628
            565              0.0000   1.008277e+00         0.9918
            566              0.0000   9.910876e-01         0.9830
            567              0.0000   9.803288e-01         0.9891
            568              0.0000   9.692502e-01         0.9887
            569              0.0000   9.603611e-01         0.9908
            570              0.0000   9.362844e-01         0.9749
            571              0.0000   9.555002e-01         1.0205
            572              0.0000   9.682658e-01         1.0134
            573              0.0000   9.558133e-01         0.9871
            574              0.0000   9.739728e-01         1.0190
            575              0.0000   9.804301e-01         1.0066
            576              0.0000   9.945148e-01         1.0144
            577              0.0000   1.021718e+00         1.0274
            578              0.0000   9.912575e-01         0.9702
            579              0.0000   1.005255e+00         1.0141
            580              0.0000   1.018548e+00         1.0132
            581              0.0000   1.059420e+00         1.0401
            582              0.0000   1.073650e+00         1.0134
            583              0.0000   1.069152e+00         0.9958
            584              0.0000   1.068943e+00         0.9998
            585              0.0000   1.075471e+00         1.0061
            586              0.0000   1.116593e+00         1.0382
            587              0.0000   1.135146e+00         1.0166
            588              0.0000   1.154998e+00         1.0175
            589              0.0000   1.181487e+00         1.0229
            590              0.0000   1.212953e+00         1.0266
            591              0.0000   1.265457e+00         1.0433
            592              0.0000   1.261329e+00         0.9967
            593              0.0000   1.302624e+00         1.0327
            594              0.0000   1.324418e+00         1.0167
            595              0.0000   1.350845e+00         1.0200
            596              0.0000   1.359192e+00         1.0062
            597              0.0000   1.350930e+00         0.9939
            598              0.0000   1.334943e+00         0.9882
            599              0.0000   1.350289e+00         1.0115
            600              0.0000   1.381601e+00         1.0232
            601              0.0000   1.395388e+00         1.0100
            602              0.0000   1.402065e+00         1.0048
            603              0.0000   1.460982e+00         1.0420
            604              0.0000   1.466921e+00         1.0041
            605              0.0000   1.466892e+00         1.0000
            606              0.0000   1.457416e+00         0.9935
            607              0.0000   1.454286e+00         0.9979
            608              0.0000   1.473127e+00         1.0130
            609              0.0000   1.499372e+00         1.0178
            610              0.0000   1.510182e+00         1.0072
            611              0.0000   1.477426e+00         0.9783
            612              0.0000   1.500710e+00         1.0158
            613              0.0000   1.510850e+00         1.0068
            614              0.0000   1.524525e+00         1.0091
            615              0.0000   1.539495e+00         1.0098
            616              0.0000   1.511798e+00         0.9820
            617              0.0000   1.529418e+00         1.0117
            618              0.0000   1.531261e+00         1.0012
            619              0.0000   1.557359e+00         1.0170
            620              0.0000   1.572923e+00         1.0100
            621              0.0000   1.558356e+00         0.9907
            622              0.0000   1.568401e+00         1.0064
            623              0.0000   1.567851e+00         0.9996
            624              0.0000   1.590818e+00         1.0146
            625              0.0000   1.612101e+00         1.0134
            626              0.0000   1.584218e+00         0.9827
            627              0.0000   1.559926e+00         0.9847
            628              0.0000   1.557770e+00         0.9986
            629              0.0000   1.569122e+00         1.0073
            630              0.0000   1.550956e+00         0.9884
            631              0.0000   1.529811e+00         0.9864
            632              0.0000   1.534692e+00         1.0032
            633              0.0000   1.516612e+00         0.9882
            634              0.0000   1.507493e+00         0.9940
            635              0.0000   1.527963e+00         1.0136
            636              0.0000   1.483044e+00         0.9706
            637              0.0000   1.447234e+00         0.9759
            638              0.0000   1.445206e+00         0.9986
            639              0.0000   1.446250e+00         1.0007
            640              0.0000   1.404287e+00         0.9710
            641              0.0000   1.376037e+00         0.9799
            642              0.0000   1.340792e+00         0.9744
            643              0.0000   1.372041e+00         1.0233
            644              0.0000   1.384675e+00         1.0092
            645              0.0000   1.360708e+00         0.9827
            646              0.0000   1.327656e+00         0.9757
            647              0.0000   1.333193e+00         1.0042
            648              0.0000   1.341034e+00         1.0059
            649              0.0000   1.349829e+00         1.0066
            650              0.0000   1.344042e+00         0.9957
            651              0.0000   1.362094e+00         1.0134
            652              0.0000   1.347746e+00         0.9895
            653              0.0000   1.338124e+00         0.9929
            654              0.0000   1.310028e+00         0.9790
            655              0.0000   1.290025e+00         0.9847
            656              0.0000   1.245950e+00         0.9658
            657              0.0000   1.224637e+00         0.9829
            658              0.0000   1.222461e+00         0.9982
            659              0.0000   1.238318e+00         1.0130
            660              0.0000   1.223975e+00         0.9884
            661              0.0000   1.201785e+00         0.9819
            662              0.0000   1.197303e+00         0.9963
            663              0.0000   1.189994e+00         0.9939
            664              0.0000   1.196609e+00         1.0056
            665              0.0000   1.209322e+00         1.0106
            666              0.0000   1.207391e+00         0.9984
            667              0.0000   1.164879e+00         0.9648
            668              0.0000   1.156636e+00         0.9929
            669              0.0000   1.153680e+00         0.9974
            670              0.0000   1.143128e+00         0.9909
            671              0.0000   1.110864e+00         0.9718
            672              0.0000   1.105814e+00         0.9955
            673              0.0000   1.125294e+00         1.0176
            674              0.0000   1.118141e+00         0.9936
            675              0.0000   1.121745e+00         1.0032
            676              0.0000   1.113728e+00         0.9929
            677              0.0000   1.114010e+00         1.0003
            678              0.0000   1.126270e+00         1.0110
            679              0.0000   1.135685e+00         1.0084
            680              0.0000   1.124166e+00         0.9899
            681              0.0000   1.138457e+00         1.0127
            682              0.0000   1.159144e+00         1.0182
            683              0.0000   1.150499e+00         0.9925
            684              0.0000   1.156224e+00         1.0050
            685              0.0000   1.170355e+00         1.0122
            686              0.0000   1.160775e+00         0.9918
            687              0.0000   1.188271e+00         1.0237
            688              0.0000   1.187082e+00         0.9990
            689              0.0000   1.176534e+00         0.9911
            690              0.0000   1.157968e+00         0.9842
            691              0.0000   1.178666e+00         1.0179
            692              0.0000   1.173526e+00         0.9956
            693              0.0000   1.167146e+00         0.9946
            694              0.0000   1.158797e+00         0.9928
            695              0.0000   1.174839e+00         1.0138
            696              0.0000   1.172312e+00         0.9978
            697              0.0000   1.172826e+00         1.0004
            698              0.0000   1.154817e+00         0.9846
            699              0.0000   1.155040e+00         1.0002
            700              0.0000   1.136945e+00         0.9843
            701              0.0000   1.151703e+00         1.0130
            702              0.0000   1.141938e+00         0.9915
            703              0.0000   1.133154e+00         0.9923
            704              0.0000   1.119807e+00         0.9882
            705              0.0000   1.115243e+00         0.9959
            706              0.0000   1.109076e+00         0.9945
            707              0.0000   1.100820e+00         0.9926
            708              0.0000   1.099988e+00         0.9992
            709              0.0000   1.091294e+00         0.9921
            710              0.0000   1.100753e+00         1.0087
            711              0.0000   1.073417e+00         0.9752
            712              0.0000   1.042745e+00         0.9714
            713              0.0000   1.024515e+00         0.9825
            714              0.0000   1.018057e+00         0.9937
            715              0.0000   9.932557e-01         0.9756
            716              0.0000   9.810408e-01         0.9877
            717              0.0000   9.598448e-01         0.9784
            718              0.0000   9.817902e-01         1.0229
            719              0.0000   9.450043e-01         0.9625
            720              0.0000   9.156076e-01         0.9689
            721              0.0000   9.063071e-01         0.9898
            722              0.0000   8.934046e-01         0.9858
            723              0.0000   8.700526e-01         0.9739
            724              0.0000   8.395836e-01         0.9650
            725              0.0000   8.144019e-01         0.9700
            726              0.0000   7.886096e-01         0.9683
            727              0.0000   7.843898e-01         0.9946
            728              0.0000   7.763728e-01         0.9898
            729              0.0000   7.695142e-01         0.9912
            730              0.0000   7.693969e-01         0.9998
            731              0.0000   7.566907e-01         0.9835
            732              0.0000   7.506666e-01         0.9920
            733              0.0000   7.444723e-01         0.9917
            734              0.0000   7.353034e-01         0.9877
            735              0.0000   7.256664e-01         0.9869
            736              0.0000   7.119998e-01         0.9812
            737              0.0000   7.159366e-01         1.0055
            738              0.0000   7.102164e-01         0.9920
            739              0.0000   6.994472e-01         0.9848
            740              0.0000   6.944255e-01         0.9928
            741              0.0000   7.004149e-01         1.0086
            742              0.0000   7.087128e-01         1.0118
            743              0.0000   7.195996e-01         1.0154
            744              0.0000   7.192190e-01         0.9995
            745              0.0000   7.255460e-01         1.0088
            746              0.0000   7.292213e-01         1.0051
            747              0.0000   7.247627e-01         0.9939
            748              0.0000   7.268853e-01         1.0029
            749              0.0000   7.370706e-01         1.0140
            750              0.0000   7.487806e-01         1.0159
            751              0.0000   7.416255e-01         0.9904
            752              0.0000   7.449803e-01         1.0045
            753              0.0000   7.477622e-01         1.0037
            754              0.0000   7.612312e-01         1.0180
            755              0.0000   7.877663e-01         1.0349
            756              0.0000   7.945858e-01         1.0087
            757              0.0000   7.849497e-01         0.9879
            758              0.0000   7.889924e-01         1.0052
            759              0.0000   7.951012e-01         1.0077
            760              0.0000   8.050514e-01         1.0125
            761              0.0000   7.984768e-01         0.9918
            762              0.0000   8.151670e-01         1.0209
            763              0.0000   8.131543e-01         0.9975
            764              0.0000   8.273874e-01         1.0175
            765              0.0000   8.240446e-01         0.9960
            766              0.0000   8.224685e-01         0.9981
            767              0.0000   8.305827e-01         1.0099
            768              0.0000   8.463232e-01         1.0190
            769              0.0000   8.285563e-01         0.9790
            770              0.0000   8.261971e-01         0.9972
            771              0.0000   8.186066e-01         0.9908
            772              0.0000   8.000509e-01         0.9773
            773              0.0000   8.008203e-01         1.0010
            774              0.0000   7.822197e-01         0.9768
            775              0.0000   7.800569e-01         0.9972
            776              0.0000   7.741601e-01         0.9924
            777              0.0000   7.583312e-01         0.9796
            778              0.0000   7.497360e-01         0.9887
            779              0.0000   7.457277e-01         0.9947
            780              0.0000   7.370808e-01         0.9884
            781              0.0000   7.300286e-01         0.9904
            782              0.0000   7.193363e-01         0.9854
            783              0.0000   6.969758e-01         0.9689
            784              0.0000   6.864549e-01         0.9849
            785              0.0000   6.848450e-01         0.9977
            786              0.0000   6.663355e-01         0.9730
            787              0.0000   6.504455e-01         0.9762
            788              0.0000   6.396817e-01         0.9835
            789              0.0000   6.372659e-01         0.9962
            790              0.0000   6.303943e-01         0.9892
            791              0.0000   6.197080e-01         0.9830
            792              0.0000   6.031873e-01         0.9733
            793              0.0000   6.048825e-01         1.0028
            794              0.0000   5.992669e-01         0.9907
            795              0.0000   5.802806e-01         0.9683
            796              0.0000   5.773043e-01         0.9949
            797              0.0000   5.799222e-01         1.0045
            798              0.0000   5.715982e-01         0.9856
            799              0.0000   5.640819e-01         0.9869
            800              0.0000   5.519108e-01         0.9784
            801              0.0000   5.555474e-01         1.0066
            802              0.0000   5.401691e-01         0.9723
            803              0.0000   5.348163e-01         0.9901
            804              0.0000   5.322004e-01         0.9951
            805              0.0000   5.466163e-01         1.0271
            806              0.0000   5.374958e-01         0.9833
            807              0.0000   5.262529e-01         0.9791
            808              0.0000   5.182353e-01         0.9848
            809              0.0000   5.158256e-01         0.9954
            810              0.0000   5.076592e-01         0.9842
            811              0.0000   4.953382e-01         0.9757
            812              0.0000   4.918262e-01         0.9929
            813              0.0000   4.849558e-01         0.9860
            814              0.0000   4.826120e-01         0.9952
            815              0.0000   4.710641e-01         0.9761
            816              0.0000   4.675305e-01         0.9925
            817              0.0000   4.673213e-01         0.9996
            818              0.0000   4.612230e-01         0.9870
            819              0.0000   4.483646e-01         0.9721
            820              0.0000   4.444011e-01         0.9912
            821              0.0000   4.335144e-01         0.9755
            822              0.0000   4.302881e-01         0.9926
            823              0.0000   4.209090e-01         0.9782
            824              0.0000   4.182164e-01         0.9936
            825              0.0000   4.279299e-01         1.0232
            826              0.0000   4.264088e-01         0.9964
            827              0.0000   4.197125e-01         0.9843
            828              0.0000   4.017340e-01         0.9572
            829              0.0000   3.934128e-01         0.9793
            830              0.0000   3.929989e-01         0.9989
            831              0.0000   3.856895e-01         0.9814
            832              0.0000   3.790982e-01         0.9829
            833              0.0000   3.748586e-01         0.9888
            834              0.0000   3.746660e-01         0.9995
            835              0.0000   3.760842e-01         1.0038
            836              0.0000   3.780694e-01         1.0053
            837              0.0000   3.813533e-01         1.0087
            838              0.0000   3.809894e-01         0.9990
            839              0.0000   3.805872e-01         0.9989
            840              0.0000   3.823062e-01         1.0045
            841              0.0000   3.763932e-01         0.9845
            842              0.0000   3.721477e-01         0.9887
            843              0.0000   3.636069e-01         0.9771
            844              0.0000   3.662915e-01         1.0074
            845              0.0000   3.598761e-01         0.9825
            846              0.0000   3.428011e-01         0.9526
            847              0.0000   3.433498e-01         1.0016
            848              0.0000   3.409895e-01         0.9931
            849              0.0000   3.408449e-01         0.9996
            850              0.0000   3.348962e-01         0.9825
            851              0.0000   3.293901e-01         0.9836
            852              0.0000   3.284048e-01         0.9970
            853              0.0000   3.203487e-01         0.9755
            854              0.0000   3.221711e-01         1.0057
            855              0.0000   3.124882e-01         0.9699
            856              0.0000   3.186488e-01         1.0197
            857              0.0000   3.105522e-01         0.9746
            858              0.0000   3.066607e-01         0.9875
            859              0.0000   3.085834e-01         1.0063
            860              0.0000   3.054381e-01         0.9898
            861              0.0000   3.008992e-01         0.9851
            862              0.0000   2.970114e-01         0.9871
            863              0.0000   2.982646e-01         1.0042
            864              0.0000   2.938600e-01         0.9852
            865              0.0000   2.875492e-01         0.9785
            866              0.0000   2.907283e-01         1.0111
            867              0.0000   2.932911e-01         1.0088
            868              0.0000   2.906210e-01         0.9909
            869              0.0000   2.846650e-01         0.9795
            870              0.0000   2.868205e-01         1.0076
            871              0.0000   2.868830e-01         1.0002
            872              0.0000   2.852396e-01         0.9943
            873              0.0000   2.848875e-01         0.9988
            874              0.0000   2.856444e-01         1.0027
            875              0.0000   2.882308e-01         1.0091
            876              0.0000   2.896152e-01         1.0048
            877              0.0000   2.965300e-01         1.0239
            878              0.0000   3.007412e-01         1.0142
            879              0.0000   3.089598e-01         1.0273
            880              0.0000   3.109394e-01         1.0064
            881              0.0000   3.103408e-01         0.9981
            882              0.0000   3.181859e-01         1.0253
            883              0.0000   3.274557e-01         1.0291
            884              0.0000   3.283485e-01         1.0027
            885              0.0000   3.338226e-01         1.0167
            886              0.0000   3.429860e-01         1.0274
            887              0.0000   3.523145e-01         1.0272
            888              0.0000   3.590352e-01         1.0191
            889              0.0000   3.678398e-01         1.0245
            890              0.0000   3.849391e-01         1.0465
            891              0.0000   3.890175e-01         1.0106
            892              0.0000   4.000962e-01         1.0285
            893              0.0000   4.108862e-01         1.0270
            894              0.0000   4.182513e-01         1.0179
            895              0.0000   4.276103e-01         1.0224
            896              0.0000   4.387195e-01         1.0260
            897              0.0000   4.512738e-01         1.0286
            898              0.0000   4.570986e-01         1.0129
            899              0.0000   4.691940e-01         1.0265
            900              0.0000   4.707148e-01         1.0032
            901              0.0000   4.896990e-01         1.0403
            902              0.0000   5.017457e-01         1.0246
            903              0.0000   4.988005e-01         0.9941
            904              0.0000   5.127583e-01         1.0280
            905              0.0000   5.252731e-01         1.0244
            906              0.0000   5.235252e-01         0.9967
            907              0.0000   5.381680e-01         1.0280
            908              0.0000   5.344802e-01         0.9931
            909              0.0000   5.471861e-01         1.0238
            910              0.0000   5.523844e-01         1.0095
            911              0.0000   5.612415e-01         1.0160
            912              0.0000   5.652906e-01         1.0072
            913              0.0000   5.649019e-01         0.9993
            914              0.0000   5.728302e-01         1.0140
            915              0.0000   5.923660e-01         1.0341
            916              0.0000   5.979656e-01         1.0095
            917              0.0000   5.984567e-01         1.0008
            918              0.0000   6.247741e-01         1.0440
            919              0.0000   6.291446e-01         1.0070
            920              0.0000   6.282695e-01         0.9986
            921              0.0000   6.383716e-01         1.0161
            922              0.0000   6.462314e-01         1.0123
            923              0.0000   6.519447e-01         1.0088
            924              0.0000   6.522929e-01         1.0005
            925              0.0000   6.661852e-01         1.0213
            926              0.0000   6.647811e-01         0.9979
            927              0.0000   6.647014e-01         0.9999
            928              0.0000   6.640415e-01         0.9990
            929              0.0000   6.774339e-01         1.0202
            930              0.0000   6.809921e-01         1.0053
            931              0.0000   6.807575e-01         0.9997
            932              0.0000   6.880944e-01         1.0108
            933              0.0000   7.075450e-01         1.0283
            934              0.0000   7.058636e-01         0.9976
            935              0.0000   7.078712e-01         1.0028
            936              0.0000   7.303646e-01         1.0318
            937              0.0000   7.398307e-01         1.0130
            938              0.0000   7.377097e-01         0.9971
            939              0.0000   7.517755e-01         1.0191
            940              0.0000   7.427098e-01         0.9879
            941              0.0000   7.270875e-01         0.9790
            942              0.0000   7.303273e-01         1.0045
            943              0.0000   7.465035e-01         1.0221
            944              0.0000   7.584267e-01         1.0160
            945              0.0000   7.728253e-01         1.0190
            946              0.0000   7.675345e-01         0.9932
            947              0.0000   7.903818e-01         1.0298
            948              0.0000   7.920960e-01         1.0022
            949              0.0000   8.057765e-01         1.0173
            950              0.0000   8.184079e-01         1.0157
            951              0.0000   8.289923e-01         1.0129
            952              0.0000   8.387550e-01         1.0118
            953              0.0000   8.397495e-01         1.0012
            954              0.0000   8.444242e-01         1.0056
            955              0.0000   8.549568e-01         1.0125
            956              0.0000   8.488853e-01         0.9929
            957              0.0000   8.488633e-01         1.0000
            958              0.0000   8.581730e-01         1.0110
            959              0.0000   8.455886e-01         0.9853
            960              0.0000   8.410277e-01         0.9946
            961              0.0000   8.419340e-01         1.0011
            962              0.0000   8.365150e-01         0.9936
            963              0.0000   8.270682e-01         0.9887
            964              0.0000   8.278062e-01         1.0009
            965              0.0000   8.353409e-01         1.0091
            966              0.0000   8.276321e-01         0.9908
            967              0.0000   8.319486e-01         1.0052
            968              0.0000   8.456742e-01         1.0165
            969              0.0000   8.425537e-01         0.9963
            970              0.0000   8.479966e-01         1.0065
            971              0.0000   8.493885e-01         1.0016
            972              0.0000   8.546699e-01         1.0062
            973              0.0000   8.736496e-01         1.0222
            974              0.0000   8.840674e-01         1.0119
            975              0.0000   8.783075e-01         0.9935
            976              0.0000   8.758541e-01         0.9972
            977              0.0000   8.848526e-01         1.0103
            978              0.0000   8.883204e-01         1.0039
            979              0.0000   8.823821e-01         0.9933
            980              0.0000   8.804303e-01         0.9978
            981              0.0000   8.875465e-01         1.0081
            982              0.0000   8.795634e-01         0.9910
            983              0.0000   8.600563e-01         0.9778
            984              0.0000   8.488349e-01         0.9870
            985              0.0000   8.576203e-01         1.0103
            986              0.0000   8.465284e-01         0.9871
            987              0.0000   8.245639e-01         0.9741
            988              0.0000   8.128151e-01         0.9858
            989              0.0000   8.148448e-01         1.0025
            990              0.0000   7.947434e-01         0.9753
            991              0.0000   7.838015e-01         0.9862
            992              0.0000   7.825458e-01         0.9984
            993              0.0000   7.741886e-01         0.9893
            994              0.0000   7.475996e-01         0.9657
            995              0.0000   7.269854e-01         0.9724
            996              0.0000   7.038991e-01         0.9682
            997              0.0000   6.812894e-01         0.9679
            998              0.0000   6.677195e-01         0.9801
            999              0.0000   6.649881e-01         0.9959
           1000              0.0000   6.472204e-01         0.9733
           1001              0.0000   6.327676e-01         0.9777
           1002              0.0000   6.193334e-01         0.9788
           1003              0.0000   6.066322e-01         0.9795
           1004              0.0000   5.837837e-01         0.9623
           1005              0.0000   5.771988e-01         0.9887
           1006              0.0000   5.699047e-01         0.9874
           1007              0.0000   5.566623e-01         0.9768
           1008              0.0000   5.391268e-01         0.9685
           1009              0.0000   5.284359e-01         0.9802
           1010              0.0000   5.106799e-01         0.9664
           1011              0.0000   5.114469e-01         1.0015
           1012              0.0000   4.935497e-01         0.9650
           1013              0.0000   4.845396e-01         0.9817
           1014              0.0000   4.747279e-01         0.9798
           1015              0.0000   4.728698e-01         0.9961
           1016              0.0000   4.599266e-01         0.9726
           1017              0.0000   4.484709e-01         0.9751
           1018              0.0000   4.445285e-01         0.9912
           1019              0.0000   4.393638e-01         0.9884
           1020              0.0000   4.286044e-01         0.9755
           1021              0.0000   4.234937e-01         0.9881
           1022              0.0000   4.174686e-01         0.9858
           1023              0.0000   4.152830e-01         0.9948
           1024              0.0000   4.080171e-01         0.9825
           1025              0.0000   3.990216e-01         0.9780
           1026              0.0000   3.925166e-01         0.9837
           1027              0.0000   3.859111e-01         0.9832
           1028              0.0000   3.704012e-01         0.9598
           1029              0.0000   3.681421e-01         0.9939
           1030              0.0000   3.604126e-01         0.9790
           1031              0.0000   3.472298e-01         0.9634
           1032              0.0000   3.421889e-01         0.9855
           1033              0.0000   3.339130e-01         0.9758
           1034              0.0000   3.237125e-01         0.9695
           1035              0.0000   3.183377e-01         0.9834
           1036              0.0000   3.112091e-01         0.9776
           1037              0.0000   3.010355e-01         0.9673
           1038              0.0000   2.927335e-01         0.9724
           1039              0.0000   2.858254e-01         0.9764
           1040              0.0000   2.762421e-01         0.9665
           1041              0.0000   2.681930e-01         0.9709
           1042              0.0000   2.612626e-01         0.9742
           1043              0.0000   2.512679e-01         0.9617
           1044              0.0000   2.424591e-01         0.9649
           1045              0.0000   2.359245e-01         0.9730
           1046              0.0000   2.329725e-01         0.9875
           1047              0.0000   2.252371e-01         0.9668
           1048              0.0000   2.217917e-01         0.9847
           1049              0.0000   2.181559e-01         0.9836
           1050              0.0000   2.181020e-01         0.9998
           1051              0.0000   2.123903e-01         0.9738
           1052              0.0000   2.111588e-01         0.9942
           1053              0.0000   2.127562e-01         1.0076
           1054              0.0000   2.094468e-01         0.9844
           1055              0.0000   2.037245e-01         0.9727
           1056              0.0000   1.987835e-01         0.9757
           1057              0.0000   1.954393e-01         0.9832
           1058              0.0000   1.893547e-01         0.9689
           1059              0.0000   1.833177e-01         0.9681
           1060              0.0000   1.761608e-01         0.9610
           1061              0.0000   1.725952e-01         0.9798
           1062              0.0000   1.673329e-01         0.9695
           1063              0.0000   1.644529e-01         0.9828
           1064              0.0000   1.565378e-01         0.9519
           1065              0.0000   1.520356e-01         0.9712
           1066              0.0000   1.511523e-01         0.9942
           1067              0.0000   1.472466e-01         0.9742
           1068              0.0000   1.439358e-01         0.9775
           1069              0.0000   1.435446e-01         0.9973
           1070              0.0000   1.395378e-01         0.9721
           1071              0.0000   1.380260e-01         0.9892
           1072              0.0000   1.366576e-01         0.9901
           1073              0.0000   1.337739e-01         0.9789
           1074              0.0000   1.297664e-01         0.9700
           1075              0.0000   1.286444e-01         0.9914
           1076              0.0000   1.281153e-01         0.9959
           1077              0.0000   1.260122e-01         0.9836
           1078              0.0000   1.242756e-01         0.9862
           1079              0.0000   1.248795e-01         1.0049
           1080              0.0000   1.249982e-01         1.0010
           1081              0.0000   1.236552e-01         0.9893
           1082              0.0000   1.212579e-01         0.9806
           1083              0.0000   1.178997e-01         0.9723
           1084              0.0000   1.169125e-01         0.9916
           1085              0.0000   1.134252e-01         0.9702
           1086              0.0000   1.125305e-01         0.9921
           1087              0.0000   1.096719e-01         0.9746
           1088              0.0000   1.059411e-01         0.9660
           1089              0.0000   1.036999e-01         0.9788
           1090              0.0000   1.022754e-01         0.9863
           1091              0.0000   1.010260e-01         0.9878
           1092              0.0000   9.893695e-02         0.9793
           1093              0.0000   9.677863e-02         0.9782
           1094              0.0000   9.457225e-02         0.9772
           1095              0.0000   9.256811e-02         0.9788
           1096              0.0000   9.228593e-02         0.9970
           1097              0.0000   8.895703e-02         0.9639
           1098              0.0000   8.897809e-02         1.0002
           1099              0.0000   8.617646e-02         0.9685
           1100              0.0000   8.408501e-02         0.9757
           1101              0.0000   8.254759e-02         0.9817
           1102              0.0000   8.112812e-02         0.9828
           1103              0.0000   7.903223e-02         0.9742
           1104              0.0000   7.690516e-02         0.9731
           1105              0.0000   7.534167e-02         0.9797
           1106              0.0000   7.360556e-02         0.9770
           1107              0.0000   7.198872e-02         0.9780
           1108              0.0000   7.022490e-02         0.9755
           1109              0.0000   6.956159e-02         0.9906
           1110              0.0000   6.911340e-02         0.9936
           1111              0.0000   6.930236e-02         1.0027
           1112              0.0000   6.822076e-02         0.9844
           1113              0.0000   6.611398e-02         0.9691
           1114              0.0000   6.416065e-02         0.9705
           1115              0.0000   6.291574e-02         0.9806
           1116              0.0000   6.234860e-02         0.9910
           1117              0.0000   6.059072e-02         0.9718
           1118              0.0000   6.012680e-02         0.9923
           1119              0.0000   5.872051e-02         0.9766
           1120              0.0000   5.924341e-02         1.0089
           1121              0.0000   5.837284e-02         0.9853
           1122              0.0000   5.723347e-02         0.9805
           1123              0.0000   5.621594e-02         0.9822
           1124              0.0000   5.595056e-02         0.9953
           1125              0.0000   5.426006e-02         0.9698
           1126              0.0000   5.385604e-02         0.9926
           1127              0.0000   5.283263e-02         0.9810
           1128              0.0000   5.208242e-02         0.9858
           1129              0.0000   5.105912e-02         0.9804
           1130              0.0000   5.039809e-02         0.9871
           1131              0.0000   5.000527e-02         0.9922
           1132              0.0000   4.958597e-02         0.9916
           1133              0.0000   4.849814e-02         0.9781
           1134              0.0000   4.777203e-02         0.9850
           1135              0.0000   4.787985e-02         1.0023
           1136              0.0000   4.774386e-02         0.9972
           1137              0.0000   4.721041e-02         0.9888
           1138              0.0000   4.729280e-02         1.0017
           1139              0.0000   4.742988e-02         1.0029
           1140              0.0000   4.680428e-02         0.9868
           1141              0.0000   4.643288e-02         0.9921
           1142              0.0000   4.567557e-02         0.9837
           1143              0.0000   4.608000e-02         1.0089
           1144              0.0000   4.479714e-02         0.9722
           1145              0.0000   4.463292e-02         0.9963
           1146              0.0000   4.492619e-02         1.0066
           1147              0.0000   4.488406e-02         0.9991
           1148              0.0000   4.534763e-02         1.0103
           1149              0.0000   4.469422e-02         0.9856
           1150              0.0000   4.512291e-02         1.0096
           1151              0.0000   4.581768e-02         1.0154
           1152              0.0000   4.593315e-02         1.0025
           1153              0.0000   4.605694e-02         1.0027
           1154              0.0000   4.608370e-02         1.0006
           1155              0.0000   4.653288e-02         1.0097
           1156              0.0000   4.736286e-02         1.0178
           1157              0.0000   4.780662e-02         1.0094
           1158              0.0000   4.781224e-02         1.0001
           1159              0.0000   4.789123e-02         1.0017
           1160              0.0000   4.841913e-02         1.0110
           1161              0.0000   4.876684e-02         1.0072
           1162              0.0000   4.918399e-02         1.0086
           1163              0.0000   4.937772e-02         1.0039
           1164              0.0000   4.977763e-02         1.0081
           1165              0.0000   5.003569e-02         1.0052
           1166              0.0000   5.018024e-02         1.0029
           1167              0.0000   5.000681e-02         0.9965
           1168              0.0000   4.937796e-02         0.9874
           1169              0.0000   4.968278e-02         1.0062
           1170              0.0000   4.995794e-02         1.0055
           1171              0.0000   5.018612e-02         1.0046
           1172              0.0000   5.072872e-02         1.0108
           1173              0.0000   4.961943e-02         0.9781
           1174              0.0000   5.015503e-02         1.0108
           1175              0.0000   5.032221e-02         1.0033
           1176              0.0000   5.049482e-02         1.0034
           1177              0.0000   5.045184e-02         0.9991
           1178              0.0000   5.059288e-02         1.0028
           1179              0.0000   5.090051e-02         1.0061
           1180              0.0000   5.036915e-02         0.9896
           1181              0.0000   5.008508e-02         0.9944
           1182              0.0000   4.996442e-02         0.9976
           1183              0.0000   4.932191e-02         0.9871
           1184              0.0000   4.893496e-02         0.9922
           1185              0.0000   4.812713e-02         0.9835
           1186              0.0000   4.764967e-02         0.9901
           1187              0.0000   4.755012e-02         0.9979
           1188              0.0000   4.748438e-02         0.9986
           1189              0.0000   4.610402e-02         0.9709
           1190              0.0000   4.590795e-02         0.9957
           1191              0.0000   4.615142e-02         1.0053
           1192              0.0000   4.603830e-02         0.9975
           1193              0.0000   4.520620e-02         0.9819
           1194              0.0000   4.560837e-02         1.0089
           1195              0.0000   4.584341e-02         1.0052
           1196              0.0000   4.528390e-02         0.9878
           1197              0.0000   4.561793e-02         1.0074
           1198              0.0000   4.541523e-02         0.9956
           1199              0.0000   4.527534e-02         0.9969
           1200              0.0000   4.496106e-02         0.9931
           1201              0.0000   4.471675e-02         0.9946
           1202              0.0000   4.408586e-02         0.9859
           1203              0.0000   4.367646e-02         0.9907
           1204              0.0000   4.310915e-02         0.9870
           1205              0.0000   4.271865e-02         0.9909
           1206              0.0000   4.217692e-02         0.9873
           1207              0.0000   4.214693e-02         0.9993
           1208              0.0000   4.187508e-02         0.9935
           1209              0.0000   4.113385e-02         0.9823
           1210              0.0000   4.045851e-02         0.9836
           1211              0.0000   4.061125e-02         1.0038
           1212              0.0000   4.033264e-02         0.9931
           1213              0.0000   4.046597e-02         1.0033
           1214              0.0000   4.030475e-02         0.9960
           1215              0.0000   3.963202e-02         0.9833
           1216              0.0000   3.983655e-02         1.0052
           1217              0.0000   3.975337e-02         0.9979
           1218              0.0000   3.952538e-02         0.9943
           1219              0.0000   3.932554e-02         0.9949
           1220              0.0000   3.966440e-02         1.0086
           1221              0.0000   3.923809e-02         0.9893
           1222              0.0000   3.869773e-02         0.9862
           1223              0.0000   3.835641e-02         0.9912
           1224              0.0000   3.787093e-02         0.9873
           1225              0.0000   3.710485e-02         0.9798
           1226              0.0000   3.656168e-02         0.9854
           1227              0.0000   3.602030e-02         0.9852
           1228              0.0000   3.523756e-02         0.9783
           1229              0.0000   3.510437e-02         0.9962
           1230              0.0000   3.425619e-02         0.9758
           1231              0.0000   3.375594e-02         0.9854
           1232              0.0000   3.296644e-02         0.9766
           1233              0.0000   3.225357e-02         0.9784
           1234              0.0000   3.191899e-02         0.9896
           1235              0.0000   3.162123e-02         0.9907
           1236              0.0000   3.116233e-02         0.9855
           1237              0.0000   3.093923e-02         0.9928
           1238              0.0000   3.061405e-02         0.9895
           1239              0.0000   3.074947e-02         1.0044
           1240              0.0000   3.050732e-02         0.9921
           1241              0.0000   3.032209e-02         0.9939
           1242              0.0000   3.021685e-02         0.9965
           1243              0.0000   3.036070e-02         1.0048
           1244              0.0000   2.946527e-02         0.9705
           1245              0.0000   2.949682e-02         1.0011
           1246              0.0000   2.947064e-02         0.9991
           1247              0.0000   2.896387e-02         0.9828
           1248              0.0000   2.900702e-02         1.0015
           1249              0.0000   2.861290e-02         0.9864
           1250              0.0000   2.827645e-02         0.9882
           1251              0.0000   2.778941e-02         0.9828
           1252              0.0000   2.743075e-02         0.9871
           1253              0.0000   2.697804e-02         0.9835
           1254              0.0000   2.679141e-02         0.9931
           1255              0.0000   2.631234e-02         0.9821
           1256              0.0000   2.589044e-02         0.9840
           1257              0.0000   2.557175e-02         0.9877
           1258              0.0000   2.492999e-02         0.9749
           1259              0.0000   2.444268e-02         0.9805
           1260              0.0000   2.406146e-02         0.9844
           1261              0.0000   2.357873e-02         0.9799
           1262              0.0000   2.295912e-02         0.9737
           1263              0.0000   2.242130e-02         0.9766
           1264              0.0000   2.199279e-02         0.9809
           1265              0.0000   2.150811e-02         0.9780
           1266              0.0000   2.096996e-02         0.9750
           1267              0.0000   2.050298e-02         0.9777
           1268              0.0000   2.010357e-02         0.9805
           1269              0.0000   1.968128e-02         0.9790
           1270              0.0000   1.910184e-02         0.9706
           1271              0.0000   1.869446e-02         0.9787
           1272              0.0000   1.828696e-02         0.9782
           1273              0.0000   1.788825e-02         0.9782
           1274              0.0000   1.785105e-02         0.9979
           1275              0.0000   1.734666e-02         0.9717
           1276              0.0000   1.703961e-02         0.9823
           1277              0.0000   1.660456e-02         0.9745
           1278              0.0000   1.617047e-02         0.9739
           1279              0.0000   1.575814e-02         0.9745
           1280              0.0000   1.565382e-02         0.9934
           1281              0.0000   1.544082e-02         0.9864
           1282              0.0000   1.507374e-02         0.9762
           1283              0.0000   1.494586e-02         0.9915
           1284              0.0000   1.483418e-02         0.9925
           1285              0.0000   1.474852e-02         0.9942
           1286              0.0000   1.485177e-02         1.0070
           1287              0.0000   1.478023e-02         0.9952
           1288              0.0000   1.498162e-02         1.0136
           1289              0.0000   1.499953e-02         1.0012
           1290              0.0000   1.525811e-02         1.0172
           1291              0.0000   1.539083e-02         1.0087
           1292              0.0000   1.527820e-02         0.9927
           1293              0.0000   1.541168e-02         1.0087
           1294              0.0000   1.561808e-02         1.0134
           1295              0.0000   1.569551e-02         1.0050
           1296              0.0000   1.578723e-02         1.0058
           1297              0.0000   1.590793e-02         1.0076
           1298              0.0000   1.617546e-02         1.0168
           1299              0.0000   1.616762e-02         0.9995
           1300              0.0000   1.598469e-02         0.9887
           1301              0.0000   1.622916e-02         1.0153
           1302              0.0000   1.616821e-02         0.9962
           1303              0.0000   1.644914e-02         1.0174
           1304              0.0000   1.669567e-02         1.0150
           1305              0.0000   1.685625e-02         1.0096
           1306              0.0000   1.745395e-02         1.0355
           1307              0.0000   1.781893e-02         1.0209
           1308              0.0000   1.829045e-02         1.0265
           1309              0.0000   1.894258e-02         1.0357
           1310              0.0000   1.965240e-02         1.0375
           1311              0.0000   2.015213e-02         1.0254
           1312              0.0000   2.101505e-02         1.0428
           1313              0.0000   2.149642e-02         1.0229
           1314              0.0000   2.155741e-02         1.0028
           1315              0.0000   2.216843e-02         1.0283
           1316              0.0000   2.286532e-02         1.0314
           1317              0.0000   2.329809e-02         1.0189
           1318              0.0000   2.364391e-02         1.0148
           1319              0.0000   2.435347e-02         1.0300
           1320              0.0000   2.467621e-02         1.0133
           1321              0.0000   2.524972e-02         1.0232
           1322              0.0000   2.603380e-02         1.0311
           1323              0.0000   2.653741e-02         1.0193
           1324              0.0000   2.692479e-02         1.0146
           1325              0.0000   2.734915e-02         1.0158
           1326              0.0000   2.777955e-02         1.0157
           1327              0.0000   2.774834e-02         0.9989
           1328              0.0000   2.836954e-02         1.0224
           1329              0.0000   2.866838e-02         1.0105
           1330              0.0000   2.913609e-02         1.0163
           1331              0.0000   2.950183e-02         1.0126
           1332              0.0000   2.986462e-02         1.0123
           1333              0.0000   3.050313e-02         1.0214
           1334              0.0000   3.081895e-02         1.0104
           1335              0.0000   3.126265e-02         1.0144
           1336              0.0000   3.150615e-02         1.0078
           1337              0.0000   3.228160e-02         1.0246
           1338              0.0000   3.317730e-02         1.0277
           1339              0.0000   3.376174e-02         1.0176
           1340              0.0000   3.397264e-02         1.0062
           1341              0.0000   3.451459e-02         1.0160
           1342              0.0000   3.542091e-02         1.0263
           1343              0.0000   3.579353e-02         1.0105
           1344              0.0000   3.639788e-02         1.0169
           1345              0.0000   3.741630e-02         1.0280
           1346              0.0000   3.858325e-02         1.0312
           1347              0.0000   3.994965e-02         1.0354
           1348              0.0000   4.045717e-02         1.0127
           1349              0.0000   4.160428e-02         1.0284
           1350              0.0000   4.266572e-02         1.0255
           1351              0.0000   4.481612e-02         1.0504
           1352              0.0000   4.563377e-02         1.0182
           1353              0.0000   4.699763e-02         1.0299
           1354              0.0000   4.858773e-02         1.0338
           1355              0.0000   4.995231e-02         1.0281
           1356              0.0000   5.179514e-02         1.0369
           1357              0.0000   5.341493e-02         1.0313
           1358              0.0000   5.475112e-02         1.0250
           1359              0.0000   5.759430e-02         1.0519
           1360              0.0000   5.822482e-02         1.0109
           1361              0.0000   5.990703e-02         1.0289
           1362              0.0000   6.122629e-02         1.0220
           1363              0.0000   6.271146e-02         1.0243
           1364              0.0000   6.381298e-02         1.0176
           1365              0.0000   6.535090e-02         1.0241
           1366              0.0000   6.592074e-02         1.0087
           1367              0.0000   6.681725e-02         1.0136
           1368              0.0000   6.859308e-02         1.0266
           1369              0.0000   6.836657e-02         0.9967
           1370              0.0000   7.024938e-02         1.0275
           1371              0.0000   7.121144e-02         1.0137
           1372              0.0000   7.238816e-02         1.0165
           1373              0.0000   7.401927e-02         1.0225
           1374              0.0000   7.629484e-02         1.0307
           1375              0.0000   7.788012e-02         1.0208
           1376              0.0000   7.936891e-02         1.0191
           1377              0.0000   8.099571e-02         1.0205
           1378              0.0000   8.301382e-02         1.0249
           1379              0.0000   8.543201e-02         1.0291
           1380              0.0000   8.661968e-02         1.0139
           1381              0.0000   8.880810e-02         1.0253
           1382              0.0000   9.082597e-02         1.0227
           1383              0.0000   9.323787e-02         1.0266
           1384              0.0000   9.480942e-02         1.0169
           1385              0.0000   9.650095e-02         1.0178
           1386              0.0000   9.798385e-02         1.0154
           1387              0.0000   9.999243e-02         1.0205
           1388              0.0000   1.021019e-01         1.0211
           1389              0.0000   1.032467e-01         1.0112
           1390              0.0000   1.047756e-01         1.0148
           1391              0.0000   1.049636e-01         1.0018
           1392              0.0000   1.072446e-01         1.0217
           1393              0.0000   1.086593e-01         1.0132
           1394              0.0000   1.098032e-01         1.0105
           1395              0.0000   1.113174e-01         1.0138
           1396              0.0000   1.108068e-01         0.9954
           1397              0.0000   1.110169e-01         1.0019
           1398              0.0000   1.108653e-01         0.9986
           1399              0.0000   1.105746e-01         0.9974
           1400              0.0000   1.100570e-01         0.9953
           1401              0.0000   1.105345e-01         1.0043
           1402              0.0000   1.108220e-01         1.0026
           1403              0.0000   1.094856e-01         0.9879
           1404              0.0000   1.094712e-01         0.9999
           1405              0.0000   1.084078e-01         0.9903
           1406              0.0000   1.088095e-01         1.0037
           1407              0.0000   1.085193e-01         0.9973
           1408              0.0000   1.096964e-01         1.0108
           1409              0.0000   1.098826e-01         1.0017
           1410              0.0000   1.088563e-01         0.9907
           1411              0.0000   1.099168e-01         1.0097
           1412              0.0000   1.095809e-01         0.9969
           1413              0.0000   1.096540e-01         1.0007
           1414              0.0000   1.090785e-01         0.9948
           1415              0.0000   1.095296e-01         1.0041
           1416              0.0000   1.090893e-01         0.9960
           1417              0.0000   1.087837e-01         0.9972
           1418              0.0000   1.075048e-01         0.9882
           1419              0.0000   1.064780e-01         0.9904
           1420              0.0000   1.049639e-01         0.9858
           1421              0.0000   1.019547e-01         0.9713
           1422              0.0000   9.863034e-02         0.9674
           1423              0.0000   9.679339e-02         0.9814
           1424              0.0000   9.416752e-02         0.9729
           1425              0.0000   9.072267e-02         0.9634
           1426              0.0000   8.875212e-02         0.9783
           1427              0.0000   8.604956e-02         0.9695
           1428              0.0000   8.387082e-02         0.9747
           1429              0.0000   8.165914e-02         0.9736
           1430              0.0000   7.946850e-02         0.9732
           1431              0.0000   7.691162e-02         0.9678
           1432              0.0000   7.431802e-02         0.9663
           1433              0.0000   7.218987e-02         0.9714
           1434              0.0000   7.102054e-02         0.9838
           1435              0.0000   6.902788e-02         0.9719
           1436              0.0000   6.615450e-02         0.9584
           1437              0.0000   6.351190e-02         0.9601
           1438              0.0000   6.096872e-02         0.9600
           1439              0.0000   5.813934e-02         0.9536
           1440              0.0000   5.575069e-02         0.9589
           1441              0.0000   5.322630e-02         0.9547
           1442              0.0000   5.138570e-02         0.9654
           1443              0.0000   4.945239e-02         0.9624
           1444              0.0000   4.837279e-02         0.9782
           1445              0.0000   4.699081e-02         0.9714
           1446              0.0000   4.564913e-02         0.9714
           1447              0.0000   4.364555e-02         0.9561
           1448              0.0000   4.183978e-02         0.9586
           1449              0.0000   4.039568e-02         0.9655
           1450              0.0000   3.917939e-02         0.9699
           1451              0.0000   3.802656e-02         0.9706
           1452              0.0000   3.702502e-02         0.9737
           1453              0.0000   3.625416e-02         0.9792
           1454              0.0000   3.559108e-02         0.9817
           1455              0.0000   3.488311e-02         0.9801
           1456              0.0000   3.448392e-02         0.9886
           1457              0.0000   3.397091e-02         0.9851
           1458              0.0000   3.355108e-02         0.9876
           1459              0.0000   3.313586e-02         0.9876
           1460              0.0000   3.261936e-02         0.9844
           1461              0.0000   3.222123e-02         0.9878
           1462              0.0000   3.169369e-02         0.9836
           1463              0.0000   3.130205e-02         0.9876
           1464              0.0000   3.090435e-02         0.9873
           1465              0.0000   3.082363e-02         0.9974
           1466              0.0000   3.070369e-02         0.9961
           1467              0.0000   3.103916e-02         1.0109
           1468              0.0000   3.081788e-02         0.9929
           1469              0.0000   3.083482e-02         1.0005
           1470              0.0000   3.098238e-02         1.0048
           1471              0.0000   3.077442e-02         0.9933
           1472              0.0000   3.106540e-02         1.0095
           1473              0.0000   3.084467e-02         0.9929
           1474              0.0000   3.104381e-02         1.0065
           1475              0.0000   3.146082e-02         1.0134
           1476              0.0000   3.138592e-02         0.9976
           1477              0.0000   3.136955e-02         0.9995
           1478              0.0000   3.172869e-02         1.0114
           1479              0.0000   3.164992e-02         0.9975
           1480              0.0000   3.157867e-02         0.9977
           1481              0.0000   3.125931e-02         0.9899
           1482              0.0000   3.071849e-02         0.9827
           1483              0.0000   3.035820e-02         0.9883
           1484              0.0000   3.007163e-02         0.9906
           1485              0.0000   2.880066e-02         0.9577
           1486              0.0000   2.884147e-02         1.0014
           1487              0.0000   2.802779e-02         0.9718
           1488              0.0000   2.790266e-02         0.9955
           1489              0.0000   2.740750e-02         0.9823
           1490              0.0000   2.698755e-02         0.9847
           1491              0.0000   2.671294e-02         0.9898
           1492              0.0000   2.637448e-02         0.9873
           1493              0.0000   2.585225e-02         0.9802
           1494              0.0000   2.538503e-02         0.9819
           1495              0.0000   2.499873e-02         0.9848
           1496              0.0000   2.423662e-02         0.9695
           1497              0.0000   2.355910e-02         0.9720
           1498              0.0000   2.285365e-02         0.9701
           1499              0.0000   2.243081e-02         0.9815
           1500              0.0000   2.174555e-02         0.9695
           1501              0.0000   2.142076e-02         0.9851
           1502              0.0000   2.088450e-02         0.9750
           1503              0.0000   1.987345e-02         0.9516
           1504              0.0000   1.908274e-02         0.9602
           1505              0.0000   1.850708e-02         0.9698
           1506              0.0000   1.785150e-02         0.9646
           1507              0.0000   1.735447e-02         0.9722
           1508              0.0000   1.694849e-02         0.9766
           1509              0.0000   1.644714e-02         0.9704
           1510              0.0000   1.592171e-02         0.9681
           1511              0.0000   1.550101e-02         0.9736
           1512              0.0000   1.513058e-02         0.9761
           1513              0.0000   1.452872e-02         0.9602
           1514              0.0000   1.403204e-02         0.9658
           1515              0.0000   1.356512e-02         0.9667
           1516              0.0000   1.324010e-02         0.9760
           1517              0.0000   1.280548e-02         0.9672
           1518              0.0000   1.247157e-02         0.9739
           1519              0.0000   1.209676e-02         0.9699
           1520              0.0000   1.172575e-02         0.9693
           1521              0.0000   1.136853e-02         0.9695
           1522              0.0000   1.101399e-02         0.9688
           1523              0.0000   1.068344e-02         0.9700
           1524              0.0000   1.045347e-02         0.9785
           1525              0.0000   1.012433e-02         0.9685
           1526              0.0000   9.877575e-03         0.9756
           1527              0.0000   9.646844e-03         0.9766
           1528              0.0000   9.412884e-03         0.9757
           1529              0.0000   9.022809e-03         0.9586
           1530              0.0000   8.659184e-03         0.9597
           1531              0.0000   8.426446e-03         0.9731
           1532              0.0000   8.113788e-03         0.9629
           1533              0.0000   7.804604e-03         0.9619
           1534              0.0000   7.607998e-03         0.9748
           1535              0.0000   7.416927e-03         0.9749
           1536              0.0000   7.107002e-03         0.9582
           1537              0.0000   6.794334e-03         0.9560
           1538              0.0000   6.544979e-03         0.9633
           1539              0.0000   6.249987e-03         0.9549
           1540              0.0000   6.036016e-03         0.9658
           1541              0.0000   5.816365e-03         0.9636
           1542              0.0000   5.532354e-03         0.9512
           1543              0.0000   5.329972e-03         0.9634
           1544              0.0000   5.143301e-03         0.9650
           1545              0.0000   4.945682e-03         0.9616
           1546              0.0000   4.843890e-03         0.9794
           1547              0.0000   4.620050e-03         0.9538
           1548              0.0000   4.461470e-03         0.9657
           1549              0.0000   4.352020e-03         0.9755
           1550              0.0000   4.213676e-03         0.9682
           1551              0.0000   4.079887e-03         0.9682
           1552              0.0000   3.918897e-03         0.9605
           1553              0.0000   3.803647e-03         0.9706
           1554              0.0000   3.659469e-03         0.9621
           1555              0.0000   3.519316e-03         0.9617
           1556              0.0000   3.435408e-03         0.9762
           1557              0.0000   3.356997e-03         0.9772
           1558              0.0000   3.278037e-03         0.9765
           1559              0.0000   3.081828e-03         0.9401
           1560              0.0000   2.990993e-03         0.9705
           1561              0.0000   2.851537e-03         0.9534
           1562              0.0000   2.738546e-03         0.9604
           1563              0.0000   2.651706e-03         0.9683
           1564              0.0000   2.545252e-03         0.9599
           1565              0.0000   2.493027e-03         0.9795
           1566              0.0000   2.418486e-03         0.9701
           1567              0.0000   2.346068e-03         0.9701
           1568              0.0000   2.248202e-03         0.9583
           1569              0.0000   2.187154e-03         0.9728
           1570              0.0000   2.114806e-03         0.9669
           1571              0.0000   2.034119e-03         0.9618
           1572              0.0000   1.956420e-03         0.9618
           1573              0.0000   1.904342e-03         0.9734
           1574              0.0000   1.827275e-03         0.9595
           1575              0.0000   1.740641e-03         0.9526
           1576              0.0000   1.666024e-03         0.9571
           1577              0.0000   1.604194e-03         0.9629
           1578              0.0000   1.529711e-03         0.9536
           1579              0.0000   1.455247e-03         0.9513
           1580              0.0000   1.386941e-03         0.9531
           1581              0.0000   1.322729e-03         0.9537
           1582              0.0000   1.258882e-03         0.9517
           1583              0.0000   1.203695e-03         0.9562
           1584              0.0000   1.139965e-03         0.9471
           1585              0.0000   1.097577e-03         0.9628
           1586              0.0000   1.059452e-03         0.9653
           1587              0.0000   1.016232e-03         0.9592
           1588              0.0000   9.810680e-04         0.9654
           1589              0.0000   9.487050e-04         0.9670
           1590              0.0000   9.066438e-04         0.9557
           1591              0.0000   8.723652e-04         0.9622
           1592              0.0000   8.367304e-04         0.9592
           1593              0.0000   8.022260e-04         0.9588
           1594              0.0000   7.616637e-04         0.9494
           1595              0.0000   7.314554e-04         0.9603
           1596              0.0000   6.954179e-04         0.9507
           1597              0.0000   6.584546e-04         0.9468
           1598              0.0000   6.330836e-04         0.9615
           1599              0.0000   5.928062e-04         0.9364
           1600              0.0000   5.720725e-04         0.9650
           1601              0.0000   5.474408e-04         0.9569
           1602              0.0000   5.283941e-04         0.9652
           1603              0.0000   5.015875e-04         0.9493
           1604              0.0000   4.835657e-04         0.9641
           1605              0.0000   4.644937e-04         0.9606
           1606              0.0000   4.371498e-04         0.9411
           1607              0.0000   4.179134e-04         0.9560
           1608              0.0000   4.009675e-04         0.9595
           1609              0.0000   3.795670e-04         0.9466
           1610              0.0000   3.651587e-04         0.9620
           1611              0.0000   3.458728e-04         0.9472
           1612              0.0000   3.294725e-04         0.9526
           1613              0.0000   3.153194e-04         0.9570
           1614              0.0000   3.017562e-04         0.9570
           1615              0.0000   2.908451e-04         0.9638
           1616              0.0000   2.818152e-04         0.9690
           1617              0.0000   2.746388e-04         0.9745
           1618              0.0000   2.663556e-04         0.9698
           1619              0.0000   2.615292e-04         0.9819
           1620              0.0000   2.522065e-04         0.9644
           1621              0.0000   2.405107e-04         0.9536
           1622              0.0000   2.318524e-04         0.9640
           1623              0.0000   2.230546e-04         0.9621
           1624              0.0000   2.134985e-04         0.9572
           1625              0.0000   2.041874e-04         0.9564
           1626              0.0000   1.984649e-04         0.9720
           1627              0.0000   1.911489e-04         0.9631
           1628              0.0000   1.834175e-04         0.9596
           1629              0.0000   1.768274e-04         0.9641
           1630              0.0000   1.714269e-04         0.9695
           1631              0.0000   1.666632e-04         0.9722
           1632              0.0000   1.609329e-04         0.9656
           1633              0.0000   1.554465e-04         0.9659
           1634              0.0000   1.506260e-04         0.9690
           1635              0.0000   1.478386e-04         0.9815
           1636              0.0000   1.429576e-04         0.9670
           1637              0.0000   1.387454e-04         0.9705
           1638              0.0000   1.351875e-04         0.9744
           1639              0.0000   1.295705e-04         0.9585
           1640              0.0000   1.248852e-04         0.9638
           1641              0.0000   1.208545e-04         0.9677
           1642              0.0000   1.159523e-04         0.9594
           1643              0.0000   1.124484e-04         0.9698
           1644              0.0000   1.081034e-04         0.9614
           1645              0.0000   1.042171e-04         0.9641
           1646              0.0000   9.914260e-05         0.9513
           1647              0.0000   9.522832e-05         0.9605
           1648              0.0000   9.090722e-05         0.9546
           1649              0.0000   8.699544e-05         0.9570
           1650              0.0000   8.347847e-05         0.9596
           1651              0.0000   7.953089e-05         0.9527
           1652              0.0000   7.709433e-05         0.9694
           1653              0.0000   7.336645e-05         0.9516
           1654              0.0000   6.999379e-05         0.9540
           1655              0.0000   6.774308e-05         0.9678
           1656              0.0000   6.429805e-05         0.9491
           1657              0.0000   6.159705e-05         0.9580
           1658              0.0000   5.852016e-05         0.9500
           1659              0.0000   5.596080e-05         0.9563
           1660              0.0000   5.325128e-05         0.9516
           1661              0.0000   5.089633e-05         0.9558
           1662              0.0000   4.877121e-05         0.9582
           1663              0.0000   4.613283e-05         0.9459
           1664              0.0000   4.422188e-05         0.9586
           1665              0.0000   4.211590e-05         0.9524
           1666              0.0000   4.007147e-05         0.9515
           1667              0.0000   3.806456e-05         0.9499
           1668              0.0000   3.675962e-05         0.9657
           1669              0.0000   3.511337e-05         0.9552
           1670              0.0000   3.341993e-05         0.9518
           1671              0.0000   3.229689e-05         0.9664
           1672              0.0000   3.127089e-05         0.9682
           1673              0.0000   2.987388e-05         0.9553
           1674              0.0000   2.808864e-05         0.9402
           1675              0.0000   2.663863e-05         0.9484
           1676              0.0000   2.516922e-05         0.9448
           1677              0.0000   2.396272e-05         0.9521
           1678              0.0000   2.272454e-05         0.9483
           1679              0.0000   2.172691e-05         0.9561
           1680              0.0000   2.054135e-05         0.9454
           1681              0.0000   1.976129e-05         0.9620
           1682              0.0000   1.872076e-05         0.9473
           1683              0.0000   1.801168e-05         0.9621
           1684              0.0000   1.705525e-05         0.9469
           1685              0.0000   1.617402e-05         0.9483
           1686              0.0000   1.546269e-05         0.9560
           1687              0.0000   1.469663e-05         0.9505
           1688              0.0000   1.395242e-05         0.9494
           1689              0.0000   1.322960e-05         0.9482
           1690              0.0000   1.248308e-05         0.9436
           1691              0.0000   1.183483e-05         0.9481
           1692              0.0000   1.129859e-05         0.9547
           1693              0.0000   1.086246e-05         0.9614
           1694              0.0000   1.037904e-05         0.9555
           1695              0.0000   9.876151e-06         0.9515
           1696              0.0000   9.449763e-06         0.9568
           1697              0.0000   9.121187e-06         0.9652
           1698              0.0000   8.742801e-06         0.9585
           1699              0.0000   8.378049e-06         0.9583
           1700              0.0000   7.974611e-06         0.9518
           1701              0.0000   7.679242e-06         0.9630
           1702              0.0000   7.386627e-06         0.9619
           1703              0.0000   7.113280e-06         0.9630
           1704              0.0000   6.756617e-06         0.9499
           1705              0.0000   6.502797e-06         0.9624
           1706              0.0000   6.228970e-06         0.9579
           1707              0.0000   5.956417e-06         0.9562
           1708              0.0000   5.667805e-06         0.9515
           1709              0.0000   5.340143e-06         0.9422
           1710              0.0000   5.082927e-06         0.9518
           1711              0.0000   4.800531e-06         0.9444
           1712              0.0000   4.558111e-06         0.9495
           1713              0.0000   4.303143e-06         0.9441
           1714              0.0000   4.098818e-06         0.9525
           1715              0.0000   3.894600e-06         0.9502
           1716              0.0000   3.659545e-06         0.9396
           1717              0.0000   3.481951e-06         0.9515
           1718              0.0000   3.310553e-06         0.9508
           1719              0.0000   3.146257e-06         0.9504
           1720              0.0000   3.018985e-06         0.9595
           1721              0.0000   2.834321e-06         0.9388
           1722              0.0000   2.710902e-06         0.9565
           1723              0.0000   2.604257e-06         0.9607
           1724              0.0000   2.496696e-06         0.9587
           1725              0.0000   2.346759e-06         0.9399
           1726              0.0000   2.261238e-06         0.9636
           1727              0.0000   2.167447e-06         0.9585
           1728              0.0000   2.097007e-06         0.9675
           1729              0.0000   2.028371e-06         0.9673
           1730              0.0000   1.954128e-06         0.9634
           1731              0.0000   1.838266e-06         0.9407
           1732              0.0000   1.747150e-06         0.9504
           1733              0.0000   1.657513e-06         0.9487
           1734              0.0000   1.567093e-06         0.9454
           1735              0.0000   1.506278e-06         0.9612
           1736              0.0000   1.446859e-06         0.9606
           1737              0.0000   1.377005e-06         0.9517
           1738              0.0000   1.338910e-06         0.9723
           1739              0.0000   1.268256e-06         0.9472
           1740              0.0000   1.236881e-06         0.9753
           1741              0.0000   1.188634e-06         0.9610
           1742              0.0000   1.151787e-06         0.9690
           1743              0.0000   1.113467e-06         0.9667
           1744              0.0000   1.071315e-06         0.9621
           1745              0.0000   1.029266e-06         0.9608
           1746              0.0000   9.886712e-07         0.9606
           1747              0.0000   9.549704e-07         0.9659
           1748              0.0000   9.149366e-07         0.9581
           1749              0.0000   8.730584e-07         0.9542
           1750              0.0000   8.348046e-07         0.9562
           1751              0.0000   8.100734e-07         0.9704
           1752              0.0000   7.792080e-07         0.9619
           1753              0.0000   7.506193e-07         0.9633
           1754              0.0000   7.287522e-07         0.9709
           1755              0.0000   7.028880e-07         0.9645
           1756              0.0000   6.719623e-07         0.9560
           1757              0.0000   6.466704e-07         0.9624
           1758              0.0000   6.313568e-07         0.9763
           1759              0.0000   6.105912e-07         0.9671
           1760              0.0000   5.921818e-07         0.9698
           1761              0.0000   5.728461e-07         0.9673
           1762              0.0000   5.543338e-07         0.9677
           1763              0.0000   5.324775e-07         0.9606
           1764              0.0000   5.152246e-07         0.9676
           1765              0.0000   4.977293e-07         0.9660
           1766              0.0000   4.862397e-07         0.9769
           1767              0.0000   4.656827e-07         0.9577
           1768              0.0000   4.523349e-07         0.9713
           1769              0.0000   4.354299e-07         0.9626
           1770              0.0000   4.210348e-07         0.9669
           1771              0.0000   4.069189e-07         0.9665
           1772              0.0000   3.946110e-07         0.9698
           1773              0.0000   3.803970e-07         0.9640
           1774              0.0000   3.665546e-07         0.9636
           1775              0.0000   3.540136e-07         0.9658
           1776              0.0000   3.419429e-07         0.9659
           1777              0.0000   3.254899e-07         0.9519
           1778              0.0000   3.118832e-07         0.9582
           1779              0.0000   3.008566e-07         0.9646
           1780              0.0000   2.888305e-07         0.9600
           1781              0.0000   2.761896e-07         0.9562
           1782              0.0000   2.638862e-07         0.9555
           1783              0.0000   2.539735e-07         0.9624
           1784              0.0000   2.430026e-07         0.9568
           1785              0.0000   2.336787e-07         0.9616
           1786              0.0000   2.263859e-07         0.9688
           1787              0.0000   2.217860e-07         0.9797
           1788              0.0000   2.135814e-07         0.9630
           1789              0.0000   2.039156e-07         0.9547
           1790              0.0000   1.960751e-07         0.9616
           1791              0.0000   1.873962e-07         0.9557
           1792              0.0000   1.827933e-07         0.9754
           1793              0.0000   1.748341e-07         0.9565
           1794              0.0000   1.693364e-07         0.9686
           1795              0.0000   1.628770e-07         0.9619
           1796              0.0000   1.569899e-07         0.9639
           1797              0.0000   1.486029e-07         0.9466
           1798              0.0000   1.434191e-07         0.9651
           1799              0.0000   1.364975e-07         0.9517
           1800              0.0000   1.300575e-07         0.9528
           1801              0.0000   1.244647e-07         0.9570
           1802              0.0000   1.179881e-07         0.9480
           1803              0.0000   1.118057e-07         0.9476
           1804              0.0000   1.065699e-07         0.9532
           1805              0.0000   1.006873e-07         0.9448
           1806              0.0000   9.695348e-08         0.9629
           1807              0.0000   9.265152e-08         0.9556
           1808              0.0000   8.857921e-08         0.9560
           1809              0.0000   8.534164e-08         0.9635
           1810              0.0000   8.093523e-08         0.9484
           1811              0.0000   7.802637e-08         0.9641
           1812              0.0000   7.430720e-08         0.9523
           1813              0.0000   7.109477e-08         0.9568
           1814              0.0000   6.730940e-08         0.9468
           1815              0.0000   6.468696e-08         0.9610
           1816              0.0000   6.184186e-08         0.9560
           1817              0.0000   5.881972e-08         0.9511
           1818              0.0000   5.578060e-08         0.9483
           1819              0.0000   5.300955e-08         0.9503
           1820              0.0000   5.073278e-08         0.9570
           1821              0.0000   4.828266e-08         0.9517
           1822              0.0000   4.629610e-08         0.9589
           1823              0.0000   4.435741e-08         0.9581
           1824              0.0000   4.239612e-08         0.9558
           1825              0.0000   4.019846e-08         0.9482
           1826              0.0000   3.853432e-08         0.9586
           1827              0.0000   3.702456e-08         0.9608
           1828              0.0000   3.513813e-08         0.9490
           1829              0.0000   3.352133e-08         0.9540
           1830              0.0000   3.202920e-08         0.9555
           1831              0.0000   3.049036e-08         0.9520
           1832              0.0000   2.924557e-08         0.9592
           1833              0.0000   2.788422e-08         0.9535
           1834              0.0000   2.679504e-08         0.9609
           1835              0.0000   2.538035e-08         0.9472
           1836              0.0000   2.434888e-08         0.9594
           1837              0.0000   2.304305e-08         0.9464
           1838              0.0000   2.184665e-08         0.9481
           1839              0.0000   2.107362e-08         0.9646
           1840              0.0000   2.014214e-08         0.9558
           1841              0.0000   1.948944e-08         0.9676
           1842              0.0000   1.883918e-08         0.9666
           1843              0.0000   1.799228e-08         0.9550
           1844              0.0000   1.705337e-08         0.9478
           1845              0.0000   1.612903e-08         0.9458
           1846              0.0000   1.520658e-08         0.9428
           1847              0.0000   1.449090e-08         0.9529
           1848              0.0000   1.358868e-08         0.9377
           1849              0.0000   1.301384e-08         0.9577
           1850              0.0000   1.240982e-08         0.9536
           1851              0.0000   1.182004e-08         0.9525
           1852              0.0000   1.130958e-08         0.9568
           1853              0.0000   1.081178e-08         0.9560
           1854              0.0000   1.018608e-08         0.9421
           1855              0.0000   9.704824e-09         0.9528
         ----------------------------------------------------------------------
         Total Iterations: 1856
         Avg Convergence Rate: 		         0.9901
         Final Residual: 		   9.704824e-09
         Total Reduction in Residual: 	   9.704824e-09
         Maximum Memory Usage: 		          0.000 GB
         ----------------------------------------------------------------------
Total Time: 0.692493
    setup: 0.0014456 s
    solve: 0.691047 s
    solve(per iteration): 0.000372332 s
BackScaleLinearSystem: Scaling back to original scale
ComputeNorm: Computing norm of solution
ComputeChange: NS (ITER=1) (NRM,RELC): ( 0.23398559E-01  2.0000000     ) :: linelast
SolveSystem: System solved
SolveSystem: Linear system time (CPU,REAL) for displacement:     0.96    0.93 (s)
SolveSystem: Finished solving the system
DefaultFinish: Finished solver: linelast
StressSolver: All done
StressSolver: ------------------------------------------
SolverActivate: Solver time (CPU,REAL) for linelast:    13.78   13.65 (s)
ComputeNorm: Computing norm of solution
ComputeChange: SS (ITER=1) (NRM,RELC): ( 0.23398559E-01  2.0000000     ) :: linelast
SetActiveElementsTable: Creating active element table for: savescalars
SetActiveElementsTable: No active elements found
SingleSolver: Attempting to call solver: 2
SingleSolver: Solver Equation string is: savescalars
SaveScalars: -----------------------------------------
SaveScalars: Saving scalar values of various kinds
SolverOutputDirectory: Creating directory: results_amgx
SaveScalars: Treating variable: displacement
SaveScalars: Treating operator: dofs
SaveScalars: Treating variable: displacement
SaveScalars: Treating operator: elements
SaveScalars: Treating variable: displacement
SaveScalars: Treating operator: partitions
SaveScalars: Treating variable: displacement
SaveScalars: Treating operator: norm
SaveScalars: Treating variable: displacement
SaveScalars: Treating operator: cpu time
SaveScalars: Performed 5 reduction operations
SaveScalars: Adding information on simulation timing
SaveScalars: Found 4 result scalars in simulation section
SaveScalars: Found 12 values to save in total
SaveScalars: Saving names of values to file: results_amgx/f1.dat.names
SaveScalars: Data is appended to existing file
SaveScalars: Saving values to file: results_amgx/f1.dat
SaveScalars: -----------------------------------------
SolveEquations: Solvers after timestep
SetActiveElementsTable: Creating active element table for: internalvtuoutputsolver
SetActiveElementsTable: No active elements found
SingleSolver: Attempting to call solver: 0
SingleSolver: Solver Equation string is: internalvtuoutputsolver
ResultOutputSolver: -------------------------------------
ResultOutputSolver: Saving with prefix: case
ResultOutputSolver: Number of output meshes: 1
ResultOutputSolver: Dimension of mesh is: 3
ResultOutputSolver: Working on mesh 1: winkel with 270641 nodes
ResultOutputSolver: Creating list for saving - if not present
CreateListForSaving: Field Variables for Saving
CreateListForSaving: Vector Field 1: displacement
ResultOutputSolver: Saving in unstructured VTK XML (.vtu) format
VtuOutputSolver: Saving results in VTK XML format with prefix: case
VtuOutputSolver: Saving number of partitions: 1
SolverOutputDirectory: Creating directory: results_amgx
VtuOutputSolver: Full filename base is: results_amgx/case
GenerateSaveMask: Allocating NodePerm of size: 270641
GenerateSaveMask: Allocating ActiveElem of size: 284800
GenerateSaveMask: Number of active elements 284800 out of 284800
GenerateSaveMask: Number of geometry nodes 270641 out of 270641
VtuOutputSolver: Total number of elements to save: 284800
VtuOutputSolver: Total number of geometry nodes to save: 270641
VtuOutputSolver: Total number of dof nodes to save: 270641
VtuOutputSolver: Setting offset for boundary entities: 100
VtuOutputSolver: Writing the vtu file: results_amgx/case_t0001.vtu
AscBinWriteInit: Initializing buffered ascii/binary writing
AscBinWriteInit: Writing in binary
AscBinWriteInit: Writing in double precision
AscBinWriteInit: Writing to unit number: 58
AscBinWriteInit: Size of buffer is: 270641
WriteVtuFile: Writing nodal fields
WriteVtuFile: Saving variable: displacement
WriteVtuFile: Number of nodal fields written: 1
WriteVtuFile: Writing elemental fields
WriteVtuFile: Number of elemental fields written: 0
WriteVtuFile: Writing entity IDs for bodies and boundaries
WriteVtuFile: Writing coordinates for each used node
WriteVtuFile: Writing the elemental connectivity data
WriteVtuFile: Writing nodal fields
WriteVtuFile: Saving variable: displacement
WriteVtuFile: Writing elemental fields
AscBinWriteFree: Terminating buffered ascii/binary writing
WriteVtuFile: Finished writing file
VtuOutputSolver: Finished writing vtu file
VtuOutputSolver: All done for now
ResultOutputSolver: -------------------------------------
ResultOutputSolver: Skipping inactive mesh: winkelp
WARNING:: CompareToReferenceSolution: Solver 1 FAILED:  Norm = 2.33985587E-02  RefNorm = 2.33900606E-02
CompareToReferenceSolution: Relative Error to reference norm: 3.633209E-04
ReloadInputFile: Realoading input file
LoadInputFile: Loading input file:
WARNING:: CompareToReferenceSolution: FAILED 1 tests out of 1!
MAIN: Reporting unused list entries for sif improvement!
MAIN: If you do not want these lines undefine > DEVEL_LISTUSAGE < !
   Unused keywords:
       Solver 1              bubbles
       Solver 1              nonlinear system consistent norm
       Solver 2              parallel reduce
MAIN: *** Elmer Solver: ALL DONE ***
FreeModel: Freeing meshes
ReleaseMesh: Releasing mesh variables
ReleaseMesh: Releasing mesh nodes
ReleaseMesh: Releasing mesh finished
ReleaseMesh: Releasing mesh variables
ReleaseMesh: Releasing mesh nodes
ReleaseMesh: Releasing mesh finished
FreeModel: Freeing constants list
FreeModel: Freeing simulation list
FreeModel: Freeing boundary lists
FreeModel: Freeing solvers
FreeModel: Freeing initial conditions lists
FreeModel: Freeing body lists
FreeModel: Freeing equations lists
FreeModel: Freeing body forces lists
MAIN: The end
SOLVER TOTAL TIME(CPU,REAL):        24.14       15.92
ELMER SOLVER FINISHED AT: 2026/07/20 10:11:38

Ending linsysAMGX/amgx_cg_dilu.sif with mesh level 2
Elapsed time: 19 s
-----------------------------------



-----------------------------------
Starting linsysAMGX/amgx_fgmres_dilu.sif with mesh level 2

ELMER SOLVER (v 9.0) STARTED AT: 2026/07/20 10:11:41
ParCommInit:  Initialize #PEs:            1
MAIN: Read 2 integer parameters from command line!
MAIN: 
MAIN: =============================================================
MAIN: ElmerSolver finite element software, Welcome!
MAIN: This program is free software licensed under (L)GPL
MAIN: Copyright 1st April 1995 - , CSC - IT Center for Science Ltd.
MAIN: Webpage http://www.csc.fi/elmer, Email elmeradm@csc.fi
MAIN: Version: 9.0 (Rev: 9dce9c2ac, Compiled: 2026-07-13)
MAIN:  Running one task without MPI parallelization.
MAIN:  Running in parallel with 32 threads per task.
MAIN:  HYPRE library linked in.
MAIN:  MMG library linked in.
MAIN:  ParMMG library linked in.
MAIN:  Lua interpreter linked in.
MAIN:  Zoltan library linked in.
MAIN:  AMGX library linked in.
MAIN: =============================================================
MAIN: 
MAIN: 
MAIN: -------------------------------------
MAIN: Reading Model: case.sif
LoadInputFile: Scanning input file: case.sif
LoadInputFile: Scanning only size info
LoadInputFile: First time visiting
LoadInputFile: Reading base load of sif file
OpenIncludeFile: Trying to include file: linsys.sif
CheckKeyword: Found keyword type assuming suffix 1 for: operator 2
CheckKeyword: Found keyword type assuming suffix 1 for: operator 2
CheckKeyword: Found keyword type assuming suffix 1 for: operator 3
CheckKeyword: Found keyword type assuming suffix 1 for: operator 3
CheckKeyword: Found keyword type assuming suffix 1 for: operator 4
CheckKeyword: Found keyword type assuming suffix 1 for: operator 4
CheckKeyword: Found keyword type assuming suffix 1 for: operator 5
CheckKeyword: Found keyword type assuming suffix 1 for: operator 5
LoadInputFile: Loading input file: case.sif
LoadInputFile: Reading base load of sif file
OpenIncludeFile: Trying to include file: linsys.sif
CheckKeyword:  Unlisted keyword: [amgx config] in section: [solver 1]
CheckKeyword: Found keyword type assuming suffix 1 for: operator 2
CheckKeyword: Found keyword type assuming suffix 1 for: operator 2
CheckKeyword: Found keyword type assuming suffix 1 for: operator 3
CheckKeyword: Found keyword type assuming suffix 1 for: operator 3
CheckKeyword: Found keyword type assuming suffix 1 for: operator 4
CheckKeyword: Found keyword type assuming suffix 1 for: operator 4
CheckKeyword: Found keyword type assuming suffix 1 for: operator 5
CheckKeyword: Found keyword type assuming suffix 1 for: operator 5
CheckKeyword:  Unlisted keyword: [expression 1] in section: [solver 2]
CheckKeyword:  Unlisted keyword: [line marker] in section: [solver 2]
LoadInputFile: Number of BCs: 3
LoadInputFile: Number of Body Forces: 0
LoadInputFile: Number of Initial Conditions: 0
LoadInputFile: Number of Materials: 1
LoadInputFile: Number of Equations: 1
LoadInputFile: Number of Solvers: 2
LoadInputFile: Number of Bodies: 1
ListTagKeywords: Setting weight for keywords!
ListTagKeywords: No parameters width suffix: normalize by area
ListTagKeywords: Setting weight for keywords!
ListTagKeywords: No parameters width suffix: normalize by volume
Loading user function library: [StressSolve]...[StressSolver_Init0]
Loading user function library: [SaveData]...[SaveScalars_Init0]
Loading user function library: [SaveData]...[SaveScalars_Init0]
LoadMesh: Loading serial mesh!
ElmerAsciiMesh: Performing step: 1
ElmerAsciiMesh: Base mesh name: ./winkel
ReadHeaderFile: Reading header info from file: ./winkel/mesh.header
InitializeMesh: Number of nodes in mesh: 35721
InitializeMesh: Number of bulk elements in mesh: 32000
InitializeMesh: Number of boundary elements in mesh: 7200
InitializeMesh: Initial number of max element nodes: 8
ElmerAsciiMesh: Performing step: 2
ReadNodesFile: Reading nodes from file: ./winkel/mesh.nodes
SetMeshDimension: Dimension of mesh is: 3
SetMeshDimension: Max dimension of mesh is: 3
ElmerAsciiMesh: Performing step: 3
ReadElementsFile: Reading bulk elements from file: ./winkel/mesh.elements
ElmerAsciiMesh: Performing step: 4
ReadBoundaryFile: Reading boundary elements from file: ./winkel/mesh.boundary
PermuteNodeNumbering: Performing node mapping
MapBodiesAndBCs: Skipping remapping of bodies
MapBodiesAndBCs: Remapping boundaries
MapBodiesAndBCs: Minimum initial boundary index: 1
MapBodiesAndBCs: Maximum initial boundary index: 7
ElmerAsciiMesh: Performing step: 5
ElmerAsciiMesh: Performing step: 6
LoadMesh: Loading mesh done
NonNodalElements: Element dofs max: 8
LoadMesh: Preparing mesh done
LoadMesh: Elapsed REAL time:     0.0476 (s)
LoadModel: Creating hierarchy of meshes by mesh multiplication: 2
LoadModel: Keeping number of meshes: 2
LoadModel: Performing splitting at level: 2
SplitMeshEqual: Mesh splitting works for first order elements 303, 404, 504, (706) and 808.
FindMeshEdges: Determining faces in 3D mesh
FindMeshFaces3D: Finding mesh faces in 3D mesh
FindMeshFaces3D: Number of faces found: 99600
FindMeshEdges: Determining edges in 3D mesh
FindMeshEdges3D: Finding mesh edges in 3D mesh
FindMeshEdges3D: Number of edges found: 103320
SplitMeshEqual: ******** Old mesh ********
SplitMeshEqual:  Nodes             :        35721
SplitMeshEqual:  Bulk elements     :        32000
SplitMeshEqual:  Boundary elements :         7200
SplitMeshEqual:  Edges             :       103320
SplitMeshEqual:  Faces             :        99600
SplitMeshEqual: Added 99600 nodes in the center of faces
SplitMeshEqual: Added 32000 nodes in the center of bulks
SplitMeshEqual: Added edge centers to the nodes list.
SplitMeshEqual: Added face centers to the nodes list.
SplitMeshEqual: Added quad and brick centers to the nodes list.
SplitMeshEqual:  Count of new elements :       284800
SplitMeshEqual: New mesh allocated.
SplitMeshEqual: Array for bulk elements allocated.
SplitMeshEqual: ******** New mesh ********
SplitMeshEqual:  Nodes             :       270641
SplitMeshEqual:  Bulk elements     :       256000
SplitMeshEqual:  Boundary elements :        28800
SplitMeshEqual: Elapsed REAL time:     0.0500 (s)
ReleaseMeshFaceTables: Releasing number of faces: 99600
SetMeshDimension: Dimension of mesh is: 3
SetMeshDimension: Max dimension of mesh is: 3
NonNodalElements: Element dofs max: 8
MeshStabParams: Computing stabilization parameters
MeshStabParams: Elapsed REAL time:     0.0265 (s)
MeshStabParams: Computing stabilization parameters
MeshStabParams: Elapsed REAL time:     0.0034 (s)
CompleteModelKeywords: Completing keywords for mortars and mechanics!
MAIN: -------------------------------------
AddVtuOutputSolverHack: Adding ResultOutputSolver to write VTU output in file: case
AppendNewSolver: Increasing number of solvers to: 3
AddVtuOutputSolverHack: Finished appending VTU output solver
AddMeshCoordinates: Setting mesh coordinates and time
VariableAdd: Adding variable > Coordinate 1 < of size 270641
VariableAdd: Adding variable > Coordinate 2 < of size 270641
VariableAdd: Adding variable > Coordinate 3 < of size 270641
VariableAdd: Adding variable > Coordinate 1 < of size 35721
VariableAdd: Adding variable > Coordinate 2 < of size 35721
VariableAdd: Adding variable > Coordinate 3 < of size 35721
AddSolvers: Setting up 3 solvers
AddSolvers: Setting up solver 1: linelast
AddEquationBasics: Using procedure: StressSolve StressSolver
AddEquationBasics: Setting up solver: linelast
Loading user function library: [StressSolve]...[StressSolver_Init]
AddEquationBasics: Checking for _init solver
StressSolve_init: --------------------------------------------------
StressSolve_init: Solving displacements from linear elasticity model
StressSolve_init: --------------------------------------------------
Loading user function library: [StressSolve]...[StressSolver_bulk]
Loading user function library: [StressSolve]...[StressSolver_bulk]
AddEquationBasics: Checking for _bulk solver
Loading user function library: [StressSolve]...[StressSolver]
AddEquationBasics: Treating variable string: -dofs 3 displacement
AddEquationBasics: Creating standard variable: displacement
AddEquationBasics: Computing size of permutation vector
AddEquationBasics: Maximum size of permutation vector is: 270641
AddEquationBasics: Creating solver matrix topology
CreateMatrix: Creating initial permutation
CreateMatrix: Creating inverse of initial order of size: 270641
CreateMatrix: Creating list matrix for equation: linelast
MakeListMatrix: Creating list matrix
OptimizeBandwidth: ---------------------------------------------------------
OptimizeBandwidth: Computing matrix structure for: linelast
OptimizeBandwidth: Initial bandwidth for linelast: 238642
OptimizeBandwidth: Optimized bandwidth for linelast: 6683
OptimizeBandwidth: ---------------------------------------------------------
CreateMatrix: Initializing list matrix for equation
CRS_CreateMatrix: Creating CRS Matrix of size: 811923
CRS_CreateMatrix: Creating CRS Matrix with nofs: 63380889
CreateMatrix: Sparse matrix created
AddEquationBasics: Number of rows in CRS matrix: 811923
AddEquationBasics: Creating solver variable
VariableAdd: Adding variable > displacement < of size 811923
VariableAdd: Adding variable > displacement 1 < of size 270641
VariableAdd: Adding variable > displacement 2 < of size 270641
VariableAdd: Adding variable > displacement 3 < of size 270641
SolverInitialization: Elapsed REAL time:     0.9491 (s)
AddSolvers: Setting up solver 2: savescalars
AddEquationBasics: Using procedure: SaveData SaveScalars
AddEquationBasics: Setting up solver: savescalars
Loading user function library: [SaveData]...[SaveScalars_Init]
AddEquationBasics: Checking for _init solver
Loading user function library: [SaveData]...[SaveScalars_bulk]
Loading user function library: [SaveData]...[SaveScalars_bulk]
AddEquationBasics: Checking for _bulk solver
Loading user function library: [SaveData]...[SaveScalars]
AddEquationBasics: Creating null variable with no name
AddSolvers: Setting up solver 3: internalvtuoutputsolver
AddEquationBasics: Using procedure: ResultOutputSolve ResultOutputSolver
AddEquationBasics: Setting up solver: internalvtuoutputsolver
Loading user function library: [ResultOutputSolve]...[ResultOutputSolver_Init]
Loading user function library: [ResultOutputSolve]...[ResultOutputSolver_Init]
AddEquationBasics: Checking for _init solver
Loading user function library: [ResultOutputSolve]...[ResultOutputSolver_bulk]
Loading user function library: [ResultOutputSolve]...[ResultOutputSolver_bulk]
AddEquationBasics: Checking for _bulk solver
Loading user function library: [ResultOutputSolve]...[ResultOutputSolver]
AddEquationBasics: Treating variable string: -global vtu_internal_dummy
AddEquationBasics: Creating global variable: vtu_internal_dummy
VariableAdd: Adding variable > vtu_internal_dummy < of size 1
AddSolvers: Setting up solvers done
AddTimeEtc: Setting time and other global variables
VariableAdd: Adding variable > Time < of size 1
VariableAdd: Adding variable > Timestep < of size 1
VariableAdd: Adding variable > Timestep size < of size 1
VariableAdd: Adding variable > Timestep interval < of size 1
VariableAdd: Adding variable > nonlin iter < of size 1
VariableAdd: Adding variable > coupled iter < of size 1
VariableAdd: Adding variable > Partition < of size 1
VariableAdd: Adding variable > Time < of size 1
VariableAdd: Adding variable > Timestep < of size 1
VariableAdd: Adding variable > Timestep size < of size 1
VariableAdd: Adding variable > Timestep interval < of size 1
VariableAdd: Adding variable > nonlin iter < of size 1
VariableAdd: Adding variable > coupled iter < of size 1
VariableAdd: Adding variable > Partition < of size 1
MAIN: Random seed initialized to: 314159265
SetInitialConditions: Setting up initial conditions (if any)
MAIN: Number of timesteps to be saved: 1
MAIN: 
MAIN: -------------------------------------
MAIN:  Steady state iteration:            1
MAIN: -------------------------------------
MAIN: 
SolveEquations: Solvers before timestep
SolveEquations: Solvers in main iteration loop
SolveEquations: Performing set of solvers in sequence
ListTagCount: Counting tags for keyword normalization!
SetActiveElementsTable: Creating active element table for: linelast
SetActiveElementsTable: Number of active elements found : 256000
SingleSolver: Attempting to call solver: 1
SingleSolver: Solver Equation string is: linelast
StressSolve: 
StressSolve: --------------------------------------------------
StressSolve: Solving displacements from linear elasticity model
StressSolve: --------------------------------------------------
DefaultStart: Starting solver: linelast
StressSolve: Starting assembly...
InitializeToZero: Initializing the linear system to zero
StressSolve: Assembly:
: ............Finished checking for nodal loads
SetNodalLoads: Finished checking for nodal loads
SetNodalLoads: Finished checking for nodal loads
SetDirichletBoundaries: Number of dofs set for displacement: 0
DefUtils::DefaultDirichletBCs: Setting Dirichlet boundary conditions
SetDirichletBoundaries: Number of dofs set for displacement 1: 6400
DefUtils::DefaultDirichletBCs: p-element condition setup: displacement 1
SetDirichletBoundaries: Number of dofs set for displacement 2: 6400
DefUtils::DefaultDirichletBCs: p-element condition setup: displacement 2
SetDirichletBoundaries: Number of dofs set for displacement 3: 6400
DefUtils::DefaultDirichletBCs: p-element condition setup: displacement 3
EnforceDirichletConditions: Enforcing total of 5043 Dirichlet conditions.
EnforceDirichletConditions: Applying Dirichlet conditions using scaled diagonal
ScaleLinearSystem: Creating > DiagScaling < vector of size 811923
EnforceDirichletConditions: Dirichlet conditions enforced for dofs: 5043
DefUtils::DefaultDirichletBCs: Dirichlet boundary conditions set
DefaultSolve: Solving linear system with default routines
GenerateConstraintMatrix: Nothing to do for now
SolveSystem: Solving linear system
SolveSystem: Solving linear system in standard way
SolveLinearSystem: Assuming real valued linear system
SolveLinearSystem: Assuming serial linear system
ScaleLinearSystem: Creating > DiagScaling < vector of size 811923
SolveLinearSystem: Serial linear System Solver: amgx
AMGX version 2.5.0
Built on Jul 13 2026, 14:06:01
Compiled with CUDA Runtime 12.9, using CUDA driver 13.2
The AMGX_initialize_plugins API call is deprecated and can be safely removed.
           iter      Mem Usage (GB)       residual           rate
         ----------------------------------------------------------------------
            Ini                   0   1.000000e+00
              0                   0   7.500034e-01         0.7500
              1              0.0000   6.850958e-01         0.9135
              2              0.0000   6.362422e-01         0.9287
              3              0.0000   5.776609e-01         0.9079
              4              0.0000   5.224833e-01         0.9045
              5              0.0000   4.877480e-01         0.9335
              6              0.0000   4.695442e-01         0.9627
              7              0.0000   4.538173e-01         0.9665
              8              0.0000   4.356492e-01         0.9600
              9              0.0000   4.161597e-01         0.9553
             10              0.0000   4.014325e-01         0.9646
             11              0.0000   3.915562e-01         0.9754
             12              0.0000   3.824185e-01         0.9767
             13              0.0000   3.715180e-01         0.9715
             14              0.0000   3.621672e-01         0.9748
             15              0.0000   3.553457e-01         0.9812
             16              0.0000   3.484678e-01         0.9806
             17              0.0000   3.416398e-01         0.9804
             18              0.0000   3.353018e-01         0.9814
             19              0.0000   3.299123e-01         0.9839
             20              0.0000   3.252234e-01         0.9858
             21              0.0000   3.212900e-01         0.9879
             22              0.0000   3.171302e-01         0.9871
             23              0.0000   3.141468e-01         0.9906
             24              0.0000   3.115715e-01         0.9918
             25              0.0000   3.092225e-01         0.9925
             26              0.0000   3.070723e-01         0.9930
             27              0.0000   3.043439e-01         0.9911
             28              0.0000   3.018782e-01         0.9919
             29              0.0000   2.994127e-01         0.9918
             30              0.0000   2.971724e-01         0.9925
             31              0.0000   2.950522e-01         0.9929
             32              0.0000   2.930223e-01         0.9931
             33              0.0000   2.907547e-01         0.9923
             34              0.0000   2.884898e-01         0.9922
             35              0.0000   2.864775e-01         0.9930
             36              0.0000   2.849837e-01         0.9948
             37              0.0000   2.842484e-01         0.9974
             38              0.0000   2.822973e-01         0.9931
             39              0.0000   2.804972e-01         0.9936
             40              0.0000   2.784430e-01         0.9927
             41              0.0000   2.768203e-01         0.9942
             42              0.0000   2.748487e-01         0.9929
             43              0.0000   2.731837e-01         0.9939
             44              0.0000   2.712588e-01         0.9930
             45              0.0000   2.696305e-01         0.9940
             46              0.0000   2.677374e-01         0.9930
             47              0.0000   2.661375e-01         0.9940
             48              0.0000   2.643254e-01         0.9932
             49              0.0000   2.625715e-01         0.9934
             50              0.0000   2.606798e-01         0.9928
             51              0.0000   2.592545e-01         0.9945
             52              0.0000   2.578495e-01         0.9946
             53              0.0000   2.563076e-01         0.9940
             54              0.0000   2.549405e-01         0.9947
             55              0.0000   2.536578e-01         0.9950
             56              0.0000   2.525083e-01         0.9955
             57              0.0000   2.512916e-01         0.9952
             58              0.0000   2.501876e-01         0.9956
             59              0.0000   2.491835e-01         0.9960
             60              0.0000   2.482566e-01         0.9963
             61              0.0000   2.472091e-01         0.9958
             62              0.0000   2.462411e-01         0.9961
             63              0.0000   2.453507e-01         0.9964
             64              0.0000   2.446141e-01         0.9970
             65              0.0000   2.440819e-01         0.9978
             66              0.0000   2.436198e-01         0.9981
             67              0.0000   2.429473e-01         0.9972
             68              0.0000   2.423279e-01         0.9975
             69              0.0000   2.417657e-01         0.9977
             70              0.0000   2.412675e-01         0.9979
             71              0.0000   2.408485e-01         0.9983
             72              0.0000   2.403980e-01         0.9981
             73              0.0000   2.400016e-01         0.9984
             74              0.0000   2.395845e-01         0.9983
             75              0.0000   2.391692e-01         0.9983
             76              0.0000   2.388158e-01         0.9985
             77              0.0000   2.384044e-01         0.9983
             78              0.0000   2.380305e-01         0.9984
             79              0.0000   2.375406e-01         0.9979
             80              0.0000   2.371049e-01         0.9982
             81              0.0000   2.367006e-01         0.9983
             82              0.0000   2.363432e-01         0.9985
             83              0.0000   2.359435e-01         0.9983
             84              0.0000   2.355163e-01         0.9982
             85              0.0000   2.350742e-01         0.9981
             86              0.0000   2.345556e-01         0.9978
             87              0.0000   2.339611e-01         0.9975
             88              0.0000   2.333901e-01         0.9976
             89              0.0000   2.327914e-01         0.9974
             90              0.0000   2.320224e-01         0.9967
             91              0.0000   2.312261e-01         0.9966
             92              0.0000   2.302441e-01         0.9958
             93              0.0000   2.294503e-01         0.9966
             94              0.0000   2.285770e-01         0.9962
             95              0.0000   2.277989e-01         0.9966
             96              0.0000   2.271147e-01         0.9970
             97              0.0000   2.264422e-01         0.9970
             98              0.0000   2.256201e-01         0.9964
             99              0.0000   2.249201e-01         0.9969
            100              0.0000   2.242484e-01         0.9970
            101              0.0000   2.236222e-01         0.9972
            102              0.0000   2.229711e-01         0.9971
            103              0.0000   2.223353e-01         0.9971
            104              0.0000   2.216107e-01         0.9967
            105              0.0000   2.208669e-01         0.9966
            106              0.0000   2.200051e-01         0.9961
            107              0.0000   2.190676e-01         0.9957
            108              0.0000   2.179906e-01         0.9951
            109              0.0000   2.166516e-01         0.9939
            110              0.0000   2.152872e-01         0.9937
            111              0.0000   2.135974e-01         0.9922
            112              0.0000   2.121453e-01         0.9932
            113              0.0000   2.107416e-01         0.9934
            114              0.0000   2.095082e-01         0.9941
            115              0.0000   2.083418e-01         0.9944
            116              0.0000   2.071818e-01         0.9944
            117              0.0000   2.058818e-01         0.9937
            118              0.0000   2.046519e-01         0.9940
            119              0.0000   2.032765e-01         0.9933
            120              0.0000   2.019058e-01         0.9933
            121              0.0000   2.006145e-01         0.9936
            122              0.0000   1.993022e-01         0.9935
            123              0.0000   1.980755e-01         0.9938
            124              0.0000   1.968300e-01         0.9937
            125              0.0000   1.956581e-01         0.9940
            126              0.0000   1.944084e-01         0.9936
            127              0.0000   1.931301e-01         0.9934
            128              0.0000   1.920504e-01         0.9944
            129              0.0000   1.909562e-01         0.9943
            130              0.0000   1.899623e-01         0.9948
            131              0.0000   1.890346e-01         0.9951
            132              0.0000   1.880795e-01         0.9949
            133              0.0000   1.870949e-01         0.9948
            134              0.0000   1.861942e-01         0.9952
            135              0.0000   1.852352e-01         0.9948
            136              0.0000   1.843244e-01         0.9951
            137              0.0000   1.832659e-01         0.9943
            138              0.0000   1.822731e-01         0.9946
            139              0.0000   1.812289e-01         0.9943
            140              0.0000   1.802223e-01         0.9944
            141              0.0000   1.791606e-01         0.9941
            142              0.0000   1.782458e-01         0.9949
            143              0.0000   1.772610e-01         0.9945
            144              0.0000   1.762466e-01         0.9943
            145              0.0000   1.752332e-01         0.9942
            146              0.0000   1.742355e-01         0.9943
            147              0.0000   1.732353e-01         0.9943
            148              0.0000   1.723098e-01         0.9947
            149              0.0000   1.713227e-01         0.9943
            150              0.0000   1.703880e-01         0.9945
            151              0.0000   1.693322e-01         0.9938
            152              0.0000   1.682272e-01         0.9935
            153              0.0000   1.672663e-01         0.9943
            154              0.0000   1.663086e-01         0.9943
            155              0.0000   1.651990e-01         0.9933
            156              0.0000   1.640221e-01         0.9929
            157              0.0000   1.627645e-01         0.9923
            158              0.0000   1.615295e-01         0.9924
            159              0.0000   1.603605e-01         0.9928
            160              0.0000   1.593335e-01         0.9936
            161              0.0000   1.584086e-01         0.9942
            162              0.0000   1.574479e-01         0.9939
            163              0.0000   1.566334e-01         0.9948
            164              0.0000   1.557745e-01         0.9945
            165              0.0000   1.550691e-01         0.9955
            166              0.0000   1.544059e-01         0.9957
            167              0.0000   1.538393e-01         0.9963
            168              0.0000   1.532972e-01         0.9965
            169              0.0000   1.528187e-01         0.9969
            170              0.0000   1.524084e-01         0.9973
            171              0.0000   1.519991e-01         0.9973
            172              0.0000   1.515681e-01         0.9972
            173              0.0000   1.511549e-01         0.9973
            174              0.0000   1.507476e-01         0.9973
            175              0.0000   1.503384e-01         0.9973
            176              0.0000   1.499452e-01         0.9974
            177              0.0000   1.496087e-01         0.9978
            178              0.0000   1.492816e-01         0.9978
            179              0.0000   1.489715e-01         0.9979
            180              0.0000   1.486824e-01         0.9981
            181              0.0000   1.484046e-01         0.9981
            182              0.0000   1.481909e-01         0.9986
            183              0.0000   1.479552e-01         0.9984
            184              0.0000   1.477168e-01         0.9984
            185              0.0000   1.475046e-01         0.9986
            186              0.0000   1.473239e-01         0.9988
            187              0.0000   1.471346e-01         0.9987
            188              0.0000   1.469603e-01         0.9988
            189              0.0000   1.467578e-01         0.9986
            190              0.0000   1.465660e-01         0.9987
            191              0.0000   1.463796e-01         0.9987
            192              0.0000   1.461991e-01         0.9988
            193              0.0000   1.460131e-01         0.9987
            194              0.0000   1.458302e-01         0.9987
            195              0.0000   1.456328e-01         0.9986
            196              0.0000   1.454256e-01         0.9986
            197              0.0000   1.452232e-01         0.9986
            198              0.0000   1.450073e-01         0.9985
            199              0.0000   1.447953e-01         0.9985
            200              0.0000   1.447840e-01         0.9999
            201              0.0000   1.447836e-01         1.0000
            202              0.0000   1.447828e-01         1.0000
            203              0.0000   1.447721e-01         0.9999
            204              0.0000   1.447358e-01         0.9997
            205              0.0000   1.446827e-01         0.9996
            206              0.0000   1.446455e-01         0.9997
            207              0.0000   1.446135e-01         0.9998
            208              0.0000   1.445636e-01         0.9997
            209              0.0000   1.445131e-01         0.9997
            210              0.0000   1.444688e-01         0.9997
            211              0.0000   1.444251e-01         0.9997
            212              0.0000   1.443705e-01         0.9996
            213              0.0000   1.442997e-01         0.9995
            214              0.0000   1.442399e-01         0.9996
            215              0.0000   1.441796e-01         0.9996
            216              0.0000   1.441150e-01         0.9996
            217              0.0000   1.440453e-01         0.9995
            218              0.0000   1.439696e-01         0.9995
            219              0.0000   1.438834e-01         0.9994
            220              0.0000   1.438114e-01         0.9995
            221              0.0000   1.437372e-01         0.9995
            222              0.0000   1.436464e-01         0.9994
            223              0.0000   1.435574e-01         0.9994
            224              0.0000   1.434623e-01         0.9993
            225              0.0000   1.433567e-01         0.9993
            226              0.0000   1.432353e-01         0.9992
            227              0.0000   1.431130e-01         0.9991
            228              0.0000   1.429961e-01         0.9992
            229              0.0000   1.428352e-01         0.9989
            230              0.0000   1.426381e-01         0.9986
            231              0.0000   1.424459e-01         0.9987
            232              0.0000   1.422496e-01         0.9986
            233              0.0000   1.420612e-01         0.9987
            234              0.0000   1.418268e-01         0.9983
            235              0.0000   1.416102e-01         0.9985
            236              0.0000   1.413920e-01         0.9985
            237              0.0000   1.411214e-01         0.9981
            238              0.0000   1.408355e-01         0.9980
            239              0.0000   1.405365e-01         0.9979
            240              0.0000   1.402089e-01         0.9977
            241              0.0000   1.398791e-01         0.9976
            242              0.0000   1.394779e-01         0.9971
            243              0.0000   1.390741e-01         0.9971
            244              0.0000   1.386672e-01         0.9971
            245              0.0000   1.382426e-01         0.9969
            246              0.0000   1.377841e-01         0.9967
            247              0.0000   1.372892e-01         0.9964
            248              0.0000   1.368015e-01         0.9964
            249              0.0000   1.362678e-01         0.9961
            250              0.0000   1.357849e-01         0.9965
            251              0.0000   1.352485e-01         0.9960
            252              0.0000   1.347114e-01         0.9960
            253              0.0000   1.341846e-01         0.9961
            254              0.0000   1.336673e-01         0.9961
            255              0.0000   1.331999e-01         0.9965
            256              0.0000   1.326971e-01         0.9962
            257              0.0000   1.321984e-01         0.9962
            258              0.0000   1.317000e-01         0.9962
            259              0.0000   1.312837e-01         0.9968
            260              0.0000   1.308496e-01         0.9967
            261              0.0000   1.304180e-01         0.9967
            262              0.0000   1.300249e-01         0.9970
            263              0.0000   1.295906e-01         0.9967
            264              0.0000   1.291849e-01         0.9969
            265              0.0000   1.287832e-01         0.9969
            266              0.0000   1.283865e-01         0.9969
            267              0.0000   1.280274e-01         0.9972
            268              0.0000   1.276538e-01         0.9971
            269              0.0000   1.272926e-01         0.9972
            270              0.0000   1.269690e-01         0.9975
            271              0.0000   1.266398e-01         0.9974
            272              0.0000   1.263108e-01         0.9974
            273              0.0000   1.260075e-01         0.9976
            274              0.0000   1.256612e-01         0.9973
            275              0.0000   1.253467e-01         0.9975
            276              0.0000   1.249658e-01         0.9970
            277              0.0000   1.246432e-01         0.9974
            278              0.0000   1.243081e-01         0.9973
            279              0.0000   1.239505e-01         0.9971
            280              0.0000   1.236398e-01         0.9975
            281              0.0000   1.233241e-01         0.9974
            282              0.0000   1.229974e-01         0.9974
            283              0.0000   1.226732e-01         0.9974
            284              0.0000   1.223582e-01         0.9974
            285              0.0000   1.220670e-01         0.9976
            286              0.0000   1.217776e-01         0.9976
            287              0.0000   1.214853e-01         0.9976
            288              0.0000   1.212127e-01         0.9978
            289              0.0000   1.209003e-01         0.9974
            290              0.0000   1.205828e-01         0.9974
            291              0.0000   1.202974e-01         0.9976
            292              0.0000   1.200253e-01         0.9977
            293              0.0000   1.197382e-01         0.9976
            294              0.0000   1.194478e-01         0.9976
            295              0.0000   1.191576e-01         0.9976
            296              0.0000   1.188747e-01         0.9976
            297              0.0000   1.185633e-01         0.9974
            298              0.0000   1.182610e-01         0.9975
            299              0.0000   1.179041e-01         0.9970
            300              0.0000   1.175924e-01         0.9974
            301              0.0000   1.172516e-01         0.9971
            302              0.0000   1.169657e-01         0.9976
            303              0.0000   1.166787e-01         0.9975
            304              0.0000   1.163600e-01         0.9973
            305              0.0000   1.160680e-01         0.9975
            306              0.0000   1.156244e-01         0.9962
            307              0.0000   1.148732e-01         0.9935
            308              0.0000   1.141847e-01         0.9940
            309              0.0000   1.136680e-01         0.9955
            310              0.0000   1.132943e-01         0.9967
            311              0.0000   1.130274e-01         0.9976
            312              0.0000   1.127875e-01         0.9979
            313              0.0000   1.125686e-01         0.9981
            314              0.0000   1.123512e-01         0.9981
            315              0.0000   1.121420e-01         0.9981
            316              0.0000   1.119861e-01         0.9986
            317              0.0000   1.117823e-01         0.9982
            318              0.0000   1.115481e-01         0.9979
            319              0.0000   1.113291e-01         0.9980
            320              0.0000   1.111361e-01         0.9983
            321              0.0000   1.109568e-01         0.9984
            322              0.0000   1.107759e-01         0.9984
            323              0.0000   1.106028e-01         0.9984
            324              0.0000   1.104551e-01         0.9987
            325              0.0000   1.103079e-01         0.9987
            326              0.0000   1.101876e-01         0.9989
            327              0.0000   1.100548e-01         0.9988
            328              0.0000   1.099176e-01         0.9988
            329              0.0000   1.097962e-01         0.9989
            330              0.0000   1.096649e-01         0.9988
            331              0.0000   1.095423e-01         0.9989
            332              0.0000   1.094276e-01         0.9990
            333              0.0000   1.093255e-01         0.9991
            334              0.0000   1.092015e-01         0.9989
            335              0.0000   1.090890e-01         0.9990
            336              0.0000   1.089948e-01         0.9991
            337              0.0000   1.089100e-01         0.9992
            338              0.0000   1.088152e-01         0.9991
            339              0.0000   1.087236e-01         0.9992
            340              0.0000   1.086219e-01         0.9991
            341              0.0000   1.085335e-01         0.9992
            342              0.0000   1.084363e-01         0.9991
            343              0.0000   1.083350e-01         0.9991
            344              0.0000   1.082406e-01         0.9991
            345              0.0000   1.081421e-01         0.9991
            346              0.0000   1.080160e-01         0.9988
            347              0.0000   1.078967e-01         0.9989
            348              0.0000   1.077727e-01         0.9989
            349              0.0000   1.076434e-01         0.9988
            350              0.0000   1.074957e-01         0.9986
            351              0.0000   1.073392e-01         0.9985
            352              0.0000   1.071979e-01         0.9987
            353              0.0000   1.070533e-01         0.9987
            354              0.0000   1.068900e-01         0.9985
            355              0.0000   1.067024e-01         0.9982
            356              0.0000   1.065203e-01         0.9983
            357              0.0000   1.063310e-01         0.9982
            358              0.0000   1.061494e-01         0.9983
            359              0.0000   1.059455e-01         0.9981
            360              0.0000   1.056762e-01         0.9975
            361              0.0000   1.054493e-01         0.9979
            362              0.0000   1.052061e-01         0.9977
            363              0.0000   1.049645e-01         0.9977
            364              0.0000   1.046575e-01         0.9971
            365              0.0000   1.043151e-01         0.9967
            366              0.0000   1.039992e-01         0.9970
            367              0.0000   1.036488e-01         0.9966
            368              0.0000   1.032521e-01         0.9962
            369              0.0000   1.027865e-01         0.9955
            370              0.0000   1.022230e-01         0.9945
            371              0.0000   1.017115e-01         0.9950
            372              0.0000   1.011401e-01         0.9944
            373              0.0000   1.005352e-01         0.9940
            374              0.0000   9.980149e-02         0.9927
            375              0.0000   9.909829e-02         0.9930
            376              0.0000   9.835340e-02         0.9925
            377              0.0000   9.769212e-02         0.9933
            378              0.0000   9.695497e-02         0.9925
            379              0.0000   9.624740e-02         0.9927
            380              0.0000   9.553234e-02         0.9926
            381              0.0000   9.483527e-02         0.9927
            382              0.0000   9.412204e-02         0.9925
            383              0.0000   9.342213e-02         0.9926
            384              0.0000   9.276507e-02         0.9930
            385              0.0000   9.217392e-02         0.9936
            386              0.0000   9.155581e-02         0.9933
            387              0.0000   9.094725e-02         0.9934
            388              0.0000   9.035170e-02         0.9935
            389              0.0000   8.975569e-02         0.9934
            390              0.0000   8.920618e-02         0.9939
            391              0.0000   8.866001e-02         0.9939
            392              0.0000   8.813694e-02         0.9941
            393              0.0000   8.759555e-02         0.9939
            394              0.0000   8.715431e-02         0.9950
            395              0.0000   8.671483e-02         0.9950
            396              0.0000   8.628210e-02         0.9950
            397              0.0000   8.586611e-02         0.9952
            398              0.0000   8.544039e-02         0.9950
            399              0.0000   8.499175e-02         0.9947
            400              0.0000   8.490621e-02         0.9990
            401              0.0000   8.489211e-02         0.9998
            402              0.0000   8.487058e-02         0.9997
            403              0.0000   8.479567e-02         0.9991
            404              0.0000   8.462425e-02         0.9980
            405              0.0000   8.446283e-02         0.9981
            406              0.0000   8.429663e-02         0.9980
            407              0.0000   8.418613e-02         0.9987
            408              0.0000   8.405432e-02         0.9984
            409              0.0000   8.393211e-02         0.9985
            410              0.0000   8.382378e-02         0.9987
            411              0.0000   8.371575e-02         0.9987
            412              0.0000   8.360413e-02         0.9987
            413              0.0000   8.346637e-02         0.9984
            414              0.0000   8.335143e-02         0.9986
            415              0.0000   8.324310e-02         0.9987
            416              0.0000   8.313096e-02         0.9987
            417              0.0000   8.301456e-02         0.9986
            418              0.0000   8.287266e-02         0.9983
            419              0.0000   8.273701e-02         0.9984
            420              0.0000   8.261605e-02         0.9985
            421              0.0000   8.248813e-02         0.9985
            422              0.0000   8.234961e-02         0.9983
            423              0.0000   8.220312e-02         0.9982
            424              0.0000   8.206438e-02         0.9983
            425              0.0000   8.191094e-02         0.9981
            426              0.0000   8.173616e-02         0.9979
            427              0.0000   8.156864e-02         0.9980
            428              0.0000   8.138215e-02         0.9977
            429              0.0000   8.120963e-02         0.9979
            430              0.0000   8.099992e-02         0.9974
            431              0.0000   8.078457e-02         0.9973
            432              0.0000   8.059917e-02         0.9977
            433              0.0000   8.040670e-02         0.9976
            434              0.0000   8.019740e-02         0.9974
            435              0.0000   7.998272e-02         0.9973
            436              0.0000   7.978233e-02         0.9975
            437              0.0000   7.957229e-02         0.9974
            438              0.0000   7.932158e-02         0.9968
            439              0.0000   7.910559e-02         0.9973
            440              0.0000   7.888909e-02         0.9973
            441              0.0000   7.867518e-02         0.9973
            442              0.0000   7.842197e-02         0.9968
            443              0.0000   7.820064e-02         0.9972
            444              0.0000   7.800026e-02         0.9974
            445              0.0000   7.780414e-02         0.9975
            446              0.0000   7.759923e-02         0.9974
            447              0.0000   7.739087e-02         0.9973
            448              0.0000   7.718606e-02         0.9974
            449              0.0000   7.696127e-02         0.9971
            450              0.0000   7.672407e-02         0.9969
            451              0.0000   7.648779e-02         0.9969
            452              0.0000   7.624821e-02         0.9969
            453              0.0000   7.600486e-02         0.9968
            454              0.0000   7.575763e-02         0.9967
            455              0.0000   7.552320e-02         0.9969
            456              0.0000   7.526372e-02         0.9966
            457              0.0000   7.500837e-02         0.9966
            458              0.0000   7.477511e-02         0.9969
            459              0.0000   7.455051e-02         0.9970
            460              0.0000   7.432995e-02         0.9970
            461              0.0000   7.411876e-02         0.9972
            462              0.0000   7.390144e-02         0.9971
            463              0.0000   7.372641e-02         0.9976
            464              0.0000   7.353853e-02         0.9975
            465              0.0000   7.336774e-02         0.9977
            466              0.0000   7.318165e-02         0.9975
            467              0.0000   7.302095e-02         0.9978
            468              0.0000   7.287273e-02         0.9980
            469              0.0000   7.273980e-02         0.9982
            470              0.0000   7.262295e-02         0.9984
            471              0.0000   7.251450e-02         0.9985
            472              0.0000   7.240317e-02         0.9985
            473              0.0000   7.230003e-02         0.9986
            474              0.0000   7.220862e-02         0.9987
            475              0.0000   7.213135e-02         0.9989
            476              0.0000   7.204828e-02         0.9988
            477              0.0000   7.196914e-02         0.9989
            478              0.0000   7.190034e-02         0.9990
            479              0.0000   7.183430e-02         0.9991
            480              0.0000   7.176737e-02         0.9991
            481              0.0000   7.171030e-02         0.9992
            482              0.0000   7.165355e-02         0.9992
            483              0.0000   7.159431e-02         0.9992
            484              0.0000   7.153164e-02         0.9991
            485              0.0000   7.147920e-02         0.9993
            486              0.0000   7.142935e-02         0.9993
            487              0.0000   7.137353e-02         0.9992
            488              0.0000   7.132447e-02         0.9993
            489              0.0000   7.127974e-02         0.9994
            490              0.0000   7.122121e-02         0.9992
            491              0.0000   7.115760e-02         0.9991
            492              0.0000   7.110884e-02         0.9993
            493              0.0000   7.106562e-02         0.9994
            494              0.0000   7.101837e-02         0.9993
            495              0.0000   7.095706e-02         0.9991
            496              0.0000   7.090101e-02         0.9992
            497              0.0000   7.084668e-02         0.9992
            498              0.0000   7.078336e-02         0.9991
            499              0.0000   7.072528e-02         0.9992
            500              0.0000   7.064530e-02         0.9989
            501              0.0000   7.055736e-02         0.9988
            502              0.0000   7.048737e-02         0.9990
            503              0.0000   7.044130e-02         0.9993
            504              0.0000   7.040486e-02         0.9995
            505              0.0000   7.034107e-02         0.9991
            506              0.0000   7.026244e-02         0.9989
            507              0.0000   7.020382e-02         0.9992
            508              0.0000   7.015823e-02         0.9994
            509              0.0000   7.011456e-02         0.9994
            510              0.0000   7.006699e-02         0.9993
            511              0.0000   7.001824e-02         0.9993
            512              0.0000   6.997027e-02         0.9993
            513              0.0000   6.992685e-02         0.9994
            514              0.0000   6.988474e-02         0.9994
            515              0.0000   6.983922e-02         0.9993
            516              0.0000   6.978636e-02         0.9992
            517              0.0000   6.974405e-02         0.9994
            518              0.0000   6.969627e-02         0.9993
            519              0.0000   6.964800e-02         0.9993
            520              0.0000   6.959390e-02         0.9992
            521              0.0000   6.953392e-02         0.9991
            522              0.0000   6.947179e-02         0.9991
            523              0.0000   6.941891e-02         0.9992
            524              0.0000   6.934914e-02         0.9990
            525              0.0000   6.927005e-02         0.9989
            526              0.0000   6.918157e-02         0.9987
            527              0.0000   6.908851e-02         0.9987
            528              0.0000   6.899230e-02         0.9986
            529              0.0000   6.888962e-02         0.9985
            530              0.0000   6.877866e-02         0.9984
            531              0.0000   6.865810e-02         0.9982
            532              0.0000   6.851078e-02         0.9979
            533              0.0000   6.836928e-02         0.9979
            534              0.0000   6.822323e-02         0.9979
            535              0.0000   6.804914e-02         0.9974
            536              0.0000   6.786614e-02         0.9973
            537              0.0000   6.767249e-02         0.9971
            538              0.0000   6.747662e-02         0.9971
            539              0.0000   6.726468e-02         0.9969
            540              0.0000   6.703985e-02         0.9967
            541              0.0000   6.680305e-02         0.9965
            542              0.0000   6.655601e-02         0.9963
            543              0.0000   6.629227e-02         0.9960
            544              0.0000   6.602869e-02         0.9960
            545              0.0000   6.573884e-02         0.9956
            546              0.0000   6.546591e-02         0.9958
            547              0.0000   6.518678e-02         0.9957
            548              0.0000   6.491539e-02         0.9958
            549              0.0000   6.464106e-02         0.9958
            550              0.0000   6.436606e-02         0.9957
            551              0.0000   6.405497e-02         0.9952
            552              0.0000   6.374531e-02         0.9952
            553              0.0000   6.342088e-02         0.9949
            554              0.0000   6.312427e-02         0.9953
            555              0.0000   6.282667e-02         0.9953
            556              0.0000   6.251972e-02         0.9951
            557              0.0000   6.220692e-02         0.9950
            558              0.0000   6.190719e-02         0.9952
            559              0.0000   6.160211e-02         0.9951
            560              0.0000   6.130972e-02         0.9953
            561              0.0000   6.102220e-02         0.9953
            562              0.0000   6.074479e-02         0.9955
            563              0.0000   6.048830e-02         0.9958
            564              0.0000   6.025140e-02         0.9961
            565              0.0000   6.003047e-02         0.9963
            566              0.0000   5.979797e-02         0.9961
            567              0.0000   5.959110e-02         0.9965
            568              0.0000   5.939743e-02         0.9968
            569              0.0000   5.921738e-02         0.9970
            570              0.0000   5.903440e-02         0.9969
            571              0.0000   5.885928e-02         0.9970
            572              0.0000   5.867766e-02         0.9969
            573              0.0000   5.850900e-02         0.9971
            574              0.0000   5.835889e-02         0.9974
            575              0.0000   5.821498e-02         0.9975
            576              0.0000   5.807939e-02         0.9977
            577              0.0000   5.795383e-02         0.9978
            578              0.0000   5.783478e-02         0.9979
            579              0.0000   5.770962e-02         0.9978
            580              0.0000   5.759896e-02         0.9981
            581              0.0000   5.749158e-02         0.9981
            582              0.0000   5.739227e-02         0.9983
            583              0.0000   5.729522e-02         0.9983
            584              0.0000   5.720011e-02         0.9983
            585              0.0000   5.710266e-02         0.9983
            586              0.0000   5.701210e-02         0.9984
            587              0.0000   5.693378e-02         0.9986
            588              0.0000   5.685571e-02         0.9986
            589              0.0000   5.678148e-02         0.9987
            590              0.0000   5.669378e-02         0.9985
            591              0.0000   5.661830e-02         0.9987
            592              0.0000   5.653987e-02         0.9986
            593              0.0000   5.645560e-02         0.9985
            594              0.0000   5.637420e-02         0.9986
            595              0.0000   5.627934e-02         0.9983
            596              0.0000   5.617199e-02         0.9981
            597              0.0000   5.607728e-02         0.9983
            598              0.0000   5.596332e-02         0.9980
            599              0.0000   5.579647e-02         0.9970
            600              0.0000   5.574527e-02         0.9991
            601              0.0000   5.574018e-02         0.9999
            602              0.0000   5.572793e-02         0.9998
            603              0.0000   5.569862e-02         0.9995
            604              0.0000   5.563059e-02         0.9988
            605              0.0000   5.555976e-02         0.9987
            606              0.0000   5.551804e-02         0.9992
            607              0.0000   5.549504e-02         0.9996
            608              0.0000   5.546854e-02         0.9995
            609              0.0000   5.544242e-02         0.9995
            610              0.0000   5.541623e-02         0.9995
            611              0.0000   5.538392e-02         0.9994
            612              0.0000   5.534749e-02         0.9993
            613              0.0000   5.529819e-02         0.9991
            614              0.0000   5.525675e-02         0.9993
            615              0.0000   5.522218e-02         0.9994
            616              0.0000   5.519193e-02         0.9995
            617              0.0000   5.515939e-02         0.9994
            618              0.0000   5.512012e-02         0.9993
            619              0.0000   5.508265e-02         0.9993
            620              0.0000   5.505170e-02         0.9994
            621              0.0000   5.501938e-02         0.9994
            622              0.0000   5.498037e-02         0.9993
            623              0.0000   5.493833e-02         0.9992
            624              0.0000   5.490327e-02         0.9994
            625              0.0000   5.486306e-02         0.9993
            626              0.0000   5.481621e-02         0.9991
            627              0.0000   5.477652e-02         0.9993
            628              0.0000   5.473320e-02         0.9992
            629              0.0000   5.468504e-02         0.9991
            630              0.0000   5.462301e-02         0.9989
            631              0.0000   5.455621e-02         0.9988
            632              0.0000   5.449619e-02         0.9989
            633              0.0000   5.443309e-02         0.9988
            634              0.0000   5.436412e-02         0.9987
            635              0.0000   5.429938e-02         0.9988
            636              0.0000   5.422267e-02         0.9986
            637              0.0000   5.414560e-02         0.9986
            638              0.0000   5.405281e-02         0.9983
            639              0.0000   5.395515e-02         0.9982
            640              0.0000   5.384222e-02         0.9979
            641              0.0000   5.372969e-02         0.9979
            642              0.0000   5.359365e-02         0.9975
            643              0.0000   5.347566e-02         0.9978
            644              0.0000   5.335124e-02         0.9977
            645              0.0000   5.321562e-02         0.9975
            646              0.0000   5.307078e-02         0.9973
            647              0.0000   5.292661e-02         0.9973
            648              0.0000   5.278965e-02         0.9974
            649              0.0000   5.264203e-02         0.9972
            650              0.0000   5.247755e-02         0.9969
            651              0.0000   5.232246e-02         0.9970
            652              0.0000   5.214629e-02         0.9966
            653              0.0000   5.197788e-02         0.9968
            654              0.0000   5.183230e-02         0.9972
            655              0.0000   5.168224e-02         0.9971
            656              0.0000   5.150066e-02         0.9965
            657              0.0000   5.132790e-02         0.9966
            658              0.0000   5.118505e-02         0.9972
            659              0.0000   5.105329e-02         0.9974
            660              0.0000   5.090031e-02         0.9970
            661              0.0000   5.073739e-02         0.9968
            662              0.0000   5.056342e-02         0.9966
            663              0.0000   5.041048e-02         0.9970
            664              0.0000   5.024721e-02         0.9968
            665              0.0000   5.009265e-02         0.9969
            666              0.0000   4.993771e-02         0.9969
            667              0.0000   4.977171e-02         0.9967
            668              0.0000   4.964030e-02         0.9974
            669              0.0000   4.951495e-02         0.9975
            670              0.0000   4.939076e-02         0.9975
            671              0.0000   4.923357e-02         0.9968
            672              0.0000   4.910688e-02         0.9974
            673              0.0000   4.896921e-02         0.9972
            674              0.0000   4.883981e-02         0.9974
            675              0.0000   4.869594e-02         0.9971
            676              0.0000   4.854323e-02         0.9969
            677              0.0000   4.841658e-02         0.9974
            678              0.0000   4.829030e-02         0.9974
            679              0.0000   4.817272e-02         0.9976
            680              0.0000   4.806148e-02         0.9977
            681              0.0000   4.793908e-02         0.9975
            682              0.0000   4.783028e-02         0.9977
            683              0.0000   4.772287e-02         0.9978
            684              0.0000   4.762078e-02         0.9979
            685              0.0000   4.752266e-02         0.9979
            686              0.0000   4.742558e-02         0.9980
            687              0.0000   4.732230e-02         0.9978
            688              0.0000   4.723231e-02         0.9981
            689              0.0000   4.713409e-02         0.9979
            690              0.0000   4.703000e-02         0.9978
            691              0.0000   4.693326e-02         0.9979
            692              0.0000   4.684333e-02         0.9981
            693              0.0000   4.675909e-02         0.9982
            694              0.0000   4.665449e-02         0.9978
            695              0.0000   4.656433e-02         0.9981
            696              0.0000   4.647114e-02         0.9980
            697              0.0000   4.638506e-02         0.9981
            698              0.0000   4.630706e-02         0.9983
            699              0.0000   4.622666e-02         0.9983
            700              0.0000   4.614749e-02         0.9983
            701              0.0000   4.605393e-02         0.9980
            702              0.0000   4.595139e-02         0.9978
            703              0.0000   4.587812e-02         0.9984
            704              0.0000   4.580870e-02         0.9985
            705              0.0000   4.571130e-02         0.9979
            706              0.0000   4.560628e-02         0.9977
            707              0.0000   4.553227e-02         0.9984
            708              0.0000   4.543575e-02         0.9979
            709              0.0000   4.530411e-02         0.9971
            710              0.0000   4.520550e-02         0.9978
            711              0.0000   4.514722e-02         0.9987
            712              0.0000   4.508729e-02         0.9987
            713              0.0000   4.503544e-02         0.9988
            714              0.0000   4.498292e-02         0.9988
            715              0.0000   4.492413e-02         0.9987
            716              0.0000   4.487713e-02         0.9990
            717              0.0000   4.484211e-02         0.9992
            718              0.0000   4.480897e-02         0.9993
            719              0.0000   4.476659e-02         0.9991
            720              0.0000   4.472789e-02         0.9991
            721              0.0000   4.469255e-02         0.9992
            722              0.0000   4.465276e-02         0.9991
            723              0.0000   4.461167e-02         0.9991
            724              0.0000   4.457149e-02         0.9991
            725              0.0000   4.453934e-02         0.9993
            726              0.0000   4.450223e-02         0.9992
            727              0.0000   4.446002e-02         0.9991
            728              0.0000   4.441606e-02         0.9990
            729              0.0000   4.437135e-02         0.9990
            730              0.0000   4.432740e-02         0.9990
            731              0.0000   4.428691e-02         0.9991
            732              0.0000   4.423567e-02         0.9988
            733              0.0000   4.418313e-02         0.9988
            734              0.0000   4.413630e-02         0.9989
            735              0.0000   4.409027e-02         0.9990
            736              0.0000   4.403750e-02         0.9988
            737              0.0000   4.397772e-02         0.9986
            738              0.0000   4.392926e-02         0.9989
            739              0.0000   4.387885e-02         0.9989
            740              0.0000   4.382353e-02         0.9987
            741              0.0000   4.377357e-02         0.9989
            742              0.0000   4.372363e-02         0.9989
            743              0.0000   4.367769e-02         0.9989
            744              0.0000   4.363274e-02         0.9990
            745              0.0000   4.359450e-02         0.9991
            746              0.0000   4.354951e-02         0.9990
            747              0.0000   4.349014e-02         0.9986
            748              0.0000   4.343644e-02         0.9988
            749              0.0000   4.339258e-02         0.9990
            750              0.0000   4.334263e-02         0.9988
            751              0.0000   4.329081e-02         0.9988
            752              0.0000   4.324216e-02         0.9989
            753              0.0000   4.319301e-02         0.9989
            754              0.0000   4.314838e-02         0.9990
            755              0.0000   4.310303e-02         0.9989
            756              0.0000   4.305667e-02         0.9989
            757              0.0000   4.300940e-02         0.9989
            758              0.0000   4.296590e-02         0.9990
            759              0.0000   4.292338e-02         0.9990
            760              0.0000   4.287872e-02         0.9990
            761              0.0000   4.284002e-02         0.9991
            762              0.0000   4.279651e-02         0.9990
            763              0.0000   4.274882e-02         0.9989
            764              0.0000   4.269193e-02         0.9987
            765              0.0000   4.264897e-02         0.9990
            766              0.0000   4.260644e-02         0.9990
            767              0.0000   4.255194e-02         0.9987
            768              0.0000   4.249016e-02         0.9985
            769              0.0000   4.243033e-02         0.9986
            770              0.0000   4.236690e-02         0.9985
            771              0.0000   4.229526e-02         0.9983
            772              0.0000   4.222361e-02         0.9983
            773              0.0000   4.215148e-02         0.9983
            774              0.0000   4.207982e-02         0.9983
            775              0.0000   4.200086e-02         0.9981
            776              0.0000   4.192096e-02         0.9981
            777              0.0000   4.184354e-02         0.9982
            778              0.0000   4.176941e-02         0.9982
            779              0.0000   4.169535e-02         0.9982
            780              0.0000   4.161863e-02         0.9982
            781              0.0000   4.152917e-02         0.9979
            782              0.0000   4.145231e-02         0.9981
            783              0.0000   4.136305e-02         0.9978
            784              0.0000   4.128237e-02         0.9980
            785              0.0000   4.118956e-02         0.9978
            786              0.0000   4.109767e-02         0.9978
            787              0.0000   4.100522e-02         0.9978
            788              0.0000   4.090431e-02         0.9975
            789              0.0000   4.078290e-02         0.9970
            790              0.0000   4.065813e-02         0.9969
            791              0.0000   4.052791e-02         0.9968
            792              0.0000   4.040636e-02         0.9970
            793              0.0000   4.029429e-02         0.9972
            794              0.0000   4.017823e-02         0.9971
            795              0.0000   4.003550e-02         0.9964
            796              0.0000   3.986519e-02         0.9957
            797              0.0000   3.970348e-02         0.9959
            798              0.0000   3.956463e-02         0.9965
            799              0.0000   3.938830e-02         0.9955
            800              0.0000   3.933058e-02         0.9985
            801              0.0000   3.931887e-02         0.9997
            802              0.0000   3.930225e-02         0.9996
            803              0.0000   3.924261e-02         0.9985
            804              0.0000   3.912930e-02         0.9971
            805              0.0000   3.901498e-02         0.9971
            806              0.0000   3.893497e-02         0.9979
            807              0.0000   3.886444e-02         0.9982
            808              0.0000   3.879285e-02         0.9982
            809              0.0000   3.872984e-02         0.9984
            810              0.0000   3.867677e-02         0.9986
            811              0.0000   3.861543e-02         0.9984
            812              0.0000   3.855695e-02         0.9985
            813              0.0000   3.848867e-02         0.9982
            814              0.0000   3.842235e-02         0.9983
            815              0.0000   3.837456e-02         0.9988
            816              0.0000   3.832466e-02         0.9987
            817              0.0000   3.827143e-02         0.9986
            818              0.0000   3.820886e-02         0.9984
            819              0.0000   3.814183e-02         0.9982
            820              0.0000   3.808260e-02         0.9984
            821              0.0000   3.802448e-02         0.9985
            822              0.0000   3.796852e-02         0.9985
            823              0.0000   3.792288e-02         0.9988
            824              0.0000   3.787285e-02         0.9987
            825              0.0000   3.781933e-02         0.9986
            826              0.0000   3.776324e-02         0.9985
            827              0.0000   3.770203e-02         0.9984
            828              0.0000   3.765000e-02         0.9986
            829              0.0000   3.759530e-02         0.9985
            830              0.0000   3.753804e-02         0.9985
            831              0.0000   3.746755e-02         0.9981
            832              0.0000   3.741221e-02         0.9985
            833              0.0000   3.735594e-02         0.9985
            834              0.0000   3.730890e-02         0.9987
            835              0.0000   3.726104e-02         0.9987
            836              0.0000   3.719906e-02         0.9983
            837              0.0000   3.713718e-02         0.9983
            838              0.0000   3.707177e-02         0.9982
            839              0.0000   3.702048e-02         0.9986
            840              0.0000   3.696966e-02         0.9986
            841              0.0000   3.690583e-02         0.9983
            842              0.0000   3.685632e-02         0.9987
            843              0.0000   3.681274e-02         0.9988
            844              0.0000   3.677052e-02         0.9989
            845              0.0000   3.672918e-02         0.9989
            846              0.0000   3.668573e-02         0.9988
            847              0.0000   3.663834e-02         0.9987
            848              0.0000   3.659273e-02         0.9988
            849              0.0000   3.654632e-02         0.9987
            850              0.0000   3.650136e-02         0.9988
            851              0.0000   3.645935e-02         0.9988
            852              0.0000   3.640381e-02         0.9985
            853              0.0000   3.635647e-02         0.9987
            854              0.0000   3.630737e-02         0.9986
            855              0.0000   3.625722e-02         0.9986
            856              0.0000   3.619827e-02         0.9984
            857              0.0000   3.614978e-02         0.9987
            858              0.0000   3.610041e-02         0.9986
            859              0.0000   3.604552e-02         0.9985
            860              0.0000   3.598793e-02         0.9984
            861              0.0000   3.593855e-02         0.9986
            862              0.0000   3.588599e-02         0.9985
            863              0.0000   3.582848e-02         0.9984
            864              0.0000   3.578054e-02         0.9987
            865              0.0000   3.573747e-02         0.9988
            866              0.0000   3.568419e-02         0.9985
            867              0.0000   3.563643e-02         0.9987
            868              0.0000   3.559055e-02         0.9987
            869              0.0000   3.554549e-02         0.9987
            870              0.0000   3.549813e-02         0.9987
            871              0.0000   3.544499e-02         0.9985
            872              0.0000   3.540595e-02         0.9989
            873              0.0000   3.536219e-02         0.9988
            874              0.0000   3.532244e-02         0.9989
            875              0.0000   3.528425e-02         0.9989
            876              0.0000   3.524041e-02         0.9988
            877              0.0000   3.520523e-02         0.9990
            878              0.0000   3.516824e-02         0.9989
            879              0.0000   3.513773e-02         0.9991
            880              0.0000   3.509837e-02         0.9989
            881              0.0000   3.506187e-02         0.9990
            882              0.0000   3.502661e-02         0.9990
            883              0.0000   3.499458e-02         0.9991
            884              0.0000   3.495856e-02         0.9990
            885              0.0000   3.492682e-02         0.9991
            886              0.0000   3.489461e-02         0.9991
            887              0.0000   3.485835e-02         0.9990
            888              0.0000   3.482411e-02         0.9990
            889              0.0000   3.479132e-02         0.9991
            890              0.0000   3.475891e-02         0.9991
            891              0.0000   3.472314e-02         0.9990
            892              0.0000   3.468016e-02         0.9988
            893              0.0000   3.464642e-02         0.9990
            894              0.0000   3.461006e-02         0.9990
            895              0.0000   3.457332e-02         0.9989
            896              0.0000   3.453808e-02         0.9990
            897              0.0000   3.449227e-02         0.9987
            898              0.0000   3.444660e-02         0.9987
            899              0.0000   3.438227e-02         0.9981
            900              0.0000   3.432471e-02         0.9983
            901              0.0000   3.427849e-02         0.9987
            902              0.0000   3.422409e-02         0.9984
            903              0.0000   3.417599e-02         0.9986
            904              0.0000   3.413661e-02         0.9988
            905              0.0000   3.408481e-02         0.9985
            906              0.0000   3.402177e-02         0.9982
            907              0.0000   3.396680e-02         0.9984
            908              0.0000   3.391825e-02         0.9986
            909              0.0000   3.387824e-02         0.9988
            910              0.0000   3.384391e-02         0.9990
            911              0.0000   3.380610e-02         0.9989
            912              0.0000   3.374717e-02         0.9983
            913              0.0000   3.369426e-02         0.9984
            914              0.0000   3.364405e-02         0.9985
            915              0.0000   3.360201e-02         0.9988
            916              0.0000   3.356301e-02         0.9988
            917              0.0000   3.351956e-02         0.9987
            918              0.0000   3.347039e-02         0.9985
            919              0.0000   3.342804e-02         0.9987
            920              0.0000   3.338364e-02         0.9987
            921              0.0000   3.333585e-02         0.9986
            922              0.0000   3.328590e-02         0.9985
            923              0.0000   3.323971e-02         0.9986
            924              0.0000   3.319039e-02         0.9985
            925              0.0000   3.313776e-02         0.9984
            926              0.0000   3.308704e-02         0.9985
            927              0.0000   3.302820e-02         0.9982
            928              0.0000   3.296814e-02         0.9982
            929              0.0000   3.291781e-02         0.9985
            930              0.0000   3.286209e-02         0.9983
            931              0.0000   3.280058e-02         0.9981
            932              0.0000   3.273431e-02         0.9980
            933              0.0000   3.267221e-02         0.9981
            934              0.0000   3.261080e-02         0.9981
            935              0.0000   3.254848e-02         0.9981
            936              0.0000   3.248838e-02         0.9982
            937              0.0000   3.243084e-02         0.9982
            938              0.0000   3.236053e-02         0.9978
            939              0.0000   3.229623e-02         0.9980
            940              0.0000   3.223071e-02         0.9980
            941              0.0000   3.216166e-02         0.9979
            942              0.0000   3.210269e-02         0.9982
            943              0.0000   3.204472e-02         0.9982
            944              0.0000   3.198975e-02         0.9983
            945              0.0000   3.192576e-02         0.9980
            946              0.0000   3.186549e-02         0.9981
            947              0.0000   3.180720e-02         0.9982
            948              0.0000   3.174964e-02         0.9982
            949              0.0000   3.169725e-02         0.9983
            950              0.0000   3.164034e-02         0.9982
            951              0.0000   3.158186e-02         0.9982
            952              0.0000   3.151736e-02         0.9980
            953              0.0000   3.145892e-02         0.9981
            954              0.0000   3.139672e-02         0.9980
            955              0.0000   3.133878e-02         0.9982
            956              0.0000   3.128257e-02         0.9982
            957              0.0000   3.122319e-02         0.9981
            958              0.0000   3.116087e-02         0.9980
            959              0.0000   3.109135e-02         0.9978
            960              0.0000   3.102776e-02         0.9980
            961              0.0000   3.096726e-02         0.9980
            962              0.0000   3.090123e-02         0.9979
            963              0.0000   3.083783e-02         0.9979
            964              0.0000   3.077469e-02         0.9980
            965              0.0000   3.071048e-02         0.9979
            966              0.0000   3.064880e-02         0.9980
            967              0.0000   3.059261e-02         0.9982
            968              0.0000   3.053009e-02         0.9980
            969              0.0000   3.047062e-02         0.9981
            970              0.0000   3.040227e-02         0.9978
            971              0.0000   3.033706e-02         0.9979
            972              0.0000   3.026863e-02         0.9977
            973              0.0000   3.020289e-02         0.9978
            974              0.0000   3.013730e-02         0.9978
            975              0.0000   3.007129e-02         0.9978
            976              0.0000   3.000547e-02         0.9978
            977              0.0000   2.993424e-02         0.9976
            978              0.0000   2.987037e-02         0.9979
            979              0.0000   2.980058e-02         0.9977
            980              0.0000   2.974078e-02         0.9980
            981              0.0000   2.967978e-02         0.9979
            982              0.0000   2.962199e-02         0.9981
            983              0.0000   2.956562e-02         0.9981
            984              0.0000   2.951307e-02         0.9982
            985              0.0000   2.944761e-02         0.9978
            986              0.0000   2.938084e-02         0.9977
            987              0.0000   2.932485e-02         0.9981
            988              0.0000   2.927670e-02         0.9984
            989              0.0000   2.922403e-02         0.9982
            990              0.0000   2.916615e-02         0.9980
            991              0.0000   2.911301e-02         0.9982
            992              0.0000   2.905824e-02         0.9981
            993              0.0000   2.901024e-02         0.9983
            994              0.0000   2.897249e-02         0.9987
            995              0.0000   2.893997e-02         0.9989
            996              0.0000   2.889403e-02         0.9984
            997              0.0000   2.882090e-02         0.9975
            998              0.0000   2.875386e-02         0.9977
            999              0.0000   2.866558e-02         0.9969
           1000              0.0000   2.863530e-02         0.9989
           1001              0.0000   2.862889e-02         0.9998
           1002              0.0000   2.862056e-02         0.9997
           1003              0.0000   2.860044e-02         0.9993
           1004              0.0000   2.854361e-02         0.9980
           1005              0.0000   2.849782e-02         0.9984
           1006              0.0000   2.847266e-02         0.9991
           1007              0.0000   2.845455e-02         0.9994
           1008              0.0000   2.843488e-02         0.9993
           1009              0.0000   2.841522e-02         0.9993
           1010              0.0000   2.839734e-02         0.9994
           1011              0.0000   2.837298e-02         0.9991
           1012              0.0000   2.834473e-02         0.9990
           1013              0.0000   2.831053e-02         0.9988
           1014              0.0000   2.827912e-02         0.9989
           1015              0.0000   2.825455e-02         0.9991
           1016              0.0000   2.823561e-02         0.9993
           1017              0.0000   2.820728e-02         0.9990
           1018              0.0000   2.817534e-02         0.9989
           1019              0.0000   2.814378e-02         0.9989
           1020              0.0000   2.811591e-02         0.9990
           1021              0.0000   2.808700e-02         0.9990
           1022              0.0000   2.805928e-02         0.9990
           1023              0.0000   2.802861e-02         0.9989
           1024              0.0000   2.799860e-02         0.9989
           1025              0.0000   2.796354e-02         0.9987
           1026              0.0000   2.792983e-02         0.9988
           1027              0.0000   2.789922e-02         0.9989
           1028              0.0000   2.786530e-02         0.9988
           1029              0.0000   2.782745e-02         0.9986
           1030              0.0000   2.778710e-02         0.9986
           1031              0.0000   2.775111e-02         0.9987
           1032              0.0000   2.770931e-02         0.9985
           1033              0.0000   2.766937e-02         0.9986
           1034              0.0000   2.762984e-02         0.9986
           1035              0.0000   2.759665e-02         0.9988
           1036              0.0000   2.756241e-02         0.9988
           1037              0.0000   2.752382e-02         0.9986
           1038              0.0000   2.748082e-02         0.9984
           1039              0.0000   2.744026e-02         0.9985
           1040              0.0000   2.740484e-02         0.9987
           1041              0.0000   2.736463e-02         0.9985
           1042              0.0000   2.732378e-02         0.9985
           1043              0.0000   2.728583e-02         0.9986
           1044              0.0000   2.725077e-02         0.9987
           1045              0.0000   2.720968e-02         0.9985
           1046              0.0000   2.717119e-02         0.9986
           1047              0.0000   2.713874e-02         0.9988
           1048              0.0000   2.710602e-02         0.9988
           1049              0.0000   2.707330e-02         0.9988
           1050              0.0000   2.704262e-02         0.9989
           1051              0.0000   2.701207e-02         0.9989
           1052              0.0000   2.698069e-02         0.9988
           1053              0.0000   2.694884e-02         0.9988
           1054              0.0000   2.691879e-02         0.9989
           1055              0.0000   2.689290e-02         0.9990
           1056              0.0000   2.686277e-02         0.9989
           1057              0.0000   2.683160e-02         0.9988
           1058              0.0000   2.680154e-02         0.9989
           1059              0.0000   2.677437e-02         0.9990
           1060              0.0000   2.674242e-02         0.9988
           1061              0.0000   2.671271e-02         0.9989
           1062              0.0000   2.667914e-02         0.9987
           1063              0.0000   2.664183e-02         0.9986
           1064              0.0000   2.660448e-02         0.9986
           1065              0.0000   2.656771e-02         0.9986
           1066              0.0000   2.653070e-02         0.9986
           1067              0.0000   2.648993e-02         0.9985
           1068              0.0000   2.645821e-02         0.9988
           1069              0.0000   2.642302e-02         0.9987
           1070              0.0000   2.638535e-02         0.9986
           1071              0.0000   2.634044e-02         0.9983
           1072              0.0000   2.629438e-02         0.9983
           1073              0.0000   2.624978e-02         0.9983
           1074              0.0000   2.619318e-02         0.9978
           1075              0.0000   2.613928e-02         0.9979
           1076              0.0000   2.607871e-02         0.9977
           1077              0.0000   2.602289e-02         0.9979
           1078              0.0000   2.597119e-02         0.9980
           1079              0.0000   2.590921e-02         0.9976
           1080              0.0000   2.585296e-02         0.9978
           1081              0.0000   2.579532e-02         0.9978
           1082              0.0000   2.574140e-02         0.9979
           1083              0.0000   2.568572e-02         0.9978
           1084              0.0000   2.562936e-02         0.9978
           1085              0.0000   2.557233e-02         0.9978
           1086              0.0000   2.551329e-02         0.9977
           1087              0.0000   2.544928e-02         0.9975
           1088              0.0000   2.538818e-02         0.9976
           1089              0.0000   2.532420e-02         0.9975
           1090              0.0000   2.525275e-02         0.9972
           1091              0.0000   2.519347e-02         0.9977
           1092              0.0000   2.513776e-02         0.9978
           1093              0.0000   2.508065e-02         0.9977
           1094              0.0000   2.502391e-02         0.9977
           1095              0.0000   2.496839e-02         0.9978
           1096              0.0000   2.490615e-02         0.9975
           1097              0.0000   2.485337e-02         0.9979
           1098              0.0000   2.480988e-02         0.9983
           1099              0.0000   2.476567e-02         0.9982
           1100              0.0000   2.471351e-02         0.9979
           1101              0.0000   2.465611e-02         0.9977
           1102              0.0000   2.459449e-02         0.9975
           1103              0.0000   2.454653e-02         0.9980
           1104              0.0000   2.449694e-02         0.9980
           1105              0.0000   2.443412e-02         0.9974
           1106              0.0000   2.437486e-02         0.9976
           1107              0.0000   2.432617e-02         0.9980
           1108              0.0000   2.426993e-02         0.9977
           1109              0.0000   2.419535e-02         0.9969
           1110              0.0000   2.413777e-02         0.9976
           1111              0.0000   2.408887e-02         0.9980
           1112              0.0000   2.404434e-02         0.9982
           1113              0.0000   2.400893e-02         0.9985
           1114              0.0000   2.397591e-02         0.9986
           1115              0.0000   2.393973e-02         0.9985
           1116              0.0000   2.390071e-02         0.9984
           1117              0.0000   2.385796e-02         0.9982
           1118              0.0000   2.381678e-02         0.9983
           1119              0.0000   2.379280e-02         0.9990
           1120              0.0000   2.375873e-02         0.9986
           1121              0.0000   2.371075e-02         0.9980
           1122              0.0000   2.366944e-02         0.9983
           1123              0.0000   2.363145e-02         0.9984
           1124              0.0000   2.359012e-02         0.9983
           1125              0.0000   2.354639e-02         0.9981
           1126              0.0000   2.350564e-02         0.9983
           1127              0.0000   2.346512e-02         0.9983
           1128              0.0000   2.342093e-02         0.9981
           1129              0.0000   2.337578e-02         0.9981
           1130              0.0000   2.333275e-02         0.9982
           1131              0.0000   2.328784e-02         0.9981
           1132              0.0000   2.325124e-02         0.9984
           1133              0.0000   2.321404e-02         0.9984
           1134              0.0000   2.317873e-02         0.9985
           1135              0.0000   2.313972e-02         0.9983
           1136              0.0000   2.309581e-02         0.9981
           1137              0.0000   2.305437e-02         0.9982
           1138              0.0000   2.301478e-02         0.9983
           1139              0.0000   2.297975e-02         0.9985
           1140              0.0000   2.294455e-02         0.9985
           1141              0.0000   2.291126e-02         0.9985
           1142              0.0000   2.287724e-02         0.9985
           1143              0.0000   2.285247e-02         0.9989
           1144              0.0000   2.282840e-02         0.9989
           1145              0.0000   2.279962e-02         0.9987
           1146              0.0000   2.277270e-02         0.9988
           1147              0.0000   2.274654e-02         0.9989
           1148              0.0000   2.272336e-02         0.9990
           1149              0.0000   2.269777e-02         0.9989
           1150              0.0000   2.266736e-02         0.9987
           1151              0.0000   2.264037e-02         0.9988
           1152              0.0000   2.260932e-02         0.9986
           1153              0.0000   2.258595e-02         0.9990
           1154              0.0000   2.256497e-02         0.9991
           1155              0.0000   2.253913e-02         0.9989
           1156              0.0000   2.251409e-02         0.9989
           1157              0.0000   2.249226e-02         0.9990
           1158              0.0000   2.246958e-02         0.9990
           1159              0.0000   2.244893e-02         0.9991
           1160              0.0000   2.242834e-02         0.9991
           1161              0.0000   2.240882e-02         0.9991
           1162              0.0000   2.238789e-02         0.9991
           1163              0.0000   2.236766e-02         0.9991
           1164              0.0000   2.234678e-02         0.9991
           1165              0.0000   2.232376e-02         0.9990
           1166              0.0000   2.230001e-02         0.9989
           1167              0.0000   2.227989e-02         0.9991
           1168              0.0000   2.225765e-02         0.9990
           1169              0.0000   2.223208e-02         0.9989
           1170              0.0000   2.220696e-02         0.9989
           1171              0.0000   2.218562e-02         0.9990
           1172              0.0000   2.216622e-02         0.9991
           1173              0.0000   2.214136e-02         0.9989
           1174              0.0000   2.211872e-02         0.9990
           1175              0.0000   2.209597e-02         0.9990
           1176              0.0000   2.207442e-02         0.9990
           1177              0.0000   2.205494e-02         0.9991
           1178              0.0000   2.203402e-02         0.9991
           1179              0.0000   2.200705e-02         0.9988
           1180              0.0000   2.197635e-02         0.9986
           1181              0.0000   2.195126e-02         0.9989
           1182              0.0000   2.193153e-02         0.9991
           1183              0.0000   2.191424e-02         0.9992
           1184              0.0000   2.188271e-02         0.9986
           1185              0.0000   2.185434e-02         0.9987
           1186              0.0000   2.183000e-02         0.9989
           1187              0.0000   2.180902e-02         0.9990
           1188              0.0000   2.179095e-02         0.9992
           1189              0.0000   2.175984e-02         0.9986
           1190              0.0000   2.172961e-02         0.9986
           1191              0.0000   2.169756e-02         0.9985
           1192              0.0000   2.167009e-02         0.9987
           1193              0.0000   2.163772e-02         0.9985
           1194              0.0000   2.159807e-02         0.9982
           1195              0.0000   2.155160e-02         0.9978
           1196              0.0000   2.150431e-02         0.9978
           1197              0.0000   2.144776e-02         0.9974
           1198              0.0000   2.141154e-02         0.9983
           1199              0.0000   2.136682e-02         0.9979
           1200              0.0000   2.135464e-02         0.9994
           1201              0.0000   2.135184e-02         0.9999
           1202              0.0000   2.134896e-02         0.9999
           1203              0.0000   2.133490e-02         0.9993
           1204              0.0000   2.129384e-02         0.9981
           1205              0.0000   2.124708e-02         0.9978
           1206              0.0000   2.121931e-02         0.9987
           1207              0.0000   2.119643e-02         0.9989
           1208              0.0000   2.117071e-02         0.9988
           1209              0.0000   2.115197e-02         0.9991
           1210              0.0000   2.113841e-02         0.9994
           1211              0.0000   2.112064e-02         0.9992
           1212              0.0000   2.110393e-02         0.9992
           1213              0.0000   2.108648e-02         0.9992
           1214              0.0000   2.106739e-02         0.9991
           1215              0.0000   2.105077e-02         0.9992
           1216              0.0000   2.103574e-02         0.9993
           1217              0.0000   2.102129e-02         0.9993
           1218              0.0000   2.100349e-02         0.9992
           1219              0.0000   2.098203e-02         0.9990
           1220              0.0000   2.096075e-02         0.9990
           1221              0.0000   2.094153e-02         0.9991
           1222              0.0000   2.092423e-02         0.9992
           1223              0.0000   2.091141e-02         0.9994
           1224              0.0000   2.089568e-02         0.9992
           1225              0.0000   2.087262e-02         0.9989
           1226              0.0000   2.084952e-02         0.9989
           1227              0.0000   2.082960e-02         0.9990
           1228              0.0000   2.081299e-02         0.9992
           1229              0.0000   2.079365e-02         0.9991
           1230              0.0000   2.076990e-02         0.9989
           1231              0.0000   2.074568e-02         0.9988
           1232              0.0000   2.072624e-02         0.9991
           1233              0.0000   2.070730e-02         0.9991
           1234              0.0000   2.068752e-02         0.9990
           1235              0.0000   2.066750e-02         0.9990
           1236              0.0000   2.064366e-02         0.9988
           1237              0.0000   2.061775e-02         0.9987
           1238              0.0000   2.058821e-02         0.9986
           1239              0.0000   2.056394e-02         0.9988
           1240              0.0000   2.054093e-02         0.9989
           1241              0.0000   2.051454e-02         0.9987
           1242              0.0000   2.048550e-02         0.9986
           1243              0.0000   2.046358e-02         0.9989
           1244              0.0000   2.044197e-02         0.9989
           1245              0.0000   2.042218e-02         0.9990
           1246              0.0000   2.040079e-02         0.9990
           1247              0.0000   2.037866e-02         0.9989
           1248              0.0000   2.035700e-02         0.9989
           1249              0.0000   2.033235e-02         0.9988
           1250              0.0000   2.030688e-02         0.9987
           1251              0.0000   2.028147e-02         0.9987
           1252              0.0000   2.025154e-02         0.9985
           1253              0.0000   2.022229e-02         0.9986
           1254              0.0000   2.019947e-02         0.9989
           1255              0.0000   2.017332e-02         0.9987
           1256              0.0000   2.014036e-02         0.9984
           1257              0.0000   2.010744e-02         0.9984
           1258              0.0000   2.007670e-02         0.9985
           1259              0.0000   2.004978e-02         0.9987
           1260              0.0000   2.002006e-02         0.9985
           1261              0.0000   1.999132e-02         0.9986
           1262              0.0000   1.996318e-02         0.9986
           1263              0.0000   1.992643e-02         0.9982
           1264              0.0000   1.989728e-02         0.9985
           1265              0.0000   1.987257e-02         0.9988
           1266              0.0000   1.984110e-02         0.9984
           1267              0.0000   1.981208e-02         0.9985
           1268              0.0000   1.978033e-02         0.9984
           1269              0.0000   1.974870e-02         0.9984
           1270              0.0000   1.971705e-02         0.9984
           1271              0.0000   1.967835e-02         0.9980
           1272              0.0000   1.964761e-02         0.9984
           1273              0.0000   1.962190e-02         0.9987
           1274              0.0000   1.959131e-02         0.9984
           1275              0.0000   1.956168e-02         0.9985
           1276              0.0000   1.953010e-02         0.9984
           1277              0.0000   1.949973e-02         0.9984
           1278              0.0000   1.946997e-02         0.9985
           1279              0.0000   1.944209e-02         0.9986
           1280              0.0000   1.940891e-02         0.9983
           1281              0.0000   1.938066e-02         0.9985
           1282              0.0000   1.934943e-02         0.9984
           1283              0.0000   1.931540e-02         0.9982
           1284              0.0000   1.928151e-02         0.9982
           1285              0.0000   1.924988e-02         0.9984
           1286              0.0000   1.922268e-02         0.9986
           1287              0.0000   1.919081e-02         0.9983
           1288              0.0000   1.915912e-02         0.9983
           1289              0.0000   1.912794e-02         0.9984
           1290              0.0000   1.909881e-02         0.9985
           1291              0.0000   1.906890e-02         0.9984
           1292              0.0000   1.903394e-02         0.9982
           1293              0.0000   1.900494e-02         0.9985
           1294              0.0000   1.898159e-02         0.9988
           1295              0.0000   1.895728e-02         0.9987
           1296              0.0000   1.892946e-02         0.9985
           1297              0.0000   1.889632e-02         0.9982
           1298              0.0000   1.886319e-02         0.9982
           1299              0.0000   1.882145e-02         0.9978
           1300              0.0000   1.878726e-02         0.9982
           1301              0.0000   1.875565e-02         0.9983
           1302              0.0000   1.872173e-02         0.9982
           1303              0.0000   1.869058e-02         0.9983
           1304              0.0000   1.866041e-02         0.9984
           1305              0.0000   1.861627e-02         0.9976
           1306              0.0000   1.857267e-02         0.9977
           1307              0.0000   1.853730e-02         0.9981
           1308              0.0000   1.850632e-02         0.9983
           1309              0.0000   1.848418e-02         0.9988
           1310              0.0000   1.846105e-02         0.9987
           1311              0.0000   1.842452e-02         0.9980
           1312              0.0000   1.837570e-02         0.9973
           1313              0.0000   1.833251e-02         0.9976
           1314              0.0000   1.829626e-02         0.9980
           1315              0.0000   1.826196e-02         0.9981
           1316              0.0000   1.823031e-02         0.9983
           1317              0.0000   1.819497e-02         0.9981
           1318              0.0000   1.814304e-02         0.9971
           1319              0.0000   1.810565e-02         0.9979
           1320              0.0000   1.807229e-02         0.9982
           1321              0.0000   1.804060e-02         0.9982
           1322              0.0000   1.800501e-02         0.9980
           1323              0.0000   1.797260e-02         0.9982
           1324              0.0000   1.793800e-02         0.9981
           1325              0.0000   1.790137e-02         0.9980
           1326              0.0000   1.786272e-02         0.9978
           1327              0.0000   1.782857e-02         0.9981
           1328              0.0000   1.779419e-02         0.9981
           1329              0.0000   1.775888e-02         0.9980
           1330              0.0000   1.772278e-02         0.9980
           1331              0.0000   1.768681e-02         0.9980
           1332              0.0000   1.764899e-02         0.9979
           1333              0.0000   1.761635e-02         0.9982
           1334              0.0000   1.758743e-02         0.9984
           1335              0.0000   1.755654e-02         0.9982
           1336              0.0000   1.753137e-02         0.9986
           1337              0.0000   1.750670e-02         0.9986
           1338              0.0000   1.747834e-02         0.9984
           1339              0.0000   1.745268e-02         0.9985
           1340              0.0000   1.742978e-02         0.9987
           1341              0.0000   1.740600e-02         0.9986
           1342              0.0000   1.738126e-02         0.9986
           1343              0.0000   1.735919e-02         0.9987
           1344              0.0000   1.734000e-02         0.9989
           1345              0.0000   1.731535e-02         0.9986
           1346              0.0000   1.729669e-02         0.9989
           1347              0.0000   1.727812e-02         0.9989
           1348              0.0000   1.725815e-02         0.9988
           1349              0.0000   1.724082e-02         0.9990
           1350              0.0000   1.722130e-02         0.9989
           1351              0.0000   1.720129e-02         0.9988
           1352              0.0000   1.718313e-02         0.9989
           1353              0.0000   1.716638e-02         0.9990
           1354              0.0000   1.715106e-02         0.9991
           1355              0.0000   1.713269e-02         0.9989
           1356              0.0000   1.711220e-02         0.9988
           1357              0.0000   1.709443e-02         0.9990
           1358              0.0000   1.707680e-02         0.9990
           1359              0.0000   1.705849e-02         0.9989
           1360              0.0000   1.704125e-02         0.9990
           1361              0.0000   1.701958e-02         0.9987
           1362              0.0000   1.699789e-02         0.9987
           1363              0.0000   1.697504e-02         0.9987
           1364              0.0000   1.695701e-02         0.9989
           1365              0.0000   1.693872e-02         0.9989
           1366              0.0000   1.691899e-02         0.9988
           1367              0.0000   1.690038e-02         0.9989
           1368              0.0000   1.687809e-02         0.9987
           1369              0.0000   1.685318e-02         0.9985
           1370              0.0000   1.682543e-02         0.9984
           1371              0.0000   1.679879e-02         0.9984
           1372              0.0000   1.676948e-02         0.9983
           1373              0.0000   1.673655e-02         0.9980
           1374              0.0000   1.670795e-02         0.9983
           1375              0.0000   1.667716e-02         0.9982
           1376              0.0000   1.664021e-02         0.9978
           1377              0.0000   1.660527e-02         0.9979
           1378              0.0000   1.657034e-02         0.9979
           1379              0.0000   1.653864e-02         0.9981
           1380              0.0000   1.650804e-02         0.9982
           1381              0.0000   1.647773e-02         0.9982
           1382              0.0000   1.644097e-02         0.9978
           1383              0.0000   1.640507e-02         0.9978
           1384              0.0000   1.637000e-02         0.9979
           1385              0.0000   1.633499e-02         0.9979
           1386              0.0000   1.629931e-02         0.9978
           1387              0.0000   1.626965e-02         0.9982
           1388              0.0000   1.624097e-02         0.9982
           1389              0.0000   1.621085e-02         0.9981
           1390              0.0000   1.617476e-02         0.9978
           1391              0.0000   1.613678e-02         0.9977
           1392              0.0000   1.610746e-02         0.9982
           1393              0.0000   1.608222e-02         0.9984
           1394              0.0000   1.606602e-02         0.9990
           1395              0.0000   1.605108e-02         0.9991
           1396              0.0000   1.603171e-02         0.9988
           1397              0.0000   1.599686e-02         0.9978
           1398              0.0000   1.595762e-02         0.9975
           1399              0.0000   1.590780e-02         0.9969
           1400              0.0000   1.588559e-02         0.9986
           1401              0.0000   1.588222e-02         0.9998
           1402              0.0000   1.587386e-02         0.9995
           1403              0.0000   1.586073e-02         0.9992
           1404              0.0000   1.582745e-02         0.9979
           1405              0.0000   1.579939e-02         0.9982
           1406              0.0000   1.578632e-02         0.9992
           1407              0.0000   1.577610e-02         0.9994
           1408              0.0000   1.576371e-02         0.9992
           1409              0.0000   1.575319e-02         0.9993
           1410              0.0000   1.574294e-02         0.9993
           1411              0.0000   1.572462e-02         0.9988
           1412              0.0000   1.570264e-02         0.9986
           1413              0.0000   1.567751e-02         0.9984
           1414              0.0000   1.565629e-02         0.9986
           1415              0.0000   1.563547e-02         0.9987
           1416              0.0000   1.561904e-02         0.9989
           1417              0.0000   1.559605e-02         0.9985
           1418              0.0000   1.557443e-02         0.9986
           1419              0.0000   1.555421e-02         0.9987
           1420              0.0000   1.552993e-02         0.9984
           1421              0.0000   1.550308e-02         0.9983
           1422              0.0000   1.547467e-02         0.9982
           1423              0.0000   1.545303e-02         0.9986
           1424              0.0000   1.543136e-02         0.9986
           1425              0.0000   1.540530e-02         0.9983
           1426              0.0000   1.537871e-02         0.9983
           1427              0.0000   1.535023e-02         0.9981
           1428              0.0000   1.532758e-02         0.9985
           1429              0.0000   1.530148e-02         0.9983
           1430              0.0000   1.527346e-02         0.9982
           1431              0.0000   1.524770e-02         0.9983
           1432              0.0000   1.522572e-02         0.9986
           1433              0.0000   1.520382e-02         0.9986
           1434              0.0000   1.517827e-02         0.9983
           1435              0.0000   1.515714e-02         0.9986
           1436              0.0000   1.513959e-02         0.9988
           1437              0.0000   1.512120e-02         0.9988
           1438              0.0000   1.509938e-02         0.9986
           1439              0.0000   1.507831e-02         0.9986
           1440              0.0000   1.506103e-02         0.9989
           1441              0.0000   1.504481e-02         0.9989
           1442              0.0000   1.502980e-02         0.9990
           1443              0.0000   1.501483e-02         0.9990
           1444              0.0000   1.500010e-02         0.9990
           1445              0.0000   1.498593e-02         0.9991
           1446              0.0000   1.497234e-02         0.9991
           1447              0.0000   1.495781e-02         0.9990
           1448              0.0000   1.494464e-02         0.9991
           1449              0.0000   1.493145e-02         0.9991
           1450              0.0000   1.491951e-02         0.9992
           1451              0.0000   1.490782e-02         0.9992
           1452              0.0000   1.489501e-02         0.9991
           1453              0.0000   1.488439e-02         0.9993
           1454              0.0000   1.487406e-02         0.9993
           1455              0.0000   1.486096e-02         0.9991
           1456              0.0000   1.484799e-02         0.9991
           1457              0.0000   1.483589e-02         0.9992
           1458              0.0000   1.482276e-02         0.9991
           1459              0.0000   1.481009e-02         0.9991
           1460              0.0000   1.479470e-02         0.9990
           1461              0.0000   1.478068e-02         0.9991
           1462              0.0000   1.476347e-02         0.9988
           1463              0.0000   1.474679e-02         0.9989
           1464              0.0000   1.472957e-02         0.9988
           1465              0.0000   1.471350e-02         0.9989
           1466              0.0000   1.469487e-02         0.9987
           1467              0.0000   1.467703e-02         0.9988
           1468              0.0000   1.465913e-02         0.9988
           1469              0.0000   1.464062e-02         0.9987
           1470              0.0000   1.462179e-02         0.9987
           1471              0.0000   1.460029e-02         0.9985
           1472              0.0000   1.457945e-02         0.9986
           1473              0.0000   1.455729e-02         0.9985
           1474              0.0000   1.453007e-02         0.9981
           1475              0.0000   1.450368e-02         0.9982
           1476              0.0000   1.447107e-02         0.9978
           1477              0.0000   1.444264e-02         0.9980
           1478              0.0000   1.441412e-02         0.9980
           1479              0.0000   1.438350e-02         0.9979
           1480              0.0000   1.435208e-02         0.9978
           1481              0.0000   1.432176e-02         0.9979
           1482              0.0000   1.429103e-02         0.9979
           1483              0.0000   1.426154e-02         0.9979
           1484              0.0000   1.422923e-02         0.9977
           1485              0.0000   1.419643e-02         0.9977
           1486              0.0000   1.416101e-02         0.9975
           1487              0.0000   1.412482e-02         0.9974
           1488              0.0000   1.408564e-02         0.9972
           1489              0.0000   1.404629e-02         0.9972
           1490              0.0000   1.400349e-02         0.9970
           1491              0.0000   1.396331e-02         0.9971
           1492              0.0000   1.392877e-02         0.9975
           1493              0.0000   1.389706e-02         0.9977
           1494              0.0000   1.386025e-02         0.9974
           1495              0.0000   1.382716e-02         0.9976
           1496              0.0000   1.378749e-02         0.9971
           1497              0.0000   1.375440e-02         0.9976
           1498              0.0000   1.372980e-02         0.9982
           1499              0.0000   1.370433e-02         0.9981
           1500              0.0000   1.368007e-02         0.9982
           1501              0.0000   1.365054e-02         0.9978
           1502              0.0000   1.361869e-02         0.9977
           1503              0.0000   1.359563e-02         0.9983
           1504              0.0000   1.357465e-02         0.9985
           1505              0.0000   1.354484e-02         0.9978
           1506              0.0000   1.351565e-02         0.9978
           1507              0.0000   1.348790e-02         0.9979
           1508              0.0000   1.345871e-02         0.9978
           1509              0.0000   1.342449e-02         0.9975
           1510              0.0000   1.339714e-02         0.9980
           1511              0.0000   1.337318e-02         0.9982
           1512              0.0000   1.334881e-02         0.9982
           1513              0.0000   1.332850e-02         0.9985
           1514              0.0000   1.330995e-02         0.9986
           1515              0.0000   1.328725e-02         0.9983
           1516              0.0000   1.326439e-02         0.9983
           1517              0.0000   1.324449e-02         0.9985
           1518              0.0000   1.322607e-02         0.9986
           1519              0.0000   1.320825e-02         0.9987
           1520              0.0000   1.318440e-02         0.9982
           1521              0.0000   1.315710e-02         0.9979
           1522              0.0000   1.313554e-02         0.9984
           1523              0.0000   1.311037e-02         0.9981
           1524              0.0000   1.308312e-02         0.9979
           1525              0.0000   1.305820e-02         0.9981
           1526              0.0000   1.303441e-02         0.9982
           1527              0.0000   1.300220e-02         0.9975
           1528              0.0000   1.297258e-02         0.9977
           1529              0.0000   1.294758e-02         0.9981
           1530              0.0000   1.292231e-02         0.9980
           1531              0.0000   1.289710e-02         0.9980
           1532              0.0000   1.287483e-02         0.9983
           1533              0.0000   1.285492e-02         0.9985
           1534              0.0000   1.283230e-02         0.9982
           1535              0.0000   1.280972e-02         0.9982
           1536              0.0000   1.278938e-02         0.9984
           1537              0.0000   1.276343e-02         0.9980
           1538              0.0000   1.273692e-02         0.9979
           1539              0.0000   1.271392e-02         0.9982
           1540              0.0000   1.269238e-02         0.9983
           1541              0.0000   1.267029e-02         0.9983
           1542              0.0000   1.265071e-02         0.9985
           1543              0.0000   1.263297e-02         0.9986
           1544              0.0000   1.261367e-02         0.9985
           1545              0.0000   1.259550e-02         0.9986
           1546              0.0000   1.257987e-02         0.9988
           1547              0.0000   1.256290e-02         0.9987
           1548              0.0000   1.254637e-02         0.9987
           1549              0.0000   1.253084e-02         0.9988
           1550              0.0000   1.251448e-02         0.9987
           1551              0.0000   1.249393e-02         0.9984
           1552              0.0000   1.247662e-02         0.9986
           1553              0.0000   1.246186e-02         0.9988
           1554              0.0000   1.244346e-02         0.9985
           1555              0.0000   1.242308e-02         0.9984
           1556              0.0000   1.240760e-02         0.9988
           1557              0.0000   1.239597e-02         0.9991
           1558              0.0000   1.238034e-02         0.9987
           1559              0.0000   1.236561e-02         0.9988
           1560              0.0000   1.235325e-02         0.9990
           1561              0.0000   1.234363e-02         0.9992
           1562              0.0000   1.233045e-02         0.9989
           1563              0.0000   1.231822e-02         0.9990
           1564              0.0000   1.230849e-02         0.9992
           1565              0.0000   1.229462e-02         0.9989
           1566              0.0000   1.228373e-02         0.9991
           1567              0.0000   1.227241e-02         0.9991
           1568              0.0000   1.225985e-02         0.9990
           1569              0.0000   1.224733e-02         0.9990
           1570              0.0000   1.223311e-02         0.9988
           1571              0.0000   1.222285e-02         0.9992
           1572              0.0000   1.221233e-02         0.9991
           1573              0.0000   1.220150e-02         0.9991
           1574              0.0000   1.219004e-02         0.9991
           1575              0.0000   1.217935e-02         0.9991
           1576              0.0000   1.216909e-02         0.9992
           1577              0.0000   1.216205e-02         0.9994
           1578              0.0000   1.215369e-02         0.9993
           1579              0.0000   1.213981e-02         0.9989
           1580              0.0000   1.212061e-02         0.9984
           1581              0.0000   1.210884e-02         0.9990
           1582              0.0000   1.209907e-02         0.9992
           1583              0.0000   1.208749e-02         0.9990
           1584              0.0000   1.207446e-02         0.9989
           1585              0.0000   1.205967e-02         0.9988
           1586              0.0000   1.204606e-02         0.9989
           1587              0.0000   1.203534e-02         0.9991
           1588              0.0000   1.202794e-02         0.9994
           1589              0.0000   1.201457e-02         0.9989
           1590              0.0000   1.199761e-02         0.9986
           1591              0.0000   1.198426e-02         0.9989
           1592              0.0000   1.197346e-02         0.9991
           1593              0.0000   1.196134e-02         0.9990
           1594              0.0000   1.194495e-02         0.9986
           1595              0.0000   1.192243e-02         0.9981
           1596              0.0000   1.189566e-02         0.9978
           1597              0.0000   1.186686e-02         0.9976
           1598              0.0000   1.184730e-02         0.9984
           1599              0.0000   1.182430e-02         0.9981
           1600              0.0000   1.181803e-02         0.9995
           1601              0.0000   1.181638e-02         0.9999
           1602              0.0000   1.181490e-02         0.9999
           1603              0.0000   1.180801e-02         0.9994
           1604              0.0000   1.178645e-02         0.9982
           1605              0.0000   1.176378e-02         0.9981
           1606              0.0000   1.174880e-02         0.9987
           1607              0.0000   1.173536e-02         0.9989
           1608              0.0000   1.172081e-02         0.9988
           1609              0.0000   1.171098e-02         0.9992
           1610              0.0000   1.170422e-02         0.9994
           1611              0.0000   1.169710e-02         0.9994
           1612              0.0000   1.168948e-02         0.9993
           1613              0.0000   1.167756e-02         0.9990
           1614              0.0000   1.166774e-02         0.9992
           1615              0.0000   1.166015e-02         0.9993
           1616              0.0000   1.165405e-02         0.9995
           1617              0.0000   1.164610e-02         0.9993
           1618              0.0000   1.163502e-02         0.9990
           1619              0.0000   1.162352e-02         0.9990
           1620              0.0000   1.161426e-02         0.9992
           1621              0.0000   1.160482e-02         0.9992
           1622              0.0000   1.159553e-02         0.9992
           1623              0.0000   1.158814e-02         0.9994
           1624              0.0000   1.157896e-02         0.9992
           1625              0.0000   1.156576e-02         0.9989
           1626              0.0000   1.155455e-02         0.9990
           1627              0.0000   1.154573e-02         0.9992
           1628              0.0000   1.153724e-02         0.9993
           1629              0.0000   1.152802e-02         0.9992
           1630              0.0000   1.151646e-02         0.9990
           1631              0.0000   1.150540e-02         0.9990
           1632              0.0000   1.149620e-02         0.9992
           1633              0.0000   1.148709e-02         0.9992
           1634              0.0000   1.147715e-02         0.9991
           1635              0.0000   1.146534e-02         0.9990
           1636              0.0000   1.145269e-02         0.9989
           1637              0.0000   1.143947e-02         0.9988
           1638              0.0000   1.142313e-02         0.9986
           1639              0.0000   1.140990e-02         0.9988
           1640              0.0000   1.139764e-02         0.9989
           1641              0.0000   1.138356e-02         0.9988
           1642              0.0000   1.136766e-02         0.9986
           1643              0.0000   1.135427e-02         0.9988
           1644              0.0000   1.134257e-02         0.9990
           1645              0.0000   1.132955e-02         0.9989
           1646              0.0000   1.131426e-02         0.9987
           1647              0.0000   1.129998e-02         0.9987
           1648              0.0000   1.128522e-02         0.9987
           1649              0.0000   1.127109e-02         0.9987
           1650              0.0000   1.125586e-02         0.9986
           1651              0.0000   1.123846e-02         0.9985
           1652              0.0000   1.121658e-02         0.9981
           1653              0.0000   1.119561e-02         0.9981
           1654              0.0000   1.117957e-02         0.9986
           1655              0.0000   1.116355e-02         0.9986
           1656              0.0000   1.114429e-02         0.9983
           1657              0.0000   1.112389e-02         0.9982
           1658              0.0000   1.110717e-02         0.9985
           1659              0.0000   1.108949e-02         0.9984
           1660              0.0000   1.106819e-02         0.9981
           1661              0.0000   1.105052e-02         0.9984
           1662              0.0000   1.103358e-02         0.9985
           1663              0.0000   1.101212e-02         0.9981
           1664              0.0000   1.099249e-02         0.9982
           1665              0.0000   1.097497e-02         0.9984
           1666              0.0000   1.095528e-02         0.9982
           1667              0.0000   1.093542e-02         0.9982
           1668              0.0000   1.091530e-02         0.9982
           1669              0.0000   1.089745e-02         0.9984
           1670              0.0000   1.087877e-02         0.9983
           1671              0.0000   1.085639e-02         0.9979
           1672              0.0000   1.083562e-02         0.9981
           1673              0.0000   1.081893e-02         0.9985
           1674              0.0000   1.080093e-02         0.9983
           1675              0.0000   1.078569e-02         0.9986
           1676              0.0000   1.076918e-02         0.9985
           1677              0.0000   1.075321e-02         0.9985
           1678              0.0000   1.073624e-02         0.9984
           1679              0.0000   1.071949e-02         0.9984
           1680              0.0000   1.070119e-02         0.9983
           1681              0.0000   1.068329e-02         0.9983
           1682              0.0000   1.066571e-02         0.9984
           1683              0.0000   1.064597e-02         0.9981
           1684              0.0000   1.062582e-02         0.9981
           1685              0.0000   1.060848e-02         0.9984
           1686              0.0000   1.059159e-02         0.9984
           1687              0.0000   1.057293e-02         0.9982
           1688              0.0000   1.055532e-02         0.9983
           1689              0.0000   1.053931e-02         0.9985
           1690              0.0000   1.052272e-02         0.9984
           1691              0.0000   1.050718e-02         0.9985
           1692              0.0000   1.048888e-02         0.9983
           1693              0.0000   1.047241e-02         0.9984
           1694              0.0000   1.045632e-02         0.9985
           1695              0.0000   1.044110e-02         0.9985
           1696              0.0000   1.042560e-02         0.9985
           1697              0.0000   1.041025e-02         0.9985
           1698              0.0000   1.039349e-02         0.9984
           1699              0.0000   1.037582e-02         0.9983
           1700              0.0000   1.035899e-02         0.9984
           1701              0.0000   1.034226e-02         0.9984
           1702              0.0000   1.032601e-02         0.9984
           1703              0.0000   1.031027e-02         0.9985
           1704              0.0000   1.029256e-02         0.9983
           1705              0.0000   1.027216e-02         0.9980
           1706              0.0000   1.025562e-02         0.9984
           1707              0.0000   1.023778e-02         0.9983
           1708              0.0000   1.022048e-02         0.9983
           1709              0.0000   1.020644e-02         0.9986
           1710              0.0000   1.018983e-02         0.9984
           1711              0.0000   1.016845e-02         0.9979
           1712              0.0000   1.014909e-02         0.9981
           1713              0.0000   1.012770e-02         0.9979
           1714              0.0000   1.010878e-02         0.9981
           1715              0.0000   1.008977e-02         0.9981
           1716              0.0000   1.007232e-02         0.9983
           1717              0.0000   1.005110e-02         0.9979
           1718              0.0000   1.002437e-02         0.9973
           1719              0.0000   9.999048e-03         0.9975
           1720              0.0000   9.976054e-03         0.9977
           1721              0.0000   9.956954e-03         0.9981
           1722              0.0000   9.935643e-03         0.9979
           1723              0.0000   9.912791e-03         0.9977
           1724              0.0000   9.893062e-03         0.9980
           1725              0.0000   9.872593e-03         0.9979
           1726              0.0000   9.852251e-03         0.9979
           1727              0.0000   9.832759e-03         0.9980
           1728              0.0000   9.812985e-03         0.9980
           1729              0.0000   9.793333e-03         0.9980
           1730              0.0000   9.774323e-03         0.9981
           1731              0.0000   9.756397e-03         0.9982
           1732              0.0000   9.735639e-03         0.9979
           1733              0.0000   9.717406e-03         0.9981
           1734              0.0000   9.702148e-03         0.9984
           1735              0.0000   9.685767e-03         0.9983
           1736              0.0000   9.672998e-03         0.9987
           1737              0.0000   9.660107e-03         0.9987
           1738              0.0000   9.646734e-03         0.9986
           1739              0.0000   9.633682e-03         0.9986
           1740              0.0000   9.621776e-03         0.9988
           1741              0.0000   9.610636e-03         0.9988
           1742              0.0000   9.600144e-03         0.9989
           1743              0.0000   9.590089e-03         0.9990
           1744              0.0000   9.580628e-03         0.9990
           1745              0.0000   9.570609e-03         0.9990
           1746              0.0000   9.559864e-03         0.9989
           1747              0.0000   9.551688e-03         0.9991
           1748              0.0000   9.542799e-03         0.9991
           1749              0.0000   9.533230e-03         0.9990
           1750              0.0000   9.524821e-03         0.9991
           1751              0.0000   9.516317e-03         0.9991
           1752              0.0000   9.507608e-03         0.9991
           1753              0.0000   9.499471e-03         0.9991
           1754              0.0000   9.492173e-03         0.9992
           1755              0.0000   9.483985e-03         0.9991
           1756              0.0000   9.476594e-03         0.9992
           1757              0.0000   9.469140e-03         0.9992
           1758              0.0000   9.461490e-03         0.9992
           1759              0.0000   9.453925e-03         0.9992
           1760              0.0000   9.446135e-03         0.9992
           1761              0.0000   9.438491e-03         0.9992
           1762              0.0000   9.430626e-03         0.9992
           1763              0.0000   9.421934e-03         0.9991
           1764              0.0000   9.413852e-03         0.9991
           1765              0.0000   9.403717e-03         0.9989
           1766              0.0000   9.394412e-03         0.9990
           1767              0.0000   9.386301e-03         0.9991
           1768              0.0000   9.376029e-03         0.9989
           1769              0.0000   9.365111e-03         0.9988
           1770              0.0000   9.351801e-03         0.9986
           1771              0.0000   9.338046e-03         0.9985
           1772              0.0000   9.320285e-03         0.9981
           1773              0.0000   9.301268e-03         0.9980
           1774              0.0000   9.284669e-03         0.9982
           1775              0.0000   9.264779e-03         0.9979
           1776              0.0000   9.237574e-03         0.9971
           1777              0.0000   9.213360e-03         0.9974
           1778              0.0000   9.183508e-03         0.9968
           1779              0.0000   9.154150e-03         0.9968
           1780              0.0000   9.126660e-03         0.9970
           1781              0.0000   9.094503e-03         0.9965
           1782              0.0000   9.060498e-03         0.9963
           1783              0.0000   9.025296e-03         0.9961
           1784              0.0000   8.987493e-03         0.9958
           1785              0.0000   8.948932e-03         0.9957
           1786              0.0000   8.916576e-03         0.9964
           1787              0.0000   8.882131e-03         0.9961
           1788              0.0000   8.847508e-03         0.9961
           1789              0.0000   8.812599e-03         0.9961
           1790              0.0000   8.782743e-03         0.9966
           1791              0.0000   8.753306e-03         0.9966
           1792              0.0000   8.724749e-03         0.9967
           1793              0.0000   8.699721e-03         0.9971
           1794              0.0000   8.679667e-03         0.9977
           1795              0.0000   8.664427e-03         0.9982
           1796              0.0000   8.648142e-03         0.9981
           1797              0.0000   8.625599e-03         0.9974
           1798              0.0000   8.608551e-03         0.9980
           1799              0.0000   8.589476e-03         0.9978
           1800              0.0000   8.581892e-03         0.9991
           1801              0.0000   8.580290e-03         0.9998
           1802              0.0000   8.576998e-03         0.9996
           1803              0.0000   8.569686e-03         0.9991
           1804              0.0000   8.549965e-03         0.9977
           1805              0.0000   8.535955e-03         0.9984
           1806              0.0000   8.526789e-03         0.9989
           1807              0.0000   8.516988e-03         0.9989
           1808              0.0000   8.503732e-03         0.9984
           1809              0.0000   8.491398e-03         0.9985
           1810              0.0000   8.478744e-03         0.9985
           1811              0.0000   8.460751e-03         0.9979
           1812              0.0000   8.441911e-03         0.9978
           1813              0.0000   8.419202e-03         0.9973
           1814              0.0000   8.395237e-03         0.9972
           1815              0.0000   8.368958e-03         0.9969
           1816              0.0000   8.347878e-03         0.9975
           1817              0.0000   8.326879e-03         0.9975
           1818              0.0000   8.305567e-03         0.9974
           1819              0.0000   8.281419e-03         0.9971
           1820              0.0000   8.258162e-03         0.9972
           1821              0.0000   8.231245e-03         0.9967
           1822              0.0000   8.206317e-03         0.9970
           1823              0.0000   8.181563e-03         0.9970
           1824              0.0000   8.160148e-03         0.9974
           1825              0.0000   8.140485e-03         0.9976
           1826              0.0000   8.120669e-03         0.9976
           1827              0.0000   8.098479e-03         0.9973
           1828              0.0000   8.078335e-03         0.9975
           1829              0.0000   8.058140e-03         0.9975
           1830              0.0000   8.039408e-03         0.9977
           1831              0.0000   8.023324e-03         0.9980
           1832              0.0000   8.007547e-03         0.9980
           1833              0.0000   7.992559e-03         0.9981
           1834              0.0000   7.977878e-03         0.9982
           1835              0.0000   7.966290e-03         0.9985
           1836              0.0000   7.956916e-03         0.9988
           1837              0.0000   7.948386e-03         0.9989
           1838              0.0000   7.939006e-03         0.9988
           1839              0.0000   7.930498e-03         0.9989
           1840              0.0000   7.923297e-03         0.9991
           1841              0.0000   7.915804e-03         0.9991
           1842              0.0000   7.908896e-03         0.9991
           1843              0.0000   7.901467e-03         0.9991
           1844              0.0000   7.894763e-03         0.9992
           1845              0.0000   7.887869e-03         0.9991
           1846              0.0000   7.882040e-03         0.9993
           1847              0.0000   7.876983e-03         0.9994
           1848              0.0000   7.872033e-03         0.9994
           1849              0.0000   7.867321e-03         0.9994
           1850              0.0000   7.863193e-03         0.9995
           1851              0.0000   7.858344e-03         0.9994
           1852              0.0000   7.853220e-03         0.9993
           1853              0.0000   7.848996e-03         0.9995
           1854              0.0000   7.844799e-03         0.9995
           1855              0.0000   7.839725e-03         0.9994
           1856              0.0000   7.834825e-03         0.9994
           1857              0.0000   7.829469e-03         0.9993
           1858              0.0000   7.824226e-03         0.9993
           1859              0.0000   7.818281e-03         0.9992
           1860              0.0000   7.811097e-03         0.9991
           1861              0.0000   7.804968e-03         0.9992
           1862              0.0000   7.797402e-03         0.9990
           1863              0.0000   7.789936e-03         0.9990
           1864              0.0000   7.782658e-03         0.9991
           1865              0.0000   7.774916e-03         0.9990
           1866              0.0000   7.766335e-03         0.9989
           1867              0.0000   7.758645e-03         0.9990
           1868              0.0000   7.751937e-03         0.9991
           1869              0.0000   7.743062e-03         0.9989
           1870              0.0000   7.733848e-03         0.9988
           1871              0.0000   7.722698e-03         0.9986
           1872              0.0000   7.710859e-03         0.9985
           1873              0.0000   7.699139e-03         0.9985
           1874              0.0000   7.682718e-03         0.9979
           1875              0.0000   7.666263e-03         0.9979
           1876              0.0000   7.648604e-03         0.9977
           1877              0.0000   7.633024e-03         0.9980
           1878              0.0000   7.617328e-03         0.9979
           1879              0.0000   7.602070e-03         0.9980
           1880              0.0000   7.585284e-03         0.9978
           1881              0.0000   7.570165e-03         0.9980
           1882              0.0000   7.555868e-03         0.9981
           1883              0.0000   7.541508e-03         0.9981
           1884              0.0000   7.524909e-03         0.9978
           1885              0.0000   7.507466e-03         0.9977
           1886              0.0000   7.489251e-03         0.9976
           1887              0.0000   7.470608e-03         0.9975
           1888              0.0000   7.449313e-03         0.9971
           1889              0.0000   7.428608e-03         0.9972
           1890              0.0000   7.403463e-03         0.9966
           1891              0.0000   7.382246e-03         0.9971
           1892              0.0000   7.364122e-03         0.9975
           1893              0.0000   7.347658e-03         0.9978
           1894              0.0000   7.331349e-03         0.9978
           1895              0.0000   7.316262e-03         0.9979
           1896              0.0000   7.300121e-03         0.9978
           1897              0.0000   7.284760e-03         0.9979
           1898              0.0000   7.271310e-03         0.9982
           1899              0.0000   7.257849e-03         0.9981
           1900              0.0000   7.245104e-03         0.9982
           1901              0.0000   7.229222e-03         0.9978
           1902              0.0000   7.211604e-03         0.9976
           1903              0.0000   7.197947e-03         0.9981
           1904              0.0000   7.184600e-03         0.9981
           1905              0.0000   7.168673e-03         0.9978
           1906              0.0000   7.152092e-03         0.9977
           1907              0.0000   7.139461e-03         0.9982
           1908              0.0000   7.125257e-03         0.9980
           1909              0.0000   7.110122e-03         0.9979
           1910              0.0000   7.097240e-03         0.9982
           1911              0.0000   7.084853e-03         0.9983
           1912              0.0000   7.074753e-03         0.9986
           1913              0.0000   7.064496e-03         0.9986
           1914              0.0000   7.054424e-03         0.9986
           1915              0.0000   7.044707e-03         0.9986
           1916              0.0000   7.033250e-03         0.9984
           1917              0.0000   7.020320e-03         0.9982
           1918              0.0000   7.010176e-03         0.9986
           1919              0.0000   7.001690e-03         0.9988
           1920              0.0000   6.989666e-03         0.9983
           1921              0.0000   6.976952e-03         0.9982
           1922              0.0000   6.965240e-03         0.9983
           1923              0.0000   6.951871e-03         0.9981
           1924              0.0000   6.937273e-03         0.9979
           1925              0.0000   6.923851e-03         0.9981
           1926              0.0000   6.911471e-03         0.9982
           1927              0.0000   6.897301e-03         0.9979
           1928              0.0000   6.882851e-03         0.9979
           1929              0.0000   6.869509e-03         0.9981
           1930              0.0000   6.856083e-03         0.9980
           1931              0.0000   6.842505e-03         0.9980
           1932              0.0000   6.827421e-03         0.9978
           1933              0.0000   6.815311e-03         0.9982
           1934              0.0000   6.804370e-03         0.9984
           1935              0.0000   6.791354e-03         0.9981
           1936              0.0000   6.777703e-03         0.9980
           1937              0.0000   6.764241e-03         0.9980
           1938              0.0000   6.749173e-03         0.9978
           1939              0.0000   6.735274e-03         0.9979
           1940              0.0000   6.723050e-03         0.9982
           1941              0.0000   6.709198e-03         0.9979
           1942              0.0000   6.696144e-03         0.9981
           1943              0.0000   6.686239e-03         0.9985
           1944              0.0000   6.675096e-03         0.9983
           1945              0.0000   6.663997e-03         0.9983
           1946              0.0000   6.653089e-03         0.9984
           1947              0.0000   6.642316e-03         0.9984
           1948              0.0000   6.631809e-03         0.9984
           1949              0.0000   6.622289e-03         0.9986
           1950              0.0000   6.610619e-03         0.9982
           1951              0.0000   6.599168e-03         0.9983
           1952              0.0000   6.588331e-03         0.9984
           1953              0.0000   6.578290e-03         0.9985
           1954              0.0000   6.568652e-03         0.9985
           1955              0.0000   6.557549e-03         0.9983
           1956              0.0000   6.547616e-03         0.9985
           1957              0.0000   6.537828e-03         0.9985
           1958              0.0000   6.528281e-03         0.9985
           1959              0.0000   6.520137e-03         0.9988
           1960              0.0000   6.512467e-03         0.9988
           1961              0.0000   6.505191e-03         0.9989
           1962              0.0000   6.496561e-03         0.9987
           1963              0.0000   6.488756e-03         0.9988
           1964              0.0000   6.481876e-03         0.9989
           1965              0.0000   6.472910e-03         0.9986
           1966              0.0000   6.466214e-03         0.9990
           1967              0.0000   6.460903e-03         0.9992
           1968              0.0000   6.454135e-03         0.9990
           1969              0.0000   6.446991e-03         0.9989
           1970              0.0000   6.439555e-03         0.9988
           1971              0.0000   6.433163e-03         0.9990
           1972              0.0000   6.426941e-03         0.9990
           1973              0.0000   6.421216e-03         0.9991
           1974              0.0000   6.416944e-03         0.9993
           1975              0.0000   6.411320e-03         0.9991
           1976              0.0000   6.405028e-03         0.9990
           1977              0.0000   6.400355e-03         0.9993
           1978              0.0000   6.396102e-03         0.9993
           1979              0.0000   6.389134e-03         0.9989
           1980              0.0000   6.379890e-03         0.9986
           1981              0.0000   6.372864e-03         0.9989
           1982              0.0000   6.367802e-03         0.9992
           1983              0.0000   6.361900e-03         0.9991
           1984              0.0000   6.355911e-03         0.9991
           1985              0.0000   6.349483e-03         0.9990
           1986              0.0000   6.342753e-03         0.9989
           1987              0.0000   6.336190e-03         0.9990
           1988              0.0000   6.332006e-03         0.9993
           1989              0.0000   6.327156e-03         0.9992
           1990              0.0000   6.320182e-03         0.9989
           1991              0.0000   6.312529e-03         0.9988
           1992              0.0000   6.306788e-03         0.9991
           1993              0.0000   6.299417e-03         0.9988
           1994              0.0000   6.290006e-03         0.9985
           1995              0.0000   6.278575e-03         0.9982
           1996              0.0000   6.260809e-03         0.9972
           1997              0.0000   6.246963e-03         0.9978
           1998              0.0000   6.239895e-03         0.9989
           1999              0.0000   6.229103e-03         0.9983
           2000              0.0000   6.225828e-03         0.9995
           2001              0.0000   6.224850e-03         0.9998
           2002              0.0000   6.223537e-03         0.9998
           2003              0.0000   6.219236e-03         0.9993
           2004              0.0000   6.205497e-03         0.9978
           2005              0.0000   6.192927e-03         0.9980
           2006              0.0000   6.184545e-03         0.9986
           2007              0.0000   6.177521e-03         0.9989
           2008              0.0000   6.170242e-03         0.9988
           2009              0.0000   6.165342e-03         0.9992
           2010              0.0000   6.162259e-03         0.9995
           2011              0.0000   6.158347e-03         0.9994
           2012              0.0000   6.154983e-03         0.9995
           2013              0.0000   6.150450e-03         0.9993
           2014              0.0000   6.145267e-03         0.9992
           2015              0.0000   6.141470e-03         0.9994
           2016              0.0000   6.138422e-03         0.9995
           2017              0.0000   6.134943e-03         0.9994
           2018              0.0000   6.129327e-03         0.9991
           2019              0.0000   6.123634e-03         0.9991
           2020              0.0000   6.119854e-03         0.9994
           2021              0.0000   6.115429e-03         0.9993
           2022              0.0000   6.110117e-03         0.9991
           2023              0.0000   6.104829e-03         0.9991
           2024              0.0000   6.099844e-03         0.9992
           2025              0.0000   6.094544e-03         0.9991
           2026              0.0000   6.089097e-03         0.9991
           2027              0.0000   6.085255e-03         0.9994
           2028              0.0000   6.081576e-03         0.9994
           2029              0.0000   6.078221e-03         0.9994
           2030              0.0000   6.071780e-03         0.9989
           2031              0.0000   6.065472e-03         0.9990
           2032              0.0000   6.060251e-03         0.9991
           2033              0.0000   6.055842e-03         0.9993
           2034              0.0000   6.050908e-03         0.9992
           2035              0.0000   6.045262e-03         0.9991
           2036              0.0000   6.038245e-03         0.9988
           2037              0.0000   6.031166e-03         0.9988
           2038              0.0000   6.023768e-03         0.9988
           2039              0.0000   6.016448e-03         0.9988
           2040              0.0000   6.008732e-03         0.9987
           2041              0.0000   6.000927e-03         0.9987
           2042              0.0000   5.993314e-03         0.9987
           2043              0.0000   5.986006e-03         0.9988
           2044              0.0000   5.979361e-03         0.9989
           2045              0.0000   5.972029e-03         0.9988
           2046              0.0000   5.963549e-03         0.9986
           2047              0.0000   5.954224e-03         0.9984
           2048              0.0000   5.945982e-03         0.9986
           2049              0.0000   5.936975e-03         0.9985
           2050              0.0000   5.927501e-03         0.9984
           2051              0.0000   5.916825e-03         0.9982
           2052              0.0000   5.904881e-03         0.9980
           2053              0.0000   5.895532e-03         0.9984
           2054              0.0000   5.886748e-03         0.9985
           2055              0.0000   5.876372e-03         0.9982
           2056              0.0000   5.864413e-03         0.9980
           2057              0.0000   5.851726e-03         0.9978
           2058              0.0000   5.842423e-03         0.9984
           2059              0.0000   5.833310e-03         0.9984
           2060              0.0000   5.822091e-03         0.9981
           2061              0.0000   5.810846e-03         0.9981
           2062              0.0000   5.799907e-03         0.9981
           2063              0.0000   5.787568e-03         0.9979
           2064              0.0000   5.775984e-03         0.9980
           2065              0.0000   5.765532e-03         0.9982
           2066              0.0000   5.754563e-03         0.9981
           2067              0.0000   5.742616e-03         0.9979
           2068              0.0000   5.729732e-03         0.9978
           2069              0.0000   5.718891e-03         0.9981
           2070              0.0000   5.708631e-03         0.9982
           2071              0.0000   5.696178e-03         0.9978
           2072              0.0000   5.684762e-03         0.9980
           2073              0.0000   5.674662e-03         0.9982
           2074              0.0000   5.665875e-03         0.9985
           2075              0.0000   5.656777e-03         0.9984
           2076              0.0000   5.646312e-03         0.9981
           2077              0.0000   5.637717e-03         0.9985
           2078              0.0000   5.628367e-03         0.9983
           2079              0.0000   5.619794e-03         0.9985
           2080              0.0000   5.608866e-03         0.9981
           2081              0.0000   5.599413e-03         0.9983
           2082              0.0000   5.589095e-03         0.9982
           2083              0.0000   5.579943e-03         0.9984
           2084              0.0000   5.570595e-03         0.9983
           2085              0.0000   5.560824e-03         0.9982
           2086              0.0000   5.551097e-03         0.9983
           2087              0.0000   5.541269e-03         0.9982
           2088              0.0000   5.533049e-03         0.9985
           2089              0.0000   5.524477e-03         0.9985
           2090              0.0000   5.515332e-03         0.9983
           2091              0.0000   5.505452e-03         0.9982
           2092              0.0000   5.495904e-03         0.9983
           2093              0.0000   5.487564e-03         0.9985
           2094              0.0000   5.479955e-03         0.9986
           2095              0.0000   5.472848e-03         0.9987
           2096              0.0000   5.464772e-03         0.9985
           2097              0.0000   5.456707e-03         0.9985
           2098              0.0000   5.447334e-03         0.9983
           2099              0.0000   5.437785e-03         0.9982
           2100              0.0000   5.430555e-03         0.9987
           2101              0.0000   5.421917e-03         0.9984
           2102              0.0000   5.411830e-03         0.9981
           2103              0.0000   5.403131e-03         0.9984
           2104              0.0000   5.392748e-03         0.9981
           2105              0.0000   5.381467e-03         0.9979
           2106              0.0000   5.371845e-03         0.9982
           2107              0.0000   5.363832e-03         0.9985
           2108              0.0000   5.355483e-03         0.9984
           2109              0.0000   5.348260e-03         0.9987
           2110              0.0000   5.339787e-03         0.9984
           2111              0.0000   5.328846e-03         0.9980
           2112              0.0000   5.317486e-03         0.9979
           2113              0.0000   5.308605e-03         0.9983
           2114              0.0000   5.299990e-03         0.9984
           2115              0.0000   5.289869e-03         0.9981
           2116              0.0000   5.277651e-03         0.9977
           2117              0.0000   5.264172e-03         0.9974
           2118              0.0000   5.251214e-03         0.9975
           2119              0.0000   5.239513e-03         0.9978
           2120              0.0000   5.229316e-03         0.9981
           2121              0.0000   5.218923e-03         0.9980
           2122              0.0000   5.208465e-03         0.9980
           2123              0.0000   5.197429e-03         0.9979
           2124              0.0000   5.188550e-03         0.9983
           2125              0.0000   5.179259e-03         0.9982
           2126              0.0000   5.169790e-03         0.9982
           2127              0.0000   5.159138e-03         0.9979
           2128              0.0000   5.148639e-03         0.9980
           2129              0.0000   5.138389e-03         0.9980
           2130              0.0000   5.129488e-03         0.9983
           2131              0.0000   5.119837e-03         0.9981
           2132              0.0000   5.109185e-03         0.9979
           2133              0.0000   5.099115e-03         0.9980
           2134              0.0000   5.092038e-03         0.9986
           2135              0.0000   5.084046e-03         0.9984
           2136              0.0000   5.077321e-03         0.9987
           2137              0.0000   5.070423e-03         0.9986
           2138              0.0000   5.063990e-03         0.9987
           2139              0.0000   5.058186e-03         0.9989
           2140              0.0000   5.052882e-03         0.9990
           2141              0.0000   5.048412e-03         0.9991
           2142              0.0000   5.043555e-03         0.9990
           2143              0.0000   5.038380e-03         0.9990
           2144              0.0000   5.033923e-03         0.9991
           2145              0.0000   5.029139e-03         0.9990
           2146              0.0000   5.024102e-03         0.9990
           2147              0.0000   5.020395e-03         0.9993
           2148              0.0000   5.016588e-03         0.9992
           2149              0.0000   5.012643e-03         0.9992
           2150              0.0000   5.008618e-03         0.9992
           2151              0.0000   5.005055e-03         0.9993
           2152              0.0000   5.001314e-03         0.9993
           2153              0.0000   4.998130e-03         0.9994
           2154              0.0000   4.995530e-03         0.9995
           2155              0.0000   4.992274e-03         0.9993
           2156              0.0000   4.988843e-03         0.9993
           2157              0.0000   4.985591e-03         0.9993
           2158              0.0000   4.982412e-03         0.9994
           2159              0.0000   4.979716e-03         0.9995
           2160              0.0000   4.976966e-03         0.9994
           2161              0.0000   4.973527e-03         0.9993
           2162              0.0000   4.969826e-03         0.9993
           2163              0.0000   4.965501e-03         0.9991
           2164              0.0000   4.962194e-03         0.9993
           2165              0.0000   4.958964e-03         0.9993
           2166              0.0000   4.955218e-03         0.9992
           2167              0.0000   4.951213e-03         0.9992
           2168              0.0000   4.946631e-03         0.9991
           2169              0.0000   4.940999e-03         0.9989
           2170              0.0000   4.933564e-03         0.9985
           2171              0.0000   4.926522e-03         0.9986
           2172              0.0000   4.917131e-03         0.9981
           2173              0.0000   4.905037e-03         0.9975
           2174              0.0000   4.893338e-03         0.9976
           2175              0.0000   4.878529e-03         0.9970
           2176              0.0000   4.861251e-03         0.9965
           2177              0.0000   4.842390e-03         0.9961
           2178              0.0000   4.821375e-03         0.9957
           2179              0.0000   4.798032e-03         0.9952
           2180              0.0000   4.774496e-03         0.9951
           2181              0.0000   4.747657e-03         0.9944
           2182              0.0000   4.716272e-03         0.9934
           2183              0.0000   4.682267e-03         0.9928
           2184              0.0000   4.637731e-03         0.9905
           2185              0.0000   4.590130e-03         0.9897
           2186              0.0000   4.547394e-03         0.9907
           2187              0.0000   4.502670e-03         0.9902
           2188              0.0000   4.453816e-03         0.9892
           2189              0.0000   4.401423e-03         0.9882
           2190              0.0000   4.349089e-03         0.9881
           2191              0.0000   4.301735e-03         0.9891
           2192              0.0000   4.262746e-03         0.9909
           2193              0.0000   4.225761e-03         0.9913
           2194              0.0000   4.192673e-03         0.9922
           2195              0.0000   4.175755e-03         0.9960
           2196              0.0000   4.157673e-03         0.9957
           2197              0.0000   4.140042e-03         0.9958
           2198              0.0000   4.129834e-03         0.9975
           2199              0.0000   4.116793e-03         0.9968
           2200              0.0000   4.110475e-03         0.9985
           2201              0.0000   4.109173e-03         0.9997
           2202              0.0000   4.105159e-03         0.9990
           2203              0.0000   4.099372e-03         0.9986
           2204              0.0000   4.085703e-03         0.9967
           2205              0.0000   4.072519e-03         0.9968
           2206              0.0000   4.062588e-03         0.9976
           2207              0.0000   4.051462e-03         0.9973
           2208              0.0000   4.033348e-03         0.9955
           2209              0.0000   4.015815e-03         0.9957
           2210              0.0000   3.997546e-03         0.9955
           2211              0.0000   3.973575e-03         0.9940
           2212              0.0000   3.949468e-03         0.9939
           2213              0.0000   3.916875e-03         0.9917
           2214              0.0000   3.883466e-03         0.9915
           2215              0.0000   3.850873e-03         0.9916
           2216              0.0000   3.825776e-03         0.9935
           2217              0.0000   3.799912e-03         0.9932
           2218              0.0000   3.774141e-03         0.9932
           2219              0.0000   3.746752e-03         0.9927
           2220              0.0000   3.723238e-03         0.9937
           2221              0.0000   3.700231e-03         0.9938
           2222              0.0000   3.678468e-03         0.9941
           2223              0.0000   3.656832e-03         0.9941
           2224              0.0000   3.640428e-03         0.9955
           2225              0.0000   3.622271e-03         0.9950
           2226              0.0000   3.605283e-03         0.9953
           2227              0.0000   3.588345e-03         0.9953
           2228              0.0000   3.574703e-03         0.9962
           2229              0.0000   3.559584e-03         0.9958
           2230              0.0000   3.547994e-03         0.9967
           2231              0.0000   3.535608e-03         0.9965
           2232              0.0000   3.525114e-03         0.9970
           2233              0.0000   3.514578e-03         0.9970
           2234              0.0000   3.505394e-03         0.9974
           2235              0.0000   3.498832e-03         0.9981
           2236              0.0000   3.492443e-03         0.9982
           2237              0.0000   3.486140e-03         0.9982
           2238              0.0000   3.479617e-03         0.9981
           2239              0.0000   3.474471e-03         0.9985
           2240              0.0000   3.469858e-03         0.9987
           2241              0.0000   3.465536e-03         0.9988
           2242              0.0000   3.461584e-03         0.9989
           2243              0.0000   3.458309e-03         0.9991
           2244              0.0000   3.454177e-03         0.9988
           2245              0.0000   3.450344e-03         0.9989
           2246              0.0000   3.447061e-03         0.9990
           2247              0.0000   3.444382e-03         0.9992
           2248              0.0000   3.442037e-03         0.9993
           2249              0.0000   3.439906e-03         0.9994
           2250              0.0000   3.437969e-03         0.9994
           2251              0.0000   3.435756e-03         0.9994
           2252              0.0000   3.433544e-03         0.9994
           2253              0.0000   3.431712e-03         0.9995
           2254              0.0000   3.430274e-03         0.9996
           2255              0.0000   3.428567e-03         0.9995
           2256              0.0000   3.426685e-03         0.9995
           2257              0.0000   3.425074e-03         0.9995
           2258              0.0000   3.423482e-03         0.9995
           2259              0.0000   3.421771e-03         0.9995
           2260              0.0000   3.419578e-03         0.9994
           2261              0.0000   3.417538e-03         0.9994
           2262              0.0000   3.415331e-03         0.9994
           2263              0.0000   3.412904e-03         0.9993
           2264              0.0000   3.410360e-03         0.9993
           2265              0.0000   3.408063e-03         0.9993
           2266              0.0000   3.405397e-03         0.9992
           2267              0.0000   3.402801e-03         0.9992
           2268              0.0000   3.400591e-03         0.9994
           2269              0.0000   3.397769e-03         0.9992
           2270              0.0000   3.394510e-03         0.9990
           2271              0.0000   3.390116e-03         0.9987
           2272              0.0000   3.385559e-03         0.9987
           2273              0.0000   3.380773e-03         0.9986
           2274              0.0000   3.374886e-03         0.9983
           2275              0.0000   3.368988e-03         0.9983
           2276              0.0000   3.362160e-03         0.9980
           2277              0.0000   3.357018e-03         0.9985
           2278              0.0000   3.351531e-03         0.9984
           2279              0.0000   3.346057e-03         0.9984
           2280              0.0000   3.340790e-03         0.9984
           2281              0.0000   3.335536e-03         0.9984
           2282              0.0000   3.330567e-03         0.9985
           2283              0.0000   3.326037e-03         0.9986
           2284              0.0000   3.321149e-03         0.9985
           2285              0.0000   3.316343e-03         0.9986
           2286              0.0000   3.310633e-03         0.9983
           2287              0.0000   3.304994e-03         0.9983
           2288              0.0000   3.298806e-03         0.9981
           2289              0.0000   3.293726e-03         0.9985
           2290              0.0000   3.287911e-03         0.9982
           2291              0.0000   3.281262e-03         0.9980
           2292              0.0000   3.275851e-03         0.9984
           2293              0.0000   3.271278e-03         0.9986
           2294              0.0000   3.267053e-03         0.9987
           2295              0.0000   3.262279e-03         0.9985
           2296              0.0000   3.256869e-03         0.9983
           2297              0.0000   3.250887e-03         0.9982
           2298              0.0000   3.245821e-03         0.9984
           2299              0.0000   3.240881e-03         0.9985
           2300              0.0000   3.235424e-03         0.9983
           2301              0.0000   3.228821e-03         0.9980
           2302              0.0000   3.220222e-03         0.9973
           2303              0.0000   3.211959e-03         0.9974
           2304              0.0000   3.204438e-03         0.9977
           2305              0.0000   3.196009e-03         0.9974
           2306              0.0000   3.188284e-03         0.9976
           2307              0.0000   3.180091e-03         0.9974
           2308              0.0000   3.170825e-03         0.9971
           2309              0.0000   3.161289e-03         0.9970
           2310              0.0000   3.153086e-03         0.9974
           2311              0.0000   3.145679e-03         0.9977
           2312              0.0000   3.139147e-03         0.9979
           2313              0.0000   3.133223e-03         0.9981
           2314              0.0000   3.126467e-03         0.9978
           2315              0.0000   3.120054e-03         0.9979
           2316              0.0000   3.112783e-03         0.9977
           2317              0.0000   3.105392e-03         0.9976
           2318              0.0000   3.098501e-03         0.9978
           2319              0.0000   3.094165e-03         0.9986
           2320              0.0000   3.088327e-03         0.9981
           2321              0.0000   3.081727e-03         0.9979
           2322              0.0000   3.075294e-03         0.9979
           2323              0.0000   3.068641e-03         0.9978
           2324              0.0000   3.062024e-03         0.9978
           2325              0.0000   3.056790e-03         0.9983
           2326              0.0000   3.051471e-03         0.9983
           2327              0.0000   3.045031e-03         0.9979
           2328              0.0000   3.039033e-03         0.9980
           2329              0.0000   3.033962e-03         0.9983
           2330              0.0000   3.029260e-03         0.9985
           2331              0.0000   3.024321e-03         0.9984
           2332              0.0000   3.018201e-03         0.9980
           2333              0.0000   3.013077e-03         0.9983
           2334              0.0000   3.008371e-03         0.9984
           2335              0.0000   3.003475e-03         0.9984
           2336              0.0000   2.998057e-03         0.9982
           2337              0.0000   2.991816e-03         0.9979
           2338              0.0000   2.986027e-03         0.9981
           2339              0.0000   2.979952e-03         0.9980
           2340              0.0000   2.973434e-03         0.9978
           2341              0.0000   2.967410e-03         0.9980
           2342              0.0000   2.961704e-03         0.9981
           2343              0.0000   2.955332e-03         0.9978
           2344              0.0000   2.950492e-03         0.9984
           2345              0.0000   2.945181e-03         0.9982
           2346              0.0000   2.939539e-03         0.9981
           2347              0.0000   2.934355e-03         0.9982
           2348              0.0000   2.929884e-03         0.9985
           2349              0.0000   2.924487e-03         0.9982
           2350              0.0000   2.918818e-03         0.9981
           2351              0.0000   2.913269e-03         0.9981
           2352              0.0000   2.907823e-03         0.9981
           2353              0.0000   2.902630e-03         0.9982
           2354              0.0000   2.897572e-03         0.9983
           2355              0.0000   2.892397e-03         0.9982
           2356              0.0000   2.887265e-03         0.9982
           2357              0.0000   2.882656e-03         0.9984
           2358              0.0000   2.878376e-03         0.9985
           2359              0.0000   2.874441e-03         0.9986
           2360              0.0000   2.870227e-03         0.9985
           2361              0.0000   2.866264e-03         0.9986
           2362              0.0000   2.861573e-03         0.9984
           2363              0.0000   2.858001e-03         0.9988
           2364              0.0000   2.854356e-03         0.9987
           2365              0.0000   2.849877e-03         0.9984
           2366              0.0000   2.845741e-03         0.9985
           2367              0.0000   2.842053e-03         0.9987
           2368              0.0000   2.837865e-03         0.9985
           2369              0.0000   2.833501e-03         0.9985
           2370              0.0000   2.829048e-03         0.9984
           2371              0.0000   2.825393e-03         0.9987
           2372              0.0000   2.822121e-03         0.9988
           2373              0.0000   2.819339e-03         0.9990
           2374              0.0000   2.816106e-03         0.9989
           2375              0.0000   2.812290e-03         0.9986
           2376              0.0000   2.808525e-03         0.9987
           2377              0.0000   2.805288e-03         0.9988
           2378              0.0000   2.802393e-03         0.9990
           2379              0.0000   2.799128e-03         0.9988
           2380              0.0000   2.793808e-03         0.9981
           2381              0.0000   2.789714e-03         0.9985
           2382              0.0000   2.786356e-03         0.9988
           2383              0.0000   2.783111e-03         0.9988
           2384              0.0000   2.780424e-03         0.9990
           2385              0.0000   2.776967e-03         0.9988
           2386              0.0000   2.773947e-03         0.9989
           2387              0.0000   2.771529e-03         0.9991
           2388              0.0000   2.769624e-03         0.9993
           2389              0.0000   2.766829e-03         0.9990
           2390              0.0000   2.764192e-03         0.9990
           2391              0.0000   2.761820e-03         0.9991
           2392              0.0000   2.759698e-03         0.9992
           2393              0.0000   2.756866e-03         0.9990
           2394              0.0000   2.753928e-03         0.9989
           2395              0.0000   2.749977e-03         0.9986
           2396              0.0000   2.745262e-03         0.9983
           2397              0.0000   2.740704e-03         0.9983
           2398              0.0000   2.737978e-03         0.9990
           2399              0.0000   2.734965e-03         0.9989
           2400              0.0000   2.734356e-03         0.9998
           2401              0.0000   2.734082e-03         0.9999
           2402              0.0000   2.733635e-03         0.9998
           2403              0.0000   2.732452e-03         0.9996
           2404              0.0000   2.728838e-03         0.9987
           2405              0.0000   2.725569e-03         0.9988
           2406              0.0000   2.723350e-03         0.9992
           2407              0.0000   2.721672e-03         0.9994
           2408              0.0000   2.719647e-03         0.9993
           2409              0.0000   2.718301e-03         0.9995
           2410              0.0000   2.717268e-03         0.9996
           2411              0.0000   2.716207e-03         0.9996
           2412              0.0000   2.715108e-03         0.9996
           2413              0.0000   2.713666e-03         0.9995
           2414              0.0000   2.712135e-03         0.9994
           2415              0.0000   2.710695e-03         0.9995
           2416              0.0000   2.709510e-03         0.9996
           2417              0.0000   2.708323e-03         0.9996
           2418              0.0000   2.706551e-03         0.9993
           2419              0.0000   2.704396e-03         0.9992
           2420              0.0000   2.702642e-03         0.9994
           2421              0.0000   2.700947e-03         0.9994
           2422              0.0000   2.698843e-03         0.9992
           2423              0.0000   2.696546e-03         0.9991
           2424              0.0000   2.694170e-03         0.9991
           2425              0.0000   2.691484e-03         0.9990
           2426              0.0000   2.688906e-03         0.9990
           2427              0.0000   2.686371e-03         0.9991
           2428              0.0000   2.684019e-03         0.9991
           2429              0.0000   2.681687e-03         0.9991
           2430              0.0000   2.678499e-03         0.9988
           2431              0.0000   2.675132e-03         0.9987
           2432              0.0000   2.672111e-03         0.9989
           2433              0.0000   2.669118e-03         0.9989
           2434              0.0000   2.666260e-03         0.9989
           2435              0.0000   2.662825e-03         0.9987
           2436              0.0000   2.658533e-03         0.9984
           2437              0.0000   2.653967e-03         0.9983
           2438              0.0000   2.649257e-03         0.9982
           2439              0.0000   2.644484e-03         0.9982
           2440              0.0000   2.640088e-03         0.9983
           2441              0.0000   2.635577e-03         0.9983
           2442              0.0000   2.630316e-03         0.9980
           2443              0.0000   2.625785e-03         0.9983
           2444              0.0000   2.621809e-03         0.9985
           2445              0.0000   2.616998e-03         0.9982
           2446              0.0000   2.612070e-03         0.9981
           2447              0.0000   2.606552e-03         0.9979
           2448              0.0000   2.601461e-03         0.9980
           2449              0.0000   2.596141e-03         0.9980
           2450              0.0000   2.591046e-03         0.9980
           2451              0.0000   2.585900e-03         0.9980
           2452              0.0000   2.579756e-03         0.9976
           2453              0.0000   2.573902e-03         0.9977
           2454              0.0000   2.568400e-03         0.9979
           2455              0.0000   2.563574e-03         0.9981
           2456              0.0000   2.558058e-03         0.9978
           2457              0.0000   2.552499e-03         0.9978
           2458              0.0000   2.546978e-03         0.9978
           2459              0.0000   2.542050e-03         0.9981
           2460              0.0000   2.536995e-03         0.9980
           2461              0.0000   2.531944e-03         0.9980
           2462              0.0000   2.526244e-03         0.9977
           2463              0.0000   2.521213e-03         0.9980
           2464              0.0000   2.516354e-03         0.9981
           2465              0.0000   2.512125e-03         0.9983
           2466              0.0000   2.507335e-03         0.9981
           2467              0.0000   2.502558e-03         0.9981
           2468              0.0000   2.498257e-03         0.9983
           2469              0.0000   2.493778e-03         0.9982
           2470              0.0000   2.489936e-03         0.9985
           2471              0.0000   2.486239e-03         0.9985
           2472              0.0000   2.482727e-03         0.9986
           2473              0.0000   2.479244e-03         0.9986
           2474              0.0000   2.476068e-03         0.9987
           2475              0.0000   2.473327e-03         0.9989
           2476              0.0000   2.470532e-03         0.9989
           2477              0.0000   2.468231e-03         0.9991
           2478              0.0000   2.465322e-03         0.9988
           2479              0.0000   2.462586e-03         0.9989
           2480              0.0000   2.459562e-03         0.9988
           2481              0.0000   2.456260e-03         0.9987
           2482              0.0000   2.452966e-03         0.9987
           2483              0.0000   2.450039e-03         0.9988
           2484              0.0000   2.446687e-03         0.9986
           2485              0.0000   2.442812e-03         0.9984
           2486              0.0000   2.439029e-03         0.9985
           2487              0.0000   2.434935e-03         0.9983
           2488              0.0000   2.430564e-03         0.9982
           2489              0.0000   2.426394e-03         0.9983
           2490              0.0000   2.421968e-03         0.9982
           2491              0.0000   2.417620e-03         0.9982
           2492              0.0000   2.411901e-03         0.9976
           2493              0.0000   2.405623e-03         0.9974
           2494              0.0000   2.401053e-03         0.9981
           2495              0.0000   2.396063e-03         0.9979
           2496              0.0000   2.391687e-03         0.9982
           2497              0.0000   2.386447e-03         0.9978
           2498              0.0000   2.380573e-03         0.9975
           2499              0.0000   2.373983e-03         0.9972
           2500              0.0000   2.368244e-03         0.9976
           2501              0.0000   2.363394e-03         0.9980
           2502              0.0000   2.358543e-03         0.9979
           2503              0.0000   2.353208e-03         0.9977
           2504              0.0000   2.347840e-03         0.9977
           2505              0.0000   2.340952e-03         0.9971
           2506              0.0000   2.334702e-03         0.9973
           2507              0.0000   2.330102e-03         0.9980
           2508              0.0000   2.325668e-03         0.9981
           2509              0.0000   2.322354e-03         0.9986
           2510              0.0000   2.319012e-03         0.9986
           2511              0.0000   2.314338e-03         0.9980
           2512              0.0000   2.309525e-03         0.9979
           2513              0.0000   2.305870e-03         0.9984
           2514              0.0000   2.302629e-03         0.9986
           2515              0.0000   2.299341e-03         0.9986
           2516              0.0000   2.295883e-03         0.9985
           2517              0.0000   2.291660e-03         0.9982
           2518              0.0000   2.286943e-03         0.9979
           2519              0.0000   2.283244e-03         0.9984
           2520              0.0000   2.280336e-03         0.9987
           2521              0.0000   2.277908e-03         0.9989
           2522              0.0000   2.274631e-03         0.9986
           2523              0.0000   2.271787e-03         0.9987
           2524              0.0000   2.268747e-03         0.9987
           2525              0.0000   2.265794e-03         0.9987
           2526              0.0000   2.263191e-03         0.9989
           2527              0.0000   2.260185e-03         0.9987
           2528              0.0000   2.257073e-03         0.9986
           2529              0.0000   2.253881e-03         0.9986
           2530              0.0000   2.250871e-03         0.9987
           2531              0.0000   2.247425e-03         0.9985
           2532              0.0000   2.243702e-03         0.9983
           2533              0.0000   2.240509e-03         0.9986
           2534              0.0000   2.237809e-03         0.9988
           2535              0.0000   2.235130e-03         0.9988
           2536              0.0000   2.233014e-03         0.9991
           2537              0.0000   2.231004e-03         0.9991
           2538              0.0000   2.228768e-03         0.9990
           2539              0.0000   2.226883e-03         0.9992
           2540              0.0000   2.225347e-03         0.9993
           2541              0.0000   2.223911e-03         0.9994
           2542              0.0000   2.222421e-03         0.9993
           2543              0.0000   2.220828e-03         0.9993
           2544              0.0000   2.219329e-03         0.9993
           2545              0.0000   2.217675e-03         0.9993
           2546              0.0000   2.215991e-03         0.9992
           2547              0.0000   2.214484e-03         0.9993
           2548              0.0000   2.212835e-03         0.9993
           2549              0.0000   2.211295e-03         0.9993
           2550              0.0000   2.209929e-03         0.9994
           2551              0.0000   2.208482e-03         0.9993
           2552              0.0000   2.206793e-03         0.9992
           2553              0.0000   2.204925e-03         0.9992
           2554              0.0000   2.203376e-03         0.9993
           2555              0.0000   2.201677e-03         0.9992
           2556              0.0000   2.199841e-03         0.9992
           2557              0.0000   2.197908e-03         0.9991
           2558              0.0000   2.195990e-03         0.9991
           2559              0.0000   2.193812e-03         0.9990
           2560              0.0000   2.191894e-03         0.9991
           2561              0.0000   2.189978e-03         0.9991
           2562              0.0000   2.187506e-03         0.9989
           2563              0.0000   2.184570e-03         0.9987
           2564              0.0000   2.181798e-03         0.9987
           2565              0.0000   2.179569e-03         0.9990
           2566              0.0000   2.177182e-03         0.9989
           2567              0.0000   2.174279e-03         0.9987
           2568              0.0000   2.170905e-03         0.9984
           2569              0.0000   2.166759e-03         0.9981
           2570              0.0000   2.162341e-03         0.9980
           2571              0.0000   2.157529e-03         0.9978
           2572              0.0000   2.151532e-03         0.9972
           2573              0.0000   2.144169e-03         0.9966
           2574              0.0000   2.136612e-03         0.9965
           2575              0.0000   2.128669e-03         0.9963
           2576              0.0000   2.117580e-03         0.9948
           2577              0.0000   2.107205e-03         0.9951
           2578              0.0000   2.097338e-03         0.9953
           2579              0.0000   2.086088e-03         0.9946
           2580              0.0000   2.075460e-03         0.9949
           2581              0.0000   2.063332e-03         0.9942
           2582              0.0000   2.048678e-03         0.9929
           2583              0.0000   2.030033e-03         0.9909
           2584              0.0000   2.013753e-03         0.9920
           2585              0.0000   1.994591e-03         0.9905
           2586              0.0000   1.978259e-03         0.9918
           2587              0.0000   1.959002e-03         0.9903
           2588              0.0000   1.940436e-03         0.9905
           2589              0.0000   1.919210e-03         0.9891
           2590              0.0000   1.897558e-03         0.9887
           2591              0.0000   1.878861e-03         0.9901
           2592              0.0000   1.860358e-03         0.9902
           2593              0.0000   1.844033e-03         0.9912
           2594              0.0000   1.831151e-03         0.9930
           2595              0.0000   1.823189e-03         0.9957
           2596              0.0000   1.814850e-03         0.9954
           2597              0.0000   1.805672e-03         0.9949
           2598              0.0000   1.796616e-03         0.9950
           2599              0.0000   1.784971e-03         0.9935
           2600              0.0000   1.777745e-03         0.9960
           2601              0.0000   1.775517e-03         0.9987
           2602              0.0000   1.771640e-03         0.9978
           2603              0.0000   1.766037e-03         0.9968
           2604              0.0000   1.758136e-03         0.9955
           2605              0.0000   1.751520e-03         0.9962
           2606              0.0000   1.747200e-03         0.9975
           2607              0.0000   1.741155e-03         0.9965
           2608              0.0000   1.733486e-03         0.9956
           2609              0.0000   1.724346e-03         0.9947
           2610              0.0000   1.716389e-03         0.9954
           2611              0.0000   1.704868e-03         0.9933
           2612              0.0000   1.690276e-03         0.9914
           2613              0.0000   1.676626e-03         0.9919
           2614              0.0000   1.664301e-03         0.9926
           2615              0.0000   1.652753e-03         0.9931
           2616              0.0000   1.640878e-03         0.9928
           2617              0.0000   1.629031e-03         0.9928
           2618              0.0000   1.618703e-03         0.9937
           2619              0.0000   1.606165e-03         0.9923
           2620              0.0000   1.595695e-03         0.9935
           2621              0.0000   1.585963e-03         0.9939
           2622              0.0000   1.577721e-03         0.9948
           2623              0.0000   1.569896e-03         0.9950
           2624              0.0000   1.563276e-03         0.9958
           2625              0.0000   1.556096e-03         0.9954
           2626              0.0000   1.549717e-03         0.9959
           2627              0.0000   1.543853e-03         0.9962
           2628              0.0000   1.537801e-03         0.9961
           2629              0.0000   1.531672e-03         0.9960
           2630              0.0000   1.525471e-03         0.9960
           2631              0.0000   1.520024e-03         0.9964
           2632              0.0000   1.515481e-03         0.9970
           2633              0.0000   1.510906e-03         0.9970
           2634              0.0000   1.507006e-03         0.9974
           2635              0.0000   1.503751e-03         0.9978
           2636              0.0000   1.500616e-03         0.9979
           2637              0.0000   1.498143e-03         0.9984
           2638              0.0000   1.495548e-03         0.9983
           2639              0.0000   1.493461e-03         0.9986
           2640              0.0000   1.491484e-03         0.9987
           2641              0.0000   1.489122e-03         0.9984
           2642              0.0000   1.487163e-03         0.9987
           2643              0.0000   1.485393e-03         0.9988
           2644              0.0000   1.483464e-03         0.9987
           2645              0.0000   1.481533e-03         0.9987
           2646              0.0000   1.479966e-03         0.9989
           2647              0.0000   1.478346e-03         0.9989
           2648              0.0000   1.476940e-03         0.9990
           2649              0.0000   1.475495e-03         0.9990
           2650              0.0000   1.474277e-03         0.9992
           2651              0.0000   1.473165e-03         0.9992
           2652              0.0000   1.471895e-03         0.9991
           2653              0.0000   1.470749e-03         0.9992
           2654              0.0000   1.469654e-03         0.9993
           2655              0.0000   1.468550e-03         0.9992
           2656              0.0000   1.467385e-03         0.9992
           2657              0.0000   1.466533e-03         0.9994
           2658              0.0000   1.465599e-03         0.9994
           2659              0.0000   1.464709e-03         0.9994
           2660              0.0000   1.463669e-03         0.9993
           2661              0.0000   1.462667e-03         0.9993
           2662              0.0000   1.461667e-03         0.9993
           2663              0.0000   1.460662e-03         0.9993
           2664              0.0000   1.459684e-03         0.9993
           2665              0.0000   1.458829e-03         0.9994
           2666              0.0000   1.457898e-03         0.9994
           2667              0.0000   1.456953e-03         0.9994
           2668              0.0000   1.456151e-03         0.9994
           2669              0.0000   1.455230e-03         0.9994
           2670              0.0000   1.454095e-03         0.9992
           2671              0.0000   1.452808e-03         0.9991
           2672              0.0000   1.451647e-03         0.9992
           2673              0.0000   1.450381e-03         0.9991
           2674              0.0000   1.448776e-03         0.9989
           2675              0.0000   1.447067e-03         0.9988
           2676              0.0000   1.445379e-03         0.9988
           2677              0.0000   1.443910e-03         0.9990
           2678              0.0000   1.442431e-03         0.9990
           2679              0.0000   1.441113e-03         0.9991
           2680              0.0000   1.439802e-03         0.9991
           2681              0.0000   1.438339e-03         0.9990
           2682              0.0000   1.437221e-03         0.9992
           2683              0.0000   1.436063e-03         0.9992
           2684              0.0000   1.434835e-03         0.9991
           2685              0.0000   1.433630e-03         0.9992
           2686              0.0000   1.432230e-03         0.9990
           2687              0.0000   1.430663e-03         0.9989
           2688              0.0000   1.428924e-03         0.9988
           2689              0.0000   1.426945e-03         0.9986
           2690              0.0000   1.424828e-03         0.9985
           2691              0.0000   1.422581e-03         0.9984
           2692              0.0000   1.420544e-03         0.9986
           2693              0.0000   1.418848e-03         0.9988
           2694              0.0000   1.416711e-03         0.9985
           2695              0.0000   1.414655e-03         0.9985
           2696              0.0000   1.412352e-03         0.9984
           2697              0.0000   1.409705e-03         0.9981
           2698              0.0000   1.407352e-03         0.9983
           2699              0.0000   1.404982e-03         0.9983
           2700              0.0000   1.402587e-03         0.9983
           2701              0.0000   1.399227e-03         0.9976
           2702              0.0000   1.394974e-03         0.9970
           2703              0.0000   1.391309e-03         0.9974
           2704              0.0000   1.387589e-03         0.9973
           2705              0.0000   1.383996e-03         0.9974
           2706              0.0000   1.380566e-03         0.9975
           2707              0.0000   1.377083e-03         0.9975
           2708              0.0000   1.373062e-03         0.9971
           2709              0.0000   1.369282e-03         0.9972
           2710              0.0000   1.365869e-03         0.9975
           2711              0.0000   1.362725e-03         0.9977
           2712              0.0000   1.359460e-03         0.9976
           2713              0.0000   1.356435e-03         0.9978
           2714              0.0000   1.353742e-03         0.9980
           2715              0.0000   1.350062e-03         0.9973
           2716              0.0000   1.346445e-03         0.9973
           2717              0.0000   1.343308e-03         0.9977
           2718              0.0000   1.340558e-03         0.9980
           2719              0.0000   1.337953e-03         0.9981
           2720              0.0000   1.334596e-03         0.9975
           2721              0.0000   1.331353e-03         0.9976
           2722              0.0000   1.328268e-03         0.9977
           2723              0.0000   1.325440e-03         0.9979
           2724              0.0000   1.322536e-03         0.9978
           2725              0.0000   1.319841e-03         0.9980
           2726              0.0000   1.317307e-03         0.9981
           2727              0.0000   1.314666e-03         0.9980
           2728              0.0000   1.311792e-03         0.9978
           2729              0.0000   1.309523e-03         0.9983
           2730              0.0000   1.307260e-03         0.9983
           2731              0.0000   1.304961e-03         0.9982
           2732              0.0000   1.302608e-03         0.9982
           2733              0.0000   1.300142e-03         0.9981
           2734              0.0000   1.297777e-03         0.9982
           2735              0.0000   1.295289e-03         0.9981
           2736              0.0000   1.292879e-03         0.9981
           2737              0.0000   1.290462e-03         0.9981
           2738              0.0000   1.287672e-03         0.9978
           2739              0.0000   1.284650e-03         0.9977
           2740              0.0000   1.281794e-03         0.9978
           2741              0.0000   1.279331e-03         0.9981
           2742              0.0000   1.276712e-03         0.9980
           2743              0.0000   1.274523e-03         0.9983
           2744              0.0000   1.272060e-03         0.9981
           2745              0.0000   1.269733e-03         0.9982
           2746              0.0000   1.267522e-03         0.9983
           2747              0.0000   1.265769e-03         0.9986
           2748              0.0000   1.263836e-03         0.9985
           2749              0.0000   1.261934e-03         0.9985
           2750              0.0000   1.259646e-03         0.9982
           2751              0.0000   1.257653e-03         0.9984
           2752              0.0000   1.255855e-03         0.9986
           2753              0.0000   1.253861e-03         0.9984
           2754              0.0000   1.252007e-03         0.9985
           2755              0.0000   1.250096e-03         0.9985
           2756              0.0000   1.248079e-03         0.9984
           2757              0.0000   1.246239e-03         0.9985
           2758              0.0000   1.244414e-03         0.9985
           2759              0.0000   1.242717e-03         0.9986
           2760              0.0000   1.240765e-03         0.9984
           2761              0.0000   1.238868e-03         0.9985
           2762              0.0000   1.237184e-03         0.9986
           2763              0.0000   1.235580e-03         0.9987
           2764              0.0000   1.233795e-03         0.9986
           2765              0.0000   1.231638e-03         0.9983
           2766              0.0000   1.229288e-03         0.9981
           2767              0.0000   1.227070e-03         0.9982
           2768              0.0000   1.224852e-03         0.9982
           2769              0.0000   1.222742e-03         0.9983
           2770              0.0000   1.220252e-03         0.9980
           2771              0.0000   1.217794e-03         0.9980
           2772              0.0000   1.215472e-03         0.9981
           2773              0.0000   1.213500e-03         0.9984
           2774              0.0000   1.211462e-03         0.9983
           2775              0.0000   1.209340e-03         0.9982
           2776              0.0000   1.207190e-03         0.9982
           2777              0.0000   1.205239e-03         0.9984
           2778              0.0000   1.203512e-03         0.9986
           2779              0.0000   1.201104e-03         0.9980
           2780              0.0000   1.198000e-03         0.9974
           2781              0.0000   1.195479e-03         0.9979
           2782              0.0000   1.193430e-03         0.9983
           2783              0.0000   1.191589e-03         0.9985
           2784              0.0000   1.190059e-03         0.9987
           2785              0.0000   1.188296e-03         0.9985
           2786              0.0000   1.186565e-03         0.9985
           2787              0.0000   1.185314e-03         0.9989
           2788              0.0000   1.184362e-03         0.9992
           2789              0.0000   1.183455e-03         0.9992
           2790              0.0000   1.182443e-03         0.9991
           2791              0.0000   1.181321e-03         0.9991
           2792              0.0000   1.180321e-03         0.9992
           2793              0.0000   1.179339e-03         0.9992
           2794              0.0000   1.178027e-03         0.9989
           2795              0.0000   1.176717e-03         0.9989
           2796              0.0000   1.174648e-03         0.9982
           2797              0.0000   1.172684e-03         0.9983
           2798              0.0000   1.171827e-03         0.9993
           2799              0.0000   1.170411e-03         0.9988
           2800              0.0000   1.170060e-03         0.9997
           2801              0.0000   1.169881e-03         0.9998
           2802              0.0000   1.169611e-03         0.9998
           2803              0.0000   1.169262e-03         0.9997
           2804              0.0000   1.168095e-03         0.9990
           2805              0.0000   1.166816e-03         0.9989
           2806              0.0000   1.165865e-03         0.9992
           2807              0.0000   1.165197e-03         0.9994
           2808              0.0000   1.164391e-03         0.9993
           2809              0.0000   1.163952e-03         0.9996
           2810              0.0000   1.163573e-03         0.9997
           2811              0.0000   1.163091e-03         0.9996
           2812              0.0000   1.162627e-03         0.9996
           2813              0.0000   1.162093e-03         0.9995
           2814              0.0000   1.161631e-03         0.9996
           2815              0.0000   1.161142e-03         0.9996
           2816              0.0000   1.160721e-03         0.9996
           2817              0.0000   1.160235e-03         0.9996
           2818              0.0000   1.159294e-03         0.9992
           2819              0.0000   1.158322e-03         0.9992
           2820              0.0000   1.157480e-03         0.9993
           2821              0.0000   1.156646e-03         0.9993
           2822              0.0000   1.155660e-03         0.9991
           2823              0.0000   1.154587e-03         0.9991
           2824              0.0000   1.153424e-03         0.9990
           2825              0.0000   1.152022e-03         0.9988
           2826              0.0000   1.150646e-03         0.9988
           2827              0.0000   1.149208e-03         0.9987
           2828              0.0000   1.147809e-03         0.9988
           2829              0.0000   1.146571e-03         0.9989
           2830              0.0000   1.145120e-03         0.9987
           2831              0.0000   1.143443e-03         0.9985
           2832              0.0000   1.141810e-03         0.9986
           2833              0.0000   1.140143e-03         0.9985
           2834              0.0000   1.138310e-03         0.9984
           2835              0.0000   1.136338e-03         0.9983
           2836              0.0000   1.134301e-03         0.9982
           2837              0.0000   1.132410e-03         0.9983
           2838              0.0000   1.130180e-03         0.9980
           2839              0.0000   1.127875e-03         0.9980
           2840              0.0000   1.125490e-03         0.9979
           2841              0.0000   1.123159e-03         0.9979
           2842              0.0000   1.121151e-03         0.9982
           2843              0.0000   1.119415e-03         0.9985
           2844              0.0000   1.117741e-03         0.9985
           2845              0.0000   1.115897e-03         0.9984
           2846              0.0000   1.113876e-03         0.9982
           2847              0.0000   1.111728e-03         0.9981
           2848              0.0000   1.109866e-03         0.9983
           2849              0.0000   1.108172e-03         0.9985
           2850              0.0000   1.106280e-03         0.9983
           2851              0.0000   1.104425e-03         0.9983
           2852              0.0000   1.102393e-03         0.9982
           2853              0.0000   1.100310e-03         0.9981
           2854              0.0000   1.098553e-03         0.9984
           2855              0.0000   1.096634e-03         0.9983
           2856              0.0000   1.094491e-03         0.9980
           2857              0.0000   1.092468e-03         0.9982
           2858              0.0000   1.090276e-03         0.9980
           2859              0.0000   1.088150e-03         0.9980
           2860              0.0000   1.086106e-03         0.9981
           2861              0.0000   1.084140e-03         0.9982
           2862              0.0000   1.081835e-03         0.9979
           2863              0.0000   1.079405e-03         0.9978
           2864              0.0000   1.077116e-03         0.9979
           2865              0.0000   1.074910e-03         0.9980
           2866              0.0000   1.072571e-03         0.9978
           2867              0.0000   1.069849e-03         0.9975
           2868              0.0000   1.067215e-03         0.9975
           2869              0.0000   1.064767e-03         0.9977
           2870              0.0000   1.062541e-03         0.9979
           2871              0.0000   1.060283e-03         0.9979
           2872              0.0000   1.058422e-03         0.9982
           2873              0.0000   1.056526e-03         0.9982
           2874              0.0000   1.054567e-03         0.9981
           2875              0.0000   1.052918e-03         0.9984
           2876              0.0000   1.051527e-03         0.9987
           2877              0.0000   1.050292e-03         0.9988
           2878              0.0000   1.048938e-03         0.9987
           2879              0.0000   1.047441e-03         0.9986
           2880              0.0000   1.045820e-03         0.9985
           2881              0.0000   1.044172e-03         0.9984
           2882              0.0000   1.042384e-03         0.9983
           2883              0.0000   1.041030e-03         0.9987
           2884              0.0000   1.039502e-03         0.9985
           2885              0.0000   1.037910e-03         0.9985
           2886              0.0000   1.036047e-03         0.9982
           2887              0.0000   1.033963e-03         0.9980
           2888              0.0000   1.032237e-03         0.9983
           2889              0.0000   1.030339e-03         0.9982
           2890              0.0000   1.028727e-03         0.9984
           2891              0.0000   1.027111e-03         0.9984
           2892              0.0000   1.025139e-03         0.9981
           2893              0.0000   1.022928e-03         0.9978
           2894              0.0000   1.020888e-03         0.9980
           2895              0.0000   1.019087e-03         0.9982
           2896              0.0000   1.017518e-03         0.9985
           2897              0.0000   1.015965e-03         0.9985
           2898              0.0000   1.014213e-03         0.9983
           2899              0.0000   1.012336e-03         0.9981
           2900              0.0000   1.010319e-03         0.9980
           2901              0.0000   1.008497e-03         0.9982
           2902              0.0000   1.006728e-03         0.9982
           2903              0.0000   1.004882e-03         0.9982
           2904              0.0000   1.002720e-03         0.9978
           2905              0.0000   1.000282e-03         0.9976
           2906              0.0000   9.976192e-04         0.9973
           2907              0.0000   9.954569e-04         0.9978
           2908              0.0000   9.934880e-04         0.9980
           2909              0.0000   9.917522e-04         0.9983
           2910              0.0000   9.899843e-04         0.9982
           2911              0.0000   9.880567e-04         0.9981
           2912              0.0000   9.862272e-04         0.9981
           2913              0.0000   9.843595e-04         0.9981
           2914              0.0000   9.824312e-04         0.9980
           2915              0.0000   9.806713e-04         0.9982
           2916              0.0000   9.789063e-04         0.9982
           2917              0.0000   9.769962e-04         0.9980
           2918              0.0000   9.750505e-04         0.9980
           2919              0.0000   9.733934e-04         0.9983
           2920              0.0000   9.716998e-04         0.9983
           2921              0.0000   9.705440e-04         0.9988
           2922              0.0000   9.693025e-04         0.9987
           2923              0.0000   9.681273e-04         0.9988
           2924              0.0000   9.669032e-04         0.9987
           2925              0.0000   9.656809e-04         0.9987
           2926              0.0000   9.645638e-04         0.9988
           2927              0.0000   9.632704e-04         0.9987
           2928              0.0000   9.620065e-04         0.9987
           2929              0.0000   9.608356e-04         0.9988
           2930              0.0000   9.596645e-04         0.9988
           2931              0.0000   9.583447e-04         0.9986
           2932              0.0000   9.569639e-04         0.9986
           2933              0.0000   9.559100e-04         0.9989
           2934              0.0000   9.549809e-04         0.9990
           2935              0.0000   9.540433e-04         0.9990
           2936              0.0000   9.533456e-04         0.9993
           2937              0.0000   9.526414e-04         0.9993
           2938              0.0000   9.519558e-04         0.9993
           2939              0.0000   9.513795e-04         0.9994
           2940              0.0000   9.508571e-04         0.9995
           2941              0.0000   9.504250e-04         0.9995
           2942              0.0000   9.499536e-04         0.9995
           2943              0.0000   9.494909e-04         0.9995
           2944              0.0000   9.490370e-04         0.9995
           2945              0.0000   9.484396e-04         0.9994
           2946              0.0000   9.478519e-04         0.9994
           2947              0.0000   9.472948e-04         0.9994
           2948              0.0000   9.467037e-04         0.9994
           2949              0.0000   9.460336e-04         0.9993
           2950              0.0000   9.454262e-04         0.9994
           2951              0.0000   9.447763e-04         0.9993
           2952              0.0000   9.440090e-04         0.9992
           2953              0.0000   9.431963e-04         0.9991
           2954              0.0000   9.424265e-04         0.9992
           2955              0.0000   9.416179e-04         0.9991
           2956              0.0000   9.407134e-04         0.9990
           2957              0.0000   9.398861e-04         0.9991
           2958              0.0000   9.389979e-04         0.9991
           2959              0.0000   9.380029e-04         0.9989
           2960              0.0000   9.371027e-04         0.9990
           2961              0.0000   9.361809e-04         0.9990
           2962              0.0000   9.351137e-04         0.9989
           2963              0.0000   9.341202e-04         0.9989
           2964              0.0000   9.330795e-04         0.9989
           2965              0.0000   9.319302e-04         0.9988
           2966              0.0000   9.309191e-04         0.9989
           2967              0.0000   9.298853e-04         0.9989
           2968              0.0000   9.286883e-04         0.9987
           2969              0.0000   9.273053e-04         0.9985
           2970              0.0000   9.257882e-04         0.9984
           2971              0.0000   9.239607e-04         0.9980
           2972              0.0000   9.217561e-04         0.9976
           2973              0.0000   9.190332e-04         0.9970
           2974              0.0000   9.164183e-04         0.9972
           2975              0.0000   9.138168e-04         0.9972
           2976              0.0000   9.105224e-04         0.9964
           2977              0.0000   9.074402e-04         0.9966
           2978              0.0000   9.047501e-04         0.9970
           2979              0.0000   9.014813e-04         0.9964
           2980              0.0000   8.984856e-04         0.9967
           2981              0.0000   8.952772e-04         0.9964
           2982              0.0000   8.920683e-04         0.9964
           2983              0.0000   8.885972e-04         0.9961
           2984              0.0000   8.844306e-04         0.9953
           2985              0.0000   8.800675e-04         0.9951
           2986              0.0000   8.761888e-04         0.9956
           2987              0.0000   8.713306e-04         0.9945
           2988              0.0000   8.664037e-04         0.9943
           2989              0.0000   8.617788e-04         0.9947
           2990              0.0000   8.563567e-04         0.9937
           2991              0.0000   8.506582e-04         0.9933
           2992              0.0000   8.456679e-04         0.9941
           2993              0.0000   8.401209e-04         0.9934
           2994              0.0000   8.352125e-04         0.9942
           2995              0.0000   8.321789e-04         0.9964
           2996              0.0000   8.283587e-04         0.9954
           2997              0.0000   8.231414e-04         0.9937
           2998              0.0000   8.193955e-04         0.9954
           2999              0.0000   8.135620e-04         0.9929
           3000              0.0000   8.094973e-04         0.9950
           3001              0.0000   8.085816e-04         0.9989
           3002              0.0000   8.052902e-04         0.9959
           3003              0.0000   8.025793e-04         0.9966
           3004              0.0000   7.996438e-04         0.9963
           3005              0.0000   7.969323e-04         0.9966
           3006              0.0000   7.949810e-04         0.9976
           3007              0.0000   7.919752e-04         0.9962
           3008              0.0000   7.886752e-04         0.9958
           3009              0.0000   7.855975e-04         0.9961
           3010              0.0000   7.824692e-04         0.9960
           3011              0.0000   7.786276e-04         0.9951
           3012              0.0000   7.748921e-04         0.9952
           3013              0.0000   7.717278e-04         0.9959
           3014              0.0000   7.680747e-04         0.9953
           3015              0.0000   7.644276e-04         0.9953
           3016              0.0000   7.611419e-04         0.9957
           3017              0.0000   7.577862e-04         0.9956
           3018              0.0000   7.551694e-04         0.9965
           3019              0.0000   7.523328e-04         0.9962
           3020              0.0000   7.495690e-04         0.9963
           3021              0.0000   7.470953e-04         0.9967
           3022              0.0000   7.448767e-04         0.9970
           3023              0.0000   7.424953e-04         0.9968
           3024              0.0000   7.400679e-04         0.9967
           3025              0.0000   7.376623e-04         0.9967
           3026              0.0000   7.355390e-04         0.9971
           3027              0.0000   7.335808e-04         0.9973
           3028              0.0000   7.317354e-04         0.9975
           3029              0.0000   7.293125e-04         0.9967
           3030              0.0000   7.270447e-04         0.9969
           3031              0.0000   7.248995e-04         0.9970
           3032              0.0000   7.229328e-04         0.9973
           3033              0.0000   7.211319e-04         0.9975
           3034              0.0000   7.193260e-04         0.9975
           3035              0.0000   7.179398e-04         0.9981
           3036              0.0000   7.167011e-04         0.9983
           3037              0.0000   7.156848e-04         0.9986
           3038              0.0000   7.148262e-04         0.9988
           3039              0.0000   7.140639e-04         0.9989
           3040              0.0000   7.133010e-04         0.9989
           3041              0.0000   7.124344e-04         0.9988
           3042              0.0000   7.115640e-04         0.9988
           3043              0.0000   7.107066e-04         0.9988
           3044              0.0000   7.099074e-04         0.9989
           3045              0.0000   7.092068e-04         0.9990
           3046              0.0000   7.085213e-04         0.9990
           3047              0.0000   7.078410e-04         0.9990
           3048              0.0000   7.071351e-04         0.9990
           3049              0.0000   7.064447e-04         0.9990
           3050              0.0000   7.058521e-04         0.9992
           3051              0.0000   7.052878e-04         0.9992
           3052              0.0000   7.047660e-04         0.9993
           3053              0.0000   7.041893e-04         0.9992
           3054              0.0000   7.036440e-04         0.9992
           3055              0.0000   7.031329e-04         0.9993
           3056              0.0000   7.026093e-04         0.9993
           3057              0.0000   7.022025e-04         0.9994
           3058              0.0000   7.017539e-04         0.9994
           3059              0.0000   7.013482e-04         0.9994
           3060              0.0000   7.008179e-04         0.9992
           3061              0.0000   7.003435e-04         0.9993
           3062              0.0000   6.999250e-04         0.9994
           3063              0.0000   6.995737e-04         0.9995
           3064              0.0000   6.991377e-04         0.9994
           3065              0.0000   6.987233e-04         0.9994
           3066              0.0000   6.983043e-04         0.9994
           3067              0.0000   6.979181e-04         0.9994
           3068              0.0000   6.975899e-04         0.9995
           3069              0.0000   6.971731e-04         0.9994
           3070              0.0000   6.966526e-04         0.9993
           3071              0.0000   6.960175e-04         0.9991
           3072              0.0000   6.952905e-04         0.9990
           3073              0.0000   6.945503e-04         0.9989
           3074              0.0000   6.937303e-04         0.9988
           3075              0.0000   6.928321e-04         0.9987
           3076              0.0000   6.916384e-04         0.9983
           3077              0.0000   6.905880e-04         0.9985
           3078              0.0000   6.894783e-04         0.9984
           3079              0.0000   6.884545e-04         0.9985
           3080              0.0000   6.875096e-04         0.9986
           3081              0.0000   6.866241e-04         0.9987
           3082              0.0000   6.857079e-04         0.9987
           3083              0.0000   6.848886e-04         0.9988
           3084              0.0000   6.839772e-04         0.9987
           3085              0.0000   6.830762e-04         0.9987
           3086              0.0000   6.821757e-04         0.9987
           3087              0.0000   6.810952e-04         0.9984
           3088              0.0000   6.798831e-04         0.9982
           3089              0.0000   6.785459e-04         0.9980
           3090              0.0000   6.771164e-04         0.9979
           3091              0.0000   6.757515e-04         0.9980
           3092              0.0000   6.743425e-04         0.9979
           3093              0.0000   6.730508e-04         0.9981
           3094              0.0000   6.717353e-04         0.9980
           3095              0.0000   6.704602e-04         0.9981
           3096              0.0000   6.692060e-04         0.9981
           3097              0.0000   6.679035e-04         0.9981
           3098              0.0000   6.666399e-04         0.9981
           3099              0.0000   6.655369e-04         0.9983
           3100              0.0000   6.643614e-04         0.9982
           3101              0.0000   6.628196e-04         0.9977
           3102              0.0000   6.610991e-04         0.9974
           3103              0.0000   6.594488e-04         0.9975
           3104              0.0000   6.580877e-04         0.9979
           3105              0.0000   6.567269e-04         0.9979
           3106              0.0000   6.555627e-04         0.9982
           3107              0.0000   6.543853e-04         0.9982
           3108              0.0000   6.531959e-04         0.9982
           3109              0.0000   6.520592e-04         0.9983
           3110              0.0000   6.510306e-04         0.9984
           3111              0.0000   6.500283e-04         0.9985
           3112              0.0000   6.490015e-04         0.9984
           3113              0.0000   6.480001e-04         0.9985
           3114              0.0000   6.468714e-04         0.9983
           3115              0.0000   6.457815e-04         0.9983
           3116              0.0000   6.445589e-04         0.9981
           3117              0.0000   6.435282e-04         0.9984
           3118              0.0000   6.424832e-04         0.9984
           3119              0.0000   6.414271e-04         0.9984
           3120              0.0000   6.401518e-04         0.9980
           3121              0.0000   6.389276e-04         0.9981
           3122              0.0000   6.376595e-04         0.9980
           3123              0.0000   6.365651e-04         0.9983
           3124              0.0000   6.355827e-04         0.9985
           3125              0.0000   6.345082e-04         0.9983
           3126              0.0000   6.333301e-04         0.9981
           3127              0.0000   6.322452e-04         0.9983
           3128              0.0000   6.311553e-04         0.9983
           3129              0.0000   6.301778e-04         0.9985
           3130              0.0000   6.293033e-04         0.9986
           3131              0.0000   6.283375e-04         0.9985
           3132              0.0000   6.271814e-04         0.9982
           3133              0.0000   6.258711e-04         0.9979
           3134              0.0000   6.246950e-04         0.9981
           3135              0.0000   6.236282e-04         0.9983
           3136              0.0000   6.224510e-04         0.9981
           3137              0.0000   6.211530e-04         0.9979
           3138              0.0000   6.194784e-04         0.9973
           3139              0.0000   6.179301e-04         0.9975
           3140              0.0000   6.164735e-04         0.9976
           3141              0.0000   6.151306e-04         0.9978
           3142              0.0000   6.138801e-04         0.9980
           3143              0.0000   6.124767e-04         0.9977
           3144              0.0000   6.111875e-04         0.9979
           3145              0.0000   6.098313e-04         0.9978
           3146              0.0000   6.086884e-04         0.9981
           3147              0.0000   6.075776e-04         0.9982
           3148              0.0000   6.064834e-04         0.9982
           3149              0.0000   6.054188e-04         0.9982
           3150              0.0000   6.042439e-04         0.9981
           3151              0.0000   6.030367e-04         0.9980
           3152              0.0000   6.017951e-04         0.9979
           3153              0.0000   6.007228e-04         0.9982
           3154              0.0000   5.996771e-04         0.9983
           3155              0.0000   5.987213e-04         0.9984
           3156              0.0000   5.977129e-04         0.9983
           3157              0.0000   5.967552e-04         0.9984
           3158              0.0000   5.957409e-04         0.9983
           3159              0.0000   5.947606e-04         0.9984
           3160              0.0000   5.938408e-04         0.9985
           3161              0.0000   5.929299e-04         0.9985
           3162              0.0000   5.919146e-04         0.9983
           3163              0.0000   5.909247e-04         0.9983
           3164              0.0000   5.898674e-04         0.9982
           3165              0.0000   5.887658e-04         0.9981
           3166              0.0000   5.876455e-04         0.9981
           3167              0.0000   5.866017e-04         0.9982
           3168              0.0000   5.854825e-04         0.9981
           3169              0.0000   5.844429e-04         0.9982
           3170              0.0000   5.832834e-04         0.9980
           3171              0.0000   5.821113e-04         0.9980
           3172              0.0000   5.811048e-04         0.9983
           3173              0.0000   5.801574e-04         0.9984
           3174              0.0000   5.792298e-04         0.9984
           3175              0.0000   5.783747e-04         0.9985
           3176              0.0000   5.774221e-04         0.9984
           3177              0.0000   5.764140e-04         0.9983
           3178              0.0000   5.754581e-04         0.9983
           3179              0.0000   5.745185e-04         0.9984
           3180              0.0000   5.735225e-04         0.9983
           3181              0.0000   5.724139e-04         0.9981
           3182              0.0000   5.714607e-04         0.9983
           3183              0.0000   5.706510e-04         0.9986
           3184              0.0000   5.700908e-04         0.9990
           3185              0.0000   5.694428e-04         0.9989
           3186              0.0000   5.688409e-04         0.9989
           3187              0.0000   5.682565e-04         0.9990
           3188              0.0000   5.678052e-04         0.9992
           3189              0.0000   5.674632e-04         0.9994
           3190              0.0000   5.671316e-04         0.9994
           3191              0.0000   5.667075e-04         0.9993
           3192              0.0000   5.662672e-04         0.9992
           3193              0.0000   5.657554e-04         0.9991
           3194              0.0000   5.651639e-04         0.9990
           3195              0.0000   5.645141e-04         0.9989
           3196              0.0000   5.636756e-04         0.9985
           3197              0.0000   5.628702e-04         0.9986
           3198              0.0000   5.622564e-04         0.9989
           3199              0.0000   5.613187e-04         0.9983
           3200              0.0000   5.610582e-04         0.9995
           3201              0.0000   5.608879e-04         0.9997
           3202              0.0000   5.604953e-04         0.9993
           3203              0.0000   5.602110e-04         0.9995
           3204              0.0000   5.596945e-04         0.9991
           3205              0.0000   5.591557e-04         0.9990
           3206              0.0000   5.586065e-04         0.9990
           3207              0.0000   5.581237e-04         0.9991
           3208              0.0000   5.576593e-04         0.9992
           3209              0.0000   5.573635e-04         0.9995
           3210              0.0000   5.571466e-04         0.9996
           3211              0.0000   5.568920e-04         0.9995
           3212              0.0000   5.566541e-04         0.9996
           3213              0.0000   5.563970e-04         0.9995
           3214              0.0000   5.561507e-04         0.9996
           3215              0.0000   5.558761e-04         0.9995
           3216              0.0000   5.555882e-04         0.9995
           3217              0.0000   5.553052e-04         0.9995
           3218              0.0000   5.549298e-04         0.9993
           3219              0.0000   5.545147e-04         0.9993
           3220              0.0000   5.541654e-04         0.9994
           3221              0.0000   5.538107e-04         0.9994
           3222              0.0000   5.533125e-04         0.9991
           3223              0.0000   5.527906e-04         0.9991
           3224              0.0000   5.522370e-04         0.9990
           3225              0.0000   5.517197e-04         0.9991
           3226              0.0000   5.512199e-04         0.9991
           3227              0.0000   5.506791e-04         0.9990
           3228              0.0000   5.500257e-04         0.9988
           3229              0.0000   5.494252e-04         0.9989
           3230              0.0000   5.487786e-04         0.9988
           3231              0.0000   5.480620e-04         0.9987
           3232              0.0000   5.473680e-04         0.9987
           3233              0.0000   5.466994e-04         0.9988
           3234              0.0000   5.459714e-04         0.9987
           3235              0.0000   5.452012e-04         0.9986
           3236              0.0000   5.443545e-04         0.9984
           3237              0.0000   5.434341e-04         0.9983
           3238              0.0000   5.426098e-04         0.9985
           3239              0.0000   5.417582e-04         0.9984
           3240              0.0000   5.408268e-04         0.9983
           3241              0.0000   5.399376e-04         0.9984
           3242              0.0000   5.390888e-04         0.9984
           3243              0.0000   5.383414e-04         0.9986
           3244              0.0000   5.375279e-04         0.9985
           3245              0.0000   5.365816e-04         0.9982
           3246              0.0000   5.356822e-04         0.9983
           3247              0.0000   5.347076e-04         0.9982
           3248              0.0000   5.339104e-04         0.9985
           3249              0.0000   5.331805e-04         0.9986
           3250              0.0000   5.322714e-04         0.9983
           3251              0.0000   5.313848e-04         0.9983
           3252              0.0000   5.304622e-04         0.9983
           3253              0.0000   5.295918e-04         0.9984
           3254              0.0000   5.288022e-04         0.9985
           3255              0.0000   5.279075e-04         0.9983
           3256              0.0000   5.268409e-04         0.9980
           3257              0.0000   5.257963e-04         0.9980
           3258              0.0000   5.247359e-04         0.9980
           3259              0.0000   5.236740e-04         0.9980
           3260              0.0000   5.225847e-04         0.9979
           3261              0.0000   5.214916e-04         0.9979
           3262              0.0000   5.202880e-04         0.9977
           3263              0.0000   5.189649e-04         0.9975
           3264              0.0000   5.176540e-04         0.9975
           3265              0.0000   5.164389e-04         0.9977
           3266              0.0000   5.152042e-04         0.9976
           3267              0.0000   5.138000e-04         0.9973
           3268              0.0000   5.125277e-04         0.9975
           3269              0.0000   5.110730e-04         0.9972
           3270              0.0000   5.096763e-04         0.9973
           3271              0.0000   5.084032e-04         0.9975
           3272              0.0000   5.072986e-04         0.9978
           3273              0.0000   5.063167e-04         0.9981
           3274              0.0000   5.051903e-04         0.9978
           3275              0.0000   5.042882e-04         0.9982
           3276              0.0000   5.033646e-04         0.9982
           3277              0.0000   5.026943e-04         0.9987
           3278              0.0000   5.020276e-04         0.9987
           3279              0.0000   5.012896e-04         0.9985
           3280              0.0000   5.004864e-04         0.9984
           3281              0.0000   4.996739e-04         0.9984
           3282              0.0000   4.988292e-04         0.9983
           3283              0.0000   4.980960e-04         0.9985
           3284              0.0000   4.973298e-04         0.9985
           3285              0.0000   4.965538e-04         0.9984
           3286              0.0000   4.956548e-04         0.9982
           3287              0.0000   4.946878e-04         0.9980
           3288              0.0000   4.938054e-04         0.9982
           3289              0.0000   4.929752e-04         0.9983
           3290              0.0000   4.921806e-04         0.9984
           3291              0.0000   4.913652e-04         0.9983
           3292              0.0000   4.904962e-04         0.9982
           3293              0.0000   4.895628e-04         0.9981
           3294              0.0000   4.887377e-04         0.9983
           3295              0.0000   4.879352e-04         0.9984
           3296              0.0000   4.872006e-04         0.9985
           3297              0.0000   4.865182e-04         0.9986
           3298              0.0000   4.857252e-04         0.9984
           3299              0.0000   4.849388e-04         0.9984
           3300              0.0000   4.842503e-04         0.9986
           3301              0.0000   4.836078e-04         0.9987
           3302              0.0000   4.828654e-04         0.9985
           3303              0.0000   4.820609e-04         0.9983
           3304              0.0000   4.811878e-04         0.9982
           3305              0.0000   4.802287e-04         0.9980
           3306              0.0000   4.792833e-04         0.9980
           3307              0.0000   4.783576e-04         0.9981
           3308              0.0000   4.775186e-04         0.9982
           3309              0.0000   4.767548e-04         0.9984
           3310              0.0000   4.759971e-04         0.9984
           3311              0.0000   4.751593e-04         0.9982
           3312              0.0000   4.744021e-04         0.9984
           3313              0.0000   4.736664e-04         0.9984
           3314              0.0000   4.728344e-04         0.9982
           3315              0.0000   4.719043e-04         0.9980
           3316              0.0000   4.710473e-04         0.9982
           3317              0.0000   4.702552e-04         0.9983
           3318              0.0000   4.694512e-04         0.9983
           3319              0.0000   4.687240e-04         0.9985
           3320              0.0000   4.680252e-04         0.9985
           3321              0.0000   4.673859e-04         0.9986
           3322              0.0000   4.668478e-04         0.9988
           3323              0.0000   4.661892e-04         0.9986
           3324              0.0000   4.656282e-04         0.9988
           3325              0.0000   4.650084e-04         0.9987
           3326              0.0000   4.643730e-04         0.9986
           3327              0.0000   4.636465e-04         0.9984
           3328              0.0000   4.629005e-04         0.9984
           3329              0.0000   4.621825e-04         0.9984
           3330              0.0000   4.614828e-04         0.9985
           3331              0.0000   4.607069e-04         0.9983
           3332              0.0000   4.600503e-04         0.9986
           3333              0.0000   4.594700e-04         0.9987
           3334              0.0000   4.589906e-04         0.9990
           3335              0.0000   4.584826e-04         0.9989
           3336              0.0000   4.580298e-04         0.9990
           3337              0.0000   4.576510e-04         0.9992
           3338              0.0000   4.572889e-04         0.9992
           3339              0.0000   4.569882e-04         0.9993
           3340              0.0000   4.566859e-04         0.9993
           3341              0.0000   4.564281e-04         0.9994
           3342              0.0000   4.561632e-04         0.9994
           3343              0.0000   4.559342e-04         0.9995
           3344              0.0000   4.557221e-04         0.9995
           3345              0.0000   4.555185e-04         0.9996
           3346              0.0000   4.552544e-04         0.9994
           3347              0.0000   4.549152e-04         0.9993
           3348              0.0000   4.545801e-04         0.9993
           3349              0.0000   4.542744e-04         0.9993
           3350              0.0000   4.539470e-04         0.9993
           3351              0.0000   4.535653e-04         0.9992
           3352              0.0000   4.531485e-04         0.9991
           3353              0.0000   4.526894e-04         0.9990
           3354              0.0000   4.522084e-04         0.9989
           3355              0.0000   4.516929e-04         0.9989
           3356              0.0000   4.512252e-04         0.9990
           3357              0.0000   4.507939e-04         0.9990
           3358              0.0000   4.503593e-04         0.9990
           3359              0.0000   4.499135e-04         0.9990
           3360              0.0000   4.495399e-04         0.9992
           3361              0.0000   4.491294e-04         0.9991
           3362              0.0000   4.486666e-04         0.9990
           3363              0.0000   4.482113e-04         0.9990
           3364              0.0000   4.477044e-04         0.9989
           3365              0.0000   4.472069e-04         0.9989
           3366              0.0000   4.467644e-04         0.9990
           3367              0.0000   4.462665e-04         0.9989
           3368              0.0000   4.457786e-04         0.9989
           3369              0.0000   4.452428e-04         0.9988
           3370              0.0000   4.445897e-04         0.9985
           3371              0.0000   4.437724e-04         0.9982
           3372              0.0000   4.428626e-04         0.9979
           3373              0.0000   4.418177e-04         0.9976
           3374              0.0000   4.406486e-04         0.9974
           3375              0.0000   4.394803e-04         0.9973
           3376              0.0000   4.380199e-04         0.9967
           3377              0.0000   4.367978e-04         0.9972
           3378              0.0000   4.357434e-04         0.9976
           3379              0.0000   4.346807e-04         0.9976
           3380              0.0000   4.334337e-04         0.9971
           3381              0.0000   4.322001e-04         0.9972
           3382              0.0000   4.312809e-04         0.9979
           3383              0.0000   4.301846e-04         0.9975
           3384              0.0000   4.290162e-04         0.9973
           3385              0.0000   4.279150e-04         0.9974
           3386              0.0000   4.267515e-04         0.9973
           3387              0.0000   4.250354e-04         0.9960
           3388              0.0000   4.236031e-04         0.9966
           3389              0.0000   4.221009e-04         0.9965
           3390              0.0000   4.204814e-04         0.9962
           3391              0.0000   4.186753e-04         0.9957
           3392              0.0000   4.165474e-04         0.9949
           3393              0.0000   4.144417e-04         0.9949
           3394              0.0000   4.126796e-04         0.9957
           3395              0.0000   4.112563e-04         0.9966
           3396              0.0000   4.094997e-04         0.9957
           3397              0.0000   4.075893e-04         0.9953
           3398              0.0000   4.059091e-04         0.9959
           3399              0.0000   4.037660e-04         0.9947
           3400              0.0000   4.024934e-04         0.9968
           3401              0.0000   4.021492e-04         0.9991
           3402              0.0000   4.006053e-04         0.9962
           3403              0.0000   3.995396e-04         0.9973
           3404              0.0000   3.984825e-04         0.9974
           3405              0.0000   3.973756e-04         0.9972
           3406              0.0000   3.965365e-04         0.9979
           3407              0.0000   3.955009e-04         0.9974
           3408              0.0000   3.943674e-04         0.9971
           3409              0.0000   3.931594e-04         0.9969
           3410              0.0000   3.919410e-04         0.9969
           3411              0.0000   3.905763e-04         0.9965
           3412              0.0000   3.894852e-04         0.9972
           3413              0.0000   3.882521e-04         0.9968
           3414              0.0000   3.871095e-04         0.9971
           3415              0.0000   3.858939e-04         0.9969
           3416              0.0000   3.848412e-04         0.9973
           3417              0.0000   3.837792e-04         0.9972
           3418              0.0000   3.829532e-04         0.9978
           3419              0.0000   3.823668e-04         0.9985
           3420              0.0000   3.817079e-04         0.9983
           3421              0.0000   3.809795e-04         0.9981
           3422              0.0000   3.802783e-04         0.9982
           3423              0.0000   3.795886e-04         0.9982
           3424              0.0000   3.787594e-04         0.9978
           3425              0.0000   3.779509e-04         0.9979
           3426              0.0000   3.772895e-04         0.9983
           3427              0.0000   3.766911e-04         0.9984
           3428              0.0000   3.760034e-04         0.9982
           3429              0.0000   3.749803e-04         0.9973
           3430              0.0000   3.741118e-04         0.9977
           3431              0.0000   3.732288e-04         0.9976
           3432              0.0000   3.724003e-04         0.9978
           3433              0.0000   3.716618e-04         0.9980
           3434              0.0000   3.709603e-04         0.9981
           3435              0.0000   3.703977e-04         0.9985
           3436              0.0000   3.699141e-04         0.9987
           3437              0.0000   3.694687e-04         0.9988
           3438              0.0000   3.690773e-04         0.9989
           3439              0.0000   3.687531e-04         0.9991
           3440              0.0000   3.683962e-04         0.9990
           3441              0.0000   3.680348e-04         0.9990
           3442              0.0000   3.676689e-04         0.9990
           3443              0.0000   3.673063e-04         0.9990
           3444              0.0000   3.669979e-04         0.9992
           3445              0.0000   3.667416e-04         0.9993
           3446              0.0000   3.664534e-04         0.9992
           3447              0.0000   3.661706e-04         0.9992
           3448              0.0000   3.658477e-04         0.9991
           3449              0.0000   3.655261e-04         0.9991
           3450              0.0000   3.651780e-04         0.9990
           3451              0.0000   3.648835e-04         0.9992
           3452              0.0000   3.644948e-04         0.9989
           3453              0.0000   3.640864e-04         0.9989
           3454              0.0000   3.637381e-04         0.9990
           3455              0.0000   3.633917e-04         0.9990
           3456              0.0000   3.630962e-04         0.9992
           3457              0.0000   3.628571e-04         0.9993
           3458              0.0000   3.625732e-04         0.9992
           3459              0.0000   3.623096e-04         0.9993
           3460              0.0000   3.620253e-04         0.9992
           3461              0.0000   3.617389e-04         0.9992
           3462              0.0000   3.615084e-04         0.9994
           3463              0.0000   3.613017e-04         0.9994
           3464              0.0000   3.610559e-04         0.9993
           3465              0.0000   3.607799e-04         0.9992
           3466              0.0000   3.604811e-04         0.9992
           3467              0.0000   3.601816e-04         0.9992
           3468              0.0000   3.599045e-04         0.9992
           3469              0.0000   3.595628e-04         0.9991
           3470              0.0000   3.592102e-04         0.9990
           3471              0.0000   3.586943e-04         0.9986
           3472              0.0000   3.582070e-04         0.9986
           3473              0.0000   3.576659e-04         0.9985
           3474              0.0000   3.571299e-04         0.9985
           3475              0.0000   3.566332e-04         0.9986
           3476              0.0000   3.559814e-04         0.9982
           3477              0.0000   3.553476e-04         0.9982
           3478              0.0000   3.545880e-04         0.9979
           3479              0.0000   3.539106e-04         0.9981
           3480              0.0000   3.532896e-04         0.9982
           3481              0.0000   3.527216e-04         0.9984
           3482              0.0000   3.520665e-04         0.9981
           3483              0.0000   3.515166e-04         0.9984
           3484              0.0000   3.509338e-04         0.9983
           3485              0.0000   3.503818e-04         0.9984
           3486              0.0000   3.498792e-04         0.9986
           3487              0.0000   3.493317e-04         0.9984
           3488              0.0000   3.487909e-04         0.9985
           3489              0.0000   3.481637e-04         0.9982
           3490              0.0000   3.475630e-04         0.9983
           3491              0.0000   3.470278e-04         0.9985
           3492              0.0000   3.464094e-04         0.9982
           3493              0.0000   3.458574e-04         0.9984
           3494              0.0000   3.452957e-04         0.9984
           3495              0.0000   3.447795e-04         0.9985
           3496              0.0000   3.442300e-04         0.9984
           3497              0.0000   3.437206e-04         0.9985
           3498              0.0000   3.431505e-04         0.9983
           3499              0.0000   3.426609e-04         0.9986
           3500              0.0000   3.421584e-04         0.9985
           3501              0.0000   3.415100e-04         0.9981
           3502              0.0000   3.408124e-04         0.9980
           3503              0.0000   3.402806e-04         0.9984
           3504              0.0000   3.397626e-04         0.9985
           3505              0.0000   3.393205e-04         0.9987
           3506              0.0000   3.389519e-04         0.9989
           3507              0.0000   3.385836e-04         0.9989
           3508              0.0000   3.381318e-04         0.9987
           3509              0.0000   3.377078e-04         0.9987
           3510              0.0000   3.372959e-04         0.9988
           3511              0.0000   3.369327e-04         0.9989
           3512              0.0000   3.365224e-04         0.9988
           3513              0.0000   3.360880e-04         0.9987
           3514              0.0000   3.356481e-04         0.9987
           3515              0.0000   3.351957e-04         0.9987
           3516              0.0000   3.347647e-04         0.9987
           3517              0.0000   3.343810e-04         0.9989
           3518              0.0000   3.339753e-04         0.9988
           3519              0.0000   3.335535e-04         0.9987
           3520              0.0000   3.330384e-04         0.9985
           3521              0.0000   3.325410e-04         0.9985
           3522              0.0000   3.320956e-04         0.9987
           3523              0.0000   3.316056e-04         0.9985
           3524              0.0000   3.311580e-04         0.9987
           3525              0.0000   3.306478e-04         0.9985
           3526              0.0000   3.301504e-04         0.9985
           3527              0.0000   3.296869e-04         0.9986
           3528              0.0000   3.292111e-04         0.9986
           3529              0.0000   3.287759e-04         0.9987
           3530              0.0000   3.282879e-04         0.9985
           3531              0.0000   3.277779e-04         0.9984
           3532              0.0000   3.272275e-04         0.9983
           3533              0.0000   3.266084e-04         0.9981
           3534              0.0000   3.260550e-04         0.9983
           3535              0.0000   3.255116e-04         0.9983
           3536              0.0000   3.248375e-04         0.9979
           3537              0.0000   3.241252e-04         0.9978
           3538              0.0000   3.233334e-04         0.9976
           3539              0.0000   3.225844e-04         0.9977
           3540              0.0000   3.218393e-04         0.9977
           3541              0.0000   3.210524e-04         0.9976
           3542              0.0000   3.203294e-04         0.9977
           3543              0.0000   3.195321e-04         0.9975
           3544              0.0000   3.187116e-04         0.9974
           3545              0.0000   3.179528e-04         0.9976
           3546              0.0000   3.172374e-04         0.9977
           3547              0.0000   3.166407e-04         0.9981
           3548              0.0000   3.159137e-04         0.9977
           3549              0.0000   3.153009e-04         0.9981
           3550              0.0000   3.146544e-04         0.9979
           3551              0.0000   3.140344e-04         0.9980
           3552              0.0000   3.134486e-04         0.9981
           3553              0.0000   3.129024e-04         0.9983
           3554              0.0000   3.123817e-04         0.9983
           3555              0.0000   3.118617e-04         0.9983
           3556              0.0000   3.112917e-04         0.9982
           3557              0.0000   3.108549e-04         0.9986
           3558              0.0000   3.103124e-04         0.9983
           3559              0.0000   3.096896e-04         0.9980
           3560              0.0000   3.090842e-04         0.9980
           3561              0.0000   3.084920e-04         0.9981
           3562              0.0000   3.079832e-04         0.9984
           3563              0.0000   3.074219e-04         0.9982
           3564              0.0000   3.069163e-04         0.9984
           3565              0.0000   3.063916e-04         0.9983
           3566              0.0000   3.059047e-04         0.9984
           3567              0.0000   3.054321e-04         0.9985
           3568              0.0000   3.049206e-04         0.9983
           3569              0.0000   3.043993e-04         0.9983
           3570              0.0000   3.038240e-04         0.9981
           3571              0.0000   3.033402e-04         0.9984
           3572              0.0000   3.028571e-04         0.9984
           3573              0.0000   3.023410e-04         0.9983
           3574              0.0000   3.018403e-04         0.9983
           3575              0.0000   3.013243e-04         0.9983
           3576              0.0000   3.008292e-04         0.9984
           3577              0.0000   3.003162e-04         0.9983
           3578              0.0000   2.998223e-04         0.9984
           3579              0.0000   2.992668e-04         0.9981
           3580              0.0000   2.987339e-04         0.9982
           3581              0.0000   2.981950e-04         0.9982
           3582              0.0000   2.977342e-04         0.9985
           3583              0.0000   2.973435e-04         0.9987
           3584              0.0000   2.969654e-04         0.9987
           3585              0.0000   2.965738e-04         0.9987
           3586              0.0000   2.961538e-04         0.9986
           3587              0.0000   2.958055e-04         0.9988
           3588              0.0000   2.955021e-04         0.9990
           3589              0.0000   2.952089e-04         0.9990
           3590              0.0000   2.949034e-04         0.9990
           3591              0.0000   2.945686e-04         0.9989
           3592              0.0000   2.942181e-04         0.9988
           3593              0.0000   2.938597e-04         0.9988
           3594              0.0000   2.934186e-04         0.9985
           3595              0.0000   2.928651e-04         0.9981
           3596              0.0000   2.923435e-04         0.9982
           3597              0.0000   2.918912e-04         0.9985
           3598              0.0000   2.914837e-04         0.9986
           3599              0.0000   2.908530e-04         0.9978
           3600              0.0000   2.905622e-04         0.9990
           3601              0.0000   2.904351e-04         0.9996
           3602              0.0000   2.901499e-04         0.9990
           3603              0.0000   2.899801e-04         0.9994
           3604              0.0000   2.896815e-04         0.9990
           3605              0.0000   2.893619e-04         0.9989
           3606              0.0000   2.889934e-04         0.9987
           3607              0.0000   2.886638e-04         0.9989
           3608              0.0000   2.883311e-04         0.9988
           3609              0.0000   2.881202e-04         0.9993
           3610              0.0000   2.879653e-04         0.9995
           3611              0.0000   2.877549e-04         0.9993
           3612              0.0000   2.875807e-04         0.9994
           3613              0.0000   2.873895e-04         0.9993
           3614              0.0000   2.871911e-04         0.9993
           3615              0.0000   2.869817e-04         0.9993
           3616              0.0000   2.867535e-04         0.9992
           3617              0.0000   2.865608e-04         0.9993
           3618              0.0000   2.863378e-04         0.9992
           3619              0.0000   2.861053e-04         0.9992
           3620              0.0000   2.858851e-04         0.9992
           3621              0.0000   2.856662e-04         0.9992
           3622              0.0000   2.854196e-04         0.9991
           3623              0.0000   2.851468e-04         0.9990
           3624              0.0000   2.848644e-04         0.9990
           3625              0.0000   2.845974e-04         0.9991
           3626              0.0000   2.843157e-04         0.9990
           3627              0.0000   2.840518e-04         0.9991
           3628              0.0000   2.837255e-04         0.9989
           3629              0.0000   2.834031e-04         0.9989
           3630              0.0000   2.830412e-04         0.9987
           3631              0.0000   2.827146e-04         0.9988
           3632              0.0000   2.823777e-04         0.9988
           3633              0.0000   2.820669e-04         0.9989
           3634              0.0000   2.817375e-04         0.9988
           3635              0.0000   2.814639e-04         0.9990
           3636              0.0000   2.811334e-04         0.9988
           3637              0.0000   2.807858e-04         0.9988
           3638              0.0000   2.804225e-04         0.9987
           3639              0.0000   2.800893e-04         0.9988
           3640              0.0000   2.797318e-04         0.9987
           3641              0.0000   2.794124e-04         0.9989
           3642              0.0000   2.790836e-04         0.9988
           3643              0.0000   2.787832e-04         0.9989
           3644              0.0000   2.784260e-04         0.9987
           3645              0.0000   2.780074e-04         0.9985
           3646              0.0000   2.776002e-04         0.9985
           3647              0.0000   2.771960e-04         0.9985
           3648              0.0000   2.768440e-04         0.9987
           3649              0.0000   2.765561e-04         0.9990
           3650              0.0000   2.762386e-04         0.9989
           3651              0.0000   2.758476e-04         0.9986
           3652              0.0000   2.754873e-04         0.9987
           3653              0.0000   2.751976e-04         0.9989
           3654              0.0000   2.748762e-04         0.9988
           3655              0.0000   2.745732e-04         0.9989
           3656              0.0000   2.741857e-04         0.9986
           3657              0.0000   2.737433e-04         0.9984
           3658              0.0000   2.733268e-04         0.9985
           3659              0.0000   2.728407e-04         0.9982
           3660              0.0000   2.723996e-04         0.9984
           3661              0.0000   2.719468e-04         0.9983
           3662              0.0000   2.713822e-04         0.9979
           3663              0.0000   2.707504e-04         0.9977
           3664              0.0000   2.701464e-04         0.9978
           3665              0.0000   2.696132e-04         0.9980
           3666              0.0000   2.691003e-04         0.9981
           3667              0.0000   2.684963e-04         0.9978
           3668              0.0000   2.679777e-04         0.9981
           3669              0.0000   2.673914e-04         0.9978
           3670              0.0000   2.668461e-04         0.9980
           3671              0.0000   2.662999e-04         0.9980
           3672              0.0000   2.658288e-04         0.9982
           3673              0.0000   2.653825e-04         0.9983
           3674              0.0000   2.649075e-04         0.9982
           3675              0.0000   2.644829e-04         0.9984
           3676              0.0000   2.640538e-04         0.9984
           3677              0.0000   2.637046e-04         0.9987
           3678              0.0000   2.633222e-04         0.9985
           3679              0.0000   2.629742e-04         0.9987
           3680              0.0000   2.625220e-04         0.9983
           3681              0.0000   2.620872e-04         0.9983
           3682              0.0000   2.617029e-04         0.9985
           3683              0.0000   2.613311e-04         0.9986
           3684              0.0000   2.609135e-04         0.9984
           3685              0.0000   2.605145e-04         0.9985
           3686              0.0000   2.600790e-04         0.9983
           3687              0.0000   2.596210e-04         0.9982
           3688              0.0000   2.592223e-04         0.9985
           3689              0.0000   2.588521e-04         0.9986
           3690              0.0000   2.584441e-04         0.9984
           3691              0.0000   2.579718e-04         0.9982
           3692              0.0000   2.575094e-04         0.9982
           3693              0.0000   2.570504e-04         0.9982
           3694              0.0000   2.566454e-04         0.9984
           3695              0.0000   2.561927e-04         0.9982
           3696              0.0000   2.557576e-04         0.9983
           3697              0.0000   2.553467e-04         0.9984
           3698              0.0000   2.549104e-04         0.9983
           3699              0.0000   2.545299e-04         0.9985
           3700              0.0000   2.541849e-04         0.9986
           3701              0.0000   2.538572e-04         0.9987
           3702              0.0000   2.535195e-04         0.9987
           3703              0.0000   2.531042e-04         0.9984
           3704              0.0000   2.526597e-04         0.9982
           3705              0.0000   2.521803e-04         0.9981
           3706              0.0000   2.516279e-04         0.9978
           3707              0.0000   2.511093e-04         0.9979
           3708              0.0000   2.505901e-04         0.9979
           3709              0.0000   2.501709e-04         0.9983
           3710              0.0000   2.497400e-04         0.9983
           3711              0.0000   2.493045e-04         0.9983
           3712              0.0000   2.488999e-04         0.9984
           3713              0.0000   2.484968e-04         0.9984
           3714              0.0000   2.480179e-04         0.9981
           3715              0.0000   2.475058e-04         0.9979
           3716              0.0000   2.470101e-04         0.9980
           3717              0.0000   2.465588e-04         0.9982
           3718              0.0000   2.461376e-04         0.9983
           3719              0.0000   2.457029e-04         0.9982
           3720              0.0000   2.452681e-04         0.9982
           3721              0.0000   2.448646e-04         0.9984
           3722              0.0000   2.444175e-04         0.9982
           3723              0.0000   2.439736e-04         0.9982
           3724              0.0000   2.435340e-04         0.9982
           3725              0.0000   2.430754e-04         0.9981
           3726              0.0000   2.425455e-04         0.9978
           3727              0.0000   2.420241e-04         0.9979
           3728              0.0000   2.414695e-04         0.9977
           3729              0.0000   2.409328e-04         0.9978
           3730              0.0000   2.404452e-04         0.9980
           3731              0.0000   2.399087e-04         0.9978
           3732              0.0000   2.395016e-04         0.9983
           3733              0.0000   2.391481e-04         0.9985
           3734              0.0000   2.388158e-04         0.9986
           3735              0.0000   2.384774e-04         0.9986
           3736              0.0000   2.382022e-04         0.9988
           3737              0.0000   2.379142e-04         0.9988
           3738              0.0000   2.376632e-04         0.9989
           3739              0.0000   2.374290e-04         0.9990
           3740              0.0000   2.372461e-04         0.9992
           3741              0.0000   2.370768e-04         0.9993
           3742              0.0000   2.368975e-04         0.9992
           3743              0.0000   2.367401e-04         0.9993
           3744              0.0000   2.366106e-04         0.9995
           3745              0.0000   2.364982e-04         0.9995
           3746              0.0000   2.363137e-04         0.9992
           3747              0.0000   2.360986e-04         0.9991
           3748              0.0000   2.358939e-04         0.9991
           3749              0.0000   2.356999e-04         0.9992
           3750              0.0000   2.354947e-04         0.9991
           3751              0.0000   2.352959e-04         0.9992
           3752              0.0000   2.350565e-04         0.9990
           3753              0.0000   2.348195e-04         0.9990
           3754              0.0000   2.345458e-04         0.9988
           3755              0.0000   2.342700e-04         0.9988
           3756              0.0000   2.340246e-04         0.9990
           3757              0.0000   2.337886e-04         0.9990
           3758              0.0000   2.335464e-04         0.9990
           3759              0.0000   2.333455e-04         0.9991
           3760              0.0000   2.331862e-04         0.9993
           3761              0.0000   2.330011e-04         0.9992
           3762              0.0000   2.327984e-04         0.9991
           3763              0.0000   2.325887e-04         0.9991
           3764              0.0000   2.323608e-04         0.9990
           3765              0.0000   2.321564e-04         0.9991
           3766              0.0000   2.319725e-04         0.9992
           3767              0.0000   2.317649e-04         0.9991
           3768              0.0000   2.315701e-04         0.9992
           3769              0.0000   2.313604e-04         0.9991
           3770              0.0000   2.311072e-04         0.9989
           3771              0.0000   2.307734e-04         0.9986
           3772              0.0000   2.303633e-04         0.9982
           3773              0.0000   2.299430e-04         0.9982
           3774              0.0000   2.294520e-04         0.9979
           3775              0.0000   2.290189e-04         0.9981
           3776              0.0000   2.285858e-04         0.9981
           3777              0.0000   2.281971e-04         0.9983
           3778              0.0000   2.278704e-04         0.9986
           3779              0.0000   2.275349e-04         0.9985
           3780              0.0000   2.271649e-04         0.9984
           3781              0.0000   2.268151e-04         0.9985
           3782              0.0000   2.264968e-04         0.9986
           3783              0.0000   2.261360e-04         0.9984
           3784              0.0000   2.257804e-04         0.9984
           3785              0.0000   2.254006e-04         0.9983
           3786              0.0000   2.249715e-04         0.9981
           3787              0.0000   2.243870e-04         0.9974
           3788              0.0000   2.237985e-04         0.9974
           3789              0.0000   2.232078e-04         0.9974
           3790              0.0000   2.226633e-04         0.9976
           3791              0.0000   2.220556e-04         0.9973
           3792              0.0000   2.214464e-04         0.9973
           3793              0.0000   2.208261e-04         0.9972
           3794              0.0000   2.202640e-04         0.9975
           3795              0.0000   2.198161e-04         0.9980
           3796              0.0000   2.192905e-04         0.9976
           3797              0.0000   2.186323e-04         0.9970
           3798              0.0000   2.180626e-04         0.9974
           3799              0.0000   2.173807e-04         0.9969
           3800              0.0000   2.169938e-04         0.9982
           3801              0.0000   2.168629e-04         0.9994
           3802              0.0000   2.163592e-04         0.9977
           3803              0.0000   2.159964e-04         0.9983
           3804              0.0000   2.155875e-04         0.9981
           3805              0.0000   2.152346e-04         0.9984
           3806              0.0000   2.149576e-04         0.9987
           3807              0.0000   2.146567e-04         0.9986
           3808              0.0000   2.142780e-04         0.9982
           3809              0.0000   2.139105e-04         0.9983
           3810              0.0000   2.135861e-04         0.9985
           3811              0.0000   2.131847e-04         0.9981
           3812              0.0000   2.128005e-04         0.9982
           3813              0.0000   2.123679e-04         0.9980
           3814              0.0000   2.119233e-04         0.9979
           3815              0.0000   2.115041e-04         0.9980
           3816              0.0000   2.111621e-04         0.9984
           3817              0.0000   2.108586e-04         0.9986
           3818              0.0000   2.105951e-04         0.9988
           3819              0.0000   2.103739e-04         0.9989
           3820              0.0000   2.101449e-04         0.9989
           3821              0.0000   2.099227e-04         0.9989
           3822              0.0000   2.096990e-04         0.9989
           3823              0.0000   2.094719e-04         0.9989
           3824              0.0000   2.092255e-04         0.9988
           3825              0.0000   2.090150e-04         0.9990
           3826              0.0000   2.088142e-04         0.9990
           3827              0.0000   2.086075e-04         0.9990
           3828              0.0000   2.083533e-04         0.9988
           3829              0.0000   2.080244e-04         0.9984
           3830              0.0000   2.076961e-04         0.9984
           3831              0.0000   2.074064e-04         0.9986
           3832              0.0000   2.071038e-04         0.9985
           3833              0.0000   2.068189e-04         0.9986
           3834              0.0000   2.065292e-04         0.9986
           3835              0.0000   2.062939e-04         0.9989
           3836              0.0000   2.060859e-04         0.9990
           3837              0.0000   2.059240e-04         0.9992
           3838              0.0000   2.057864e-04         0.9993
           3839              0.0000   2.056352e-04         0.9993
           3840              0.0000   2.054860e-04         0.9993
           3841              0.0000   2.053158e-04         0.9992
           3842              0.0000   2.051433e-04         0.9992
           3843              0.0000   2.049791e-04         0.9992
           3844              0.0000   2.048309e-04         0.9993
           3845              0.0000   2.046841e-04         0.9993
           3846              0.0000   2.045338e-04         0.9993
           3847              0.0000   2.043723e-04         0.9992
           3848              0.0000   2.042141e-04         0.9992
           3849              0.0000   2.040162e-04         0.9990
           3850              0.0000   2.038050e-04         0.9990
           3851              0.0000   2.036029e-04         0.9990
           3852              0.0000   2.033982e-04         0.9990
           3853              0.0000   2.031794e-04         0.9989
           3854              0.0000   2.029926e-04         0.9991
           3855              0.0000   2.028066e-04         0.9991
           3856              0.0000   2.026163e-04         0.9991
           3857              0.0000   2.024520e-04         0.9992
           3858              0.0000   2.022578e-04         0.9990
           3859              0.0000   2.020722e-04         0.9991
           3860              0.0000   2.018851e-04         0.9991
           3861              0.0000   2.016807e-04         0.9990
           3862              0.0000   2.015155e-04         0.9992
           3863              0.0000   2.013594e-04         0.9992
           3864              0.0000   2.011879e-04         0.9991
           3865              0.0000   2.010045e-04         0.9991
           3866              0.0000   2.008196e-04         0.9991
           3867              0.0000   2.006019e-04         0.9989
           3868              0.0000   2.003857e-04         0.9989
           3869              0.0000   2.001270e-04         0.9987
           3870              0.0000   1.998337e-04         0.9985
           3871              0.0000   1.994933e-04         0.9983
           3872              0.0000   1.991664e-04         0.9984
           3873              0.0000   1.988257e-04         0.9983
           3874              0.0000   1.984057e-04         0.9979
           3875              0.0000   1.980080e-04         0.9980
           3876              0.0000   1.975215e-04         0.9975
           3877              0.0000   1.970074e-04         0.9974
           3878              0.0000   1.964564e-04         0.9972
           3879              0.0000   1.959666e-04         0.9975
           3880              0.0000   1.954584e-04         0.9974
           3881              0.0000   1.949467e-04         0.9974
           3882              0.0000   1.944403e-04         0.9974
           3883              0.0000   1.940105e-04         0.9978
           3884              0.0000   1.936145e-04         0.9980
           3885              0.0000   1.932417e-04         0.9981
           3886              0.0000   1.928529e-04         0.9980
           3887              0.0000   1.924155e-04         0.9977
           3888              0.0000   1.920498e-04         0.9981
           3889              0.0000   1.916234e-04         0.9978
           3890              0.0000   1.912236e-04         0.9979
           3891              0.0000   1.908506e-04         0.9980
           3892              0.0000   1.904174e-04         0.9977
           3893              0.0000   1.900095e-04         0.9979
           3894              0.0000   1.896266e-04         0.9980
           3895              0.0000   1.893030e-04         0.9983
           3896              0.0000   1.889736e-04         0.9983
           3897              0.0000   1.886377e-04         0.9982
           3898              0.0000   1.883151e-04         0.9983
           3899              0.0000   1.879961e-04         0.9983
           3900              0.0000   1.876784e-04         0.9983
           3901              0.0000   1.872857e-04         0.9979
           3902              0.0000   1.868435e-04         0.9976
           3903              0.0000   1.864761e-04         0.9980
           3904              0.0000   1.861444e-04         0.9982
           3905              0.0000   1.858531e-04         0.9984
           3906              0.0000   1.856211e-04         0.9988
           3907              0.0000   1.854139e-04         0.9989
           3908              0.0000   1.851500e-04         0.9986
           3909              0.0000   1.848361e-04         0.9983
           3910              0.0000   1.845319e-04         0.9984
           3911              0.0000   1.842821e-04         0.9986
           3912              0.0000   1.840115e-04         0.9985
           3913              0.0000   1.837299e-04         0.9985
           3914              0.0000   1.834585e-04         0.9985
           3915              0.0000   1.831611e-04         0.9984
           3916              0.0000   1.828535e-04         0.9983
           3917              0.0000   1.826280e-04         0.9988
           3918              0.0000   1.824049e-04         0.9988
           3919              0.0000   1.821810e-04         0.9988
           3920              0.0000   1.819173e-04         0.9986
           3921              0.0000   1.816052e-04         0.9983
           3922              0.0000   1.813178e-04         0.9984
           3923              0.0000   1.810759e-04         0.9987
           3924              0.0000   1.808424e-04         0.9987
           3925              0.0000   1.805953e-04         0.9986
           3926              0.0000   1.803120e-04         0.9984
           3927              0.0000   1.800583e-04         0.9986
           3928              0.0000   1.798265e-04         0.9987
           3929              0.0000   1.796069e-04         0.9988
           3930              0.0000   1.793972e-04         0.9988
           3931              0.0000   1.791844e-04         0.9988
           3932              0.0000   1.789173e-04         0.9985
           3933              0.0000   1.786500e-04         0.9985
           3934              0.0000   1.783876e-04         0.9985
           3935              0.0000   1.781094e-04         0.9984
           3936              0.0000   1.778066e-04         0.9983
           3937              0.0000   1.774948e-04         0.9982
           3938              0.0000   1.771262e-04         0.9979
           3939              0.0000   1.767595e-04         0.9979
           3940              0.0000   1.763876e-04         0.9979
           3941              0.0000   1.760049e-04         0.9978
           3942              0.0000   1.756762e-04         0.9981
           3943              0.0000   1.753367e-04         0.9981
           3944              0.0000   1.749854e-04         0.9980
           3945              0.0000   1.746274e-04         0.9980
           3946              0.0000   1.743571e-04         0.9985
           3947              0.0000   1.741137e-04         0.9986
           3948              0.0000   1.738293e-04         0.9984
           3949              0.0000   1.735631e-04         0.9985
           3950              0.0000   1.733249e-04         0.9986
           3951              0.0000   1.730487e-04         0.9984
           3952              0.0000   1.728021e-04         0.9986
           3953              0.0000   1.725794e-04         0.9987
           3954              0.0000   1.723549e-04         0.9987
           3955              0.0000   1.721491e-04         0.9988
           3956              0.0000   1.718916e-04         0.9985
           3957              0.0000   1.717103e-04         0.9989
           3958              0.0000   1.715086e-04         0.9988
           3959              0.0000   1.712401e-04         0.9984
           3960              0.0000   1.709685e-04         0.9984
           3961              0.0000   1.707156e-04         0.9985
           3962              0.0000   1.704627e-04         0.9985
           3963              0.0000   1.702254e-04         0.9986
           3964              0.0000   1.700269e-04         0.9988
           3965              0.0000   1.698248e-04         0.9988
           3966              0.0000   1.696007e-04         0.9987
           3967              0.0000   1.693781e-04         0.9987
           3968              0.0000   1.691554e-04         0.9987
           3969              0.0000   1.689443e-04         0.9988
           3970              0.0000   1.687032e-04         0.9986
           3971              0.0000   1.684899e-04         0.9987
           3972              0.0000   1.682431e-04         0.9985
           3973              0.0000   1.680022e-04         0.9986
           3974              0.0000   1.677932e-04         0.9988
           3975              0.0000   1.675560e-04         0.9986
           3976              0.0000   1.673399e-04         0.9987
           3977              0.0000   1.670698e-04         0.9984
           3978              0.0000   1.668114e-04         0.9985
           3979              0.0000   1.665347e-04         0.9983
           3980              0.0000   1.662243e-04         0.9981
           3981              0.0000   1.659739e-04         0.9985
           3982              0.0000   1.657202e-04         0.9985
           3983              0.0000   1.654775e-04         0.9985
           3984              0.0000   1.652480e-04         0.9986
           3985              0.0000   1.650014e-04         0.9985
           3986              0.0000   1.647742e-04         0.9986
           3987              0.0000   1.645612e-04         0.9987
           3988              0.0000   1.643693e-04         0.9988
           3989              0.0000   1.641863e-04         0.9989
           3990              0.0000   1.640053e-04         0.9989
           3991              0.0000   1.637941e-04         0.9987
           3992              0.0000   1.635937e-04         0.9988
           3993              0.0000   1.633793e-04         0.9987
           3994              0.0000   1.630835e-04         0.9982
           3995              0.0000   1.627009e-04         0.9977
           3996              0.0000   1.623820e-04         0.9980
           3997              0.0000   1.621249e-04         0.9984
           3998              0.0000   1.618765e-04         0.9985
           3999              0.0000   1.614500e-04         0.9974
           4000              0.0000   1.612558e-04         0.9988
           4001              0.0000   1.611706e-04         0.9995
           4002              0.0000   1.609547e-04         0.9987
           4003              0.0000   1.608454e-04         0.9993
           4004              0.0000   1.606608e-04         0.9989
           4005              0.0000   1.604669e-04         0.9988
           4006              0.0000   1.602235e-04         0.9985
           4007              0.0000   1.599728e-04         0.9984
           4008              0.0000   1.597618e-04         0.9987
           4009              0.0000   1.596460e-04         0.9993
           4010              0.0000   1.595577e-04         0.9994
           4011              0.0000   1.594306e-04         0.9992
           4012              0.0000   1.593130e-04         0.9993
           4013              0.0000   1.591813e-04         0.9992
           4014              0.0000   1.590502e-04         0.9992
           4015              0.0000   1.589152e-04         0.9992
           4016              0.0000   1.587968e-04         0.9993
           4017              0.0000   1.586759e-04         0.9992
           4018              0.0000   1.585329e-04         0.9991
           4019              0.0000   1.583990e-04         0.9992
           4020              0.0000   1.582605e-04         0.9991
           4021              0.0000   1.581103e-04         0.9991
           4022              0.0000   1.579549e-04         0.9990
           4023              0.0000   1.578226e-04         0.9992
           4024              0.0000   1.576531e-04         0.9989
           4025              0.0000   1.574892e-04         0.9990
           4026              0.0000   1.573355e-04         0.9990
           4027              0.0000   1.571892e-04         0.9991
           4028              0.0000   1.570227e-04         0.9989
           4029              0.0000   1.568545e-04         0.9989
           4030              0.0000   1.566724e-04         0.9988
           4031              0.0000   1.565132e-04         0.9990
           4032              0.0000   1.563372e-04         0.9989
           4033              0.0000   1.561671e-04         0.9989
           4034              0.0000   1.560128e-04         0.9990
           4035              0.0000   1.558683e-04         0.9991
           4036              0.0000   1.557054e-04         0.9990
           4037              0.0000   1.555200e-04         0.9988
           4038              0.0000   1.553517e-04         0.9989
           4039              0.0000   1.551790e-04         0.9989
           4040              0.0000   1.550056e-04         0.9989
           4041              0.0000   1.548445e-04         0.9990
           4042              0.0000   1.546903e-04         0.9990
           4043              0.0000   1.545263e-04         0.9989
           4044              0.0000   1.543455e-04         0.9988
           4045              0.0000   1.541576e-04         0.9988
           4046              0.0000   1.539675e-04         0.9988
           4047              0.0000   1.537463e-04         0.9986
           4048              0.0000   1.535602e-04         0.9988
           4049              0.0000   1.534027e-04         0.9990
           4050              0.0000   1.532361e-04         0.9989
           4051              0.0000   1.530698e-04         0.9989
           4052              0.0000   1.528824e-04         0.9988
           4053              0.0000   1.527351e-04         0.9990
           4054              0.0000   1.525821e-04         0.9990
           4055              0.0000   1.524114e-04         0.9989
           4056              0.0000   1.522129e-04         0.9987
           4057              0.0000   1.520339e-04         0.9988
           4058              0.0000   1.518392e-04         0.9987
           4059              0.0000   1.516114e-04         0.9985
           4060              0.0000   1.513754e-04         0.9984
           4061              0.0000   1.511728e-04         0.9987
           4062              0.0000   1.509225e-04         0.9983
           4063              0.0000   1.506017e-04         0.9979
           4064              0.0000   1.502649e-04         0.9978
           4065              0.0000   1.500054e-04         0.9983
           4066              0.0000   1.497087e-04         0.9980
           4067              0.0000   1.493868e-04         0.9978
           4068              0.0000   1.490858e-04         0.9980
           4069              0.0000   1.487563e-04         0.9978
           4070              0.0000   1.484514e-04         0.9980
           4071              0.0000   1.481581e-04         0.9980
           4072              0.0000   1.478961e-04         0.9982
           4073              0.0000   1.476270e-04         0.9982
           4074              0.0000   1.473587e-04         0.9982
           4075              0.0000   1.471331e-04         0.9985
           4076              0.0000   1.468964e-04         0.9984
           4077              0.0000   1.467078e-04         0.9987
           4078              0.0000   1.465061e-04         0.9986
           4079              0.0000   1.462897e-04         0.9985
           4080              0.0000   1.460591e-04         0.9984
           4081              0.0000   1.458554e-04         0.9986
           4082              0.0000   1.456111e-04         0.9983
           4083              0.0000   1.453645e-04         0.9983
           4084              0.0000   1.451255e-04         0.9984
           4085              0.0000   1.448957e-04         0.9984
           4086              0.0000   1.446650e-04         0.9984
           4087              0.0000   1.444211e-04         0.9983
           4088              0.0000   1.441673e-04         0.9982
           4089              0.0000   1.439298e-04         0.9984
           4090              0.0000   1.436736e-04         0.9982
           4091              0.0000   1.434196e-04         0.9982
           4092              0.0000   1.431748e-04         0.9983
           4093              0.0000   1.429134e-04         0.9982
           4094              0.0000   1.426586e-04         0.9982
           4095              0.0000   1.423645e-04         0.9979
           4096              0.0000   1.420867e-04         0.9980
           4097              0.0000   1.418486e-04         0.9983
           4098              0.0000   1.415994e-04         0.9982
           4099              0.0000   1.413561e-04         0.9983
           4100              0.0000   1.411502e-04         0.9985
           4101              0.0000   1.409531e-04         0.9986
           4102              0.0000   1.407643e-04         0.9987
           4103              0.0000   1.405678e-04         0.9986
           4104              0.0000   1.403634e-04         0.9985
           4105              0.0000   1.400868e-04         0.9980
           4106              0.0000   1.398057e-04         0.9980
           4107              0.0000   1.395338e-04         0.9981
           4108              0.0000   1.392710e-04         0.9981
           4109              0.0000   1.390628e-04         0.9985
           4110              0.0000   1.388767e-04         0.9987
           4111              0.0000   1.386656e-04         0.9985
           4112              0.0000   1.384627e-04         0.9985
           4113              0.0000   1.382326e-04         0.9983
           4114              0.0000   1.379834e-04         0.9982
           4115              0.0000   1.377170e-04         0.9981
           4116              0.0000   1.374304e-04         0.9979
           4117              0.0000   1.371644e-04         0.9981
           4118              0.0000   1.369283e-04         0.9983
           4119              0.0000   1.366808e-04         0.9982
           4120              0.0000   1.364175e-04         0.9981
           4121              0.0000   1.362067e-04         0.9985
           4122              0.0000   1.359599e-04         0.9982
           4123              0.0000   1.356992e-04         0.9981
           4124              0.0000   1.354240e-04         0.9980
           4125              0.0000   1.351490e-04         0.9980
           4126              0.0000   1.348379e-04         0.9977
           4127              0.0000   1.344995e-04         0.9975
           4128              0.0000   1.341448e-04         0.9974
           4129              0.0000   1.338231e-04         0.9976
           4130              0.0000   1.334886e-04         0.9975
           4131              0.0000   1.331625e-04         0.9976
           4132              0.0000   1.329308e-04         0.9983
           4133              0.0000   1.327259e-04         0.9985
           4134              0.0000   1.324993e-04         0.9983
           4135              0.0000   1.323165e-04         0.9986
           4136              0.0000   1.321289e-04         0.9986
           4137              0.0000   1.319712e-04         0.9988
           4138              0.0000   1.318179e-04         0.9988
           4139              0.0000   1.316753e-04         0.9989
           4140              0.0000   1.315468e-04         0.9990
           4141              0.0000   1.314351e-04         0.9992
           4142              0.0000   1.313363e-04         0.9992
           4143              0.0000   1.312490e-04         0.9993
           4144              0.0000   1.311785e-04         0.9995
           4145              0.0000   1.310967e-04         0.9994
           4146              0.0000   1.309831e-04         0.9991
           4147              0.0000   1.308541e-04         0.9990
           4148              0.0000   1.307442e-04         0.9992
           4149              0.0000   1.306277e-04         0.9991
           4150              0.0000   1.305043e-04         0.9991
           4151              0.0000   1.303924e-04         0.9991
           4152              0.0000   1.302632e-04         0.9990
           4153              0.0000   1.301391e-04         0.9990
           4154              0.0000   1.300099e-04         0.9990
           4155              0.0000   1.298670e-04         0.9989
           4156              0.0000   1.297273e-04         0.9989
           4157              0.0000   1.295817e-04         0.9989
           4158              0.0000   1.294614e-04         0.9991
           4159              0.0000   1.293603e-04         0.9992
           4160              0.0000   1.292729e-04         0.9993
           4161              0.0000   1.291835e-04         0.9993
           4162              0.0000   1.290937e-04         0.9993
           4163              0.0000   1.289889e-04         0.9992
           4164              0.0000   1.288644e-04         0.9990
           4165              0.0000   1.287490e-04         0.9991
           4166              0.0000   1.286590e-04         0.9993
           4167              0.0000   1.285774e-04         0.9994
           4168              0.0000   1.284916e-04         0.9993
           4169              0.0000   1.284040e-04         0.9993
           4170              0.0000   1.282736e-04         0.9990
           4171              0.0000   1.281248e-04         0.9988
           4172              0.0000   1.279391e-04         0.9986
           4173              0.0000   1.277412e-04         0.9985
           4174              0.0000   1.275304e-04         0.9983
           4175              0.0000   1.273421e-04         0.9985
           4176              0.0000   1.271635e-04         0.9986
           4177              0.0000   1.270230e-04         0.9989
           4178              0.0000   1.268913e-04         0.9990
           4179              0.0000   1.267584e-04         0.9990
           4180              0.0000   1.266164e-04         0.9989
           4181              0.0000   1.264682e-04         0.9988
           4182              0.0000   1.263005e-04         0.9987
           4183              0.0000   1.261446e-04         0.9988
           4184              0.0000   1.259720e-04         0.9986
           4185              0.0000   1.257998e-04         0.9986
           4186              0.0000   1.256114e-04         0.9985
           4187              0.0000   1.253540e-04         0.9980
           4188              0.0000   1.249938e-04         0.9971
           4189              0.0000   1.246406e-04         0.9972
           4190              0.0000   1.243260e-04         0.9975
           4191              0.0000   1.240490e-04         0.9978
           4192              0.0000   1.237904e-04         0.9979
           4193              0.0000   1.235583e-04         0.9981
           4194              0.0000   1.233365e-04         0.9982
           4195              0.0000   1.231062e-04         0.9981
           4196              0.0000   1.228302e-04         0.9978
           4197              0.0000   1.224144e-04         0.9966
           4198              0.0000   1.220244e-04         0.9968
           4199              0.0000   1.215658e-04         0.9962
           4200              0.0000   1.213328e-04         0.9981
           4201              0.0000   1.212337e-04         0.9992
           4202              0.0000   1.208877e-04         0.9971
           4203              0.0000   1.206003e-04         0.9976
           4204              0.0000   1.203526e-04         0.9979
           4205              0.0000   1.201412e-04         0.9982
           4206              0.0000   1.200156e-04         0.9990
           4207              0.0000   1.198766e-04         0.9988
           4208              0.0000   1.197079e-04         0.9986
           4209              0.0000   1.195655e-04         0.9988
           4210              0.0000   1.194154e-04         0.9987
           4211              0.0000   1.192263e-04         0.9984
           4212              0.0000   1.190172e-04         0.9982
           4213              0.0000   1.187549e-04         0.9978
           4214              0.0000   1.184820e-04         0.9977
           4215              0.0000   1.182097e-04         0.9977
           4216              0.0000   1.180304e-04         0.9985
           4217              0.0000   1.178575e-04         0.9985
           4218              0.0000   1.177107e-04         0.9988
           4219              0.0000   1.175813e-04         0.9989
           4220              0.0000   1.174664e-04         0.9990
           4221              0.0000   1.173528e-04         0.9990
           4222              0.0000   1.172402e-04         0.9990
           4223              0.0000   1.171184e-04         0.9990
           4224              0.0000   1.169897e-04         0.9989
           4225              0.0000   1.168735e-04         0.9990
           4226              0.0000   1.167663e-04         0.9991
           4227              0.0000   1.166639e-04         0.9991
           4228              0.0000   1.165698e-04         0.9992
           4229              0.0000   1.164464e-04         0.9989
           4230              0.0000   1.163084e-04         0.9988
           4231              0.0000   1.161352e-04         0.9985
           4232              0.0000   1.159628e-04         0.9985
           4233              0.0000   1.158036e-04         0.9986
           4234              0.0000   1.156551e-04         0.9987
           4235              0.0000   1.155380e-04         0.9990
           4236              0.0000   1.154399e-04         0.9992
           4237              0.0000   1.153577e-04         0.9993
           4238              0.0000   1.152806e-04         0.9993
           4239              0.0000   1.152108e-04         0.9994
           4240              0.0000   1.151344e-04         0.9993
           4241              0.0000   1.150488e-04         0.9993
           4242              0.0000   1.149565e-04         0.9992
           4243              0.0000   1.148538e-04         0.9991
           4244              0.0000   1.147672e-04         0.9992
           4245              0.0000   1.146937e-04         0.9994
           4246              0.0000   1.146107e-04         0.9993
           4247              0.0000   1.145265e-04         0.9993
           4248              0.0000   1.144416e-04         0.9993
           4249              0.0000   1.143236e-04         0.9990
           4250              0.0000   1.141885e-04         0.9988
           4251              0.0000   1.140827e-04         0.9991
           4252              0.0000   1.139806e-04         0.9991
           4253              0.0000   1.138725e-04         0.9991
           4254              0.0000   1.137703e-04         0.9991
           4255              0.0000   1.136749e-04         0.9992
           4256              0.0000   1.135815e-04         0.9992
           4257              0.0000   1.135004e-04         0.9993
           4258              0.0000   1.134006e-04         0.9991
           4259              0.0000   1.132929e-04         0.9991
           4260              0.0000   1.131792e-04         0.9990
           4261              0.0000   1.130720e-04         0.9991
           4262              0.0000   1.129850e-04         0.9992
           4263              0.0000   1.129134e-04         0.9994
           4264              0.0000   1.128310e-04         0.9993
           4265              0.0000   1.127327e-04         0.9991
           4266              0.0000   1.126234e-04         0.9990
           4267              0.0000   1.125116e-04         0.9990
           4268              0.0000   1.124004e-04         0.9990
           4269              0.0000   1.122816e-04         0.9989
           4270              0.0000   1.121451e-04         0.9988
           4271              0.0000   1.119854e-04         0.9986
           4272              0.0000   1.118161e-04         0.9985
           4273              0.0000   1.116385e-04         0.9984
           4274              0.0000   1.114174e-04         0.9980
           4275              0.0000   1.112233e-04         0.9983
           4276              0.0000   1.109612e-04         0.9976
           4277              0.0000   1.107258e-04         0.9979
           4278              0.0000   1.104500e-04         0.9975
           4279              0.0000   1.101872e-04         0.9976
           4280              0.0000   1.099090e-04         0.9975
           4281              0.0000   1.096264e-04         0.9974
           4282              0.0000   1.093868e-04         0.9978
           4283              0.0000   1.091773e-04         0.9981
           4284              0.0000   1.089500e-04         0.9979
           4285              0.0000   1.087215e-04         0.9979
           4286              0.0000   1.084974e-04         0.9979
           4287              0.0000   1.082724e-04         0.9979
           4288              0.0000   1.080814e-04         0.9982
           4289              0.0000   1.078505e-04         0.9979
           4290              0.0000   1.076055e-04         0.9977
           4291              0.0000   1.073474e-04         0.9976
           4292              0.0000   1.070918e-04         0.9976
           4293              0.0000   1.068787e-04         0.9980
           4294              0.0000   1.066853e-04         0.9982
           4295              0.0000   1.065101e-04         0.9984
           4296              0.0000   1.063203e-04         0.9982
           4297              0.0000   1.061561e-04         0.9985
           4298              0.0000   1.059937e-04         0.9985
           4299              0.0000   1.058308e-04         0.9985
           4300              0.0000   1.056631e-04         0.9984
           4301              0.0000   1.054570e-04         0.9980
           4302              0.0000   1.052147e-04         0.9977
           4303              0.0000   1.049980e-04         0.9979
           4304              0.0000   1.048045e-04         0.9982
           4305              0.0000   1.046427e-04         0.9985
           4306              0.0000   1.044825e-04         0.9985
           4307              0.0000   1.043368e-04         0.9986
           4308              0.0000   1.041756e-04         0.9985
           4309              0.0000   1.039845e-04         0.9982
           4310              0.0000   1.037889e-04         0.9981
           4311              0.0000   1.036132e-04         0.9983
           4312              0.0000   1.034011e-04         0.9980
           4313              0.0000   1.031896e-04         0.9980
           4314              0.0000   1.030042e-04         0.9982
           4315              0.0000   1.028059e-04         0.9981
           4316              0.0000   1.026213e-04         0.9982
           4317              0.0000   1.024439e-04         0.9983
           4318              0.0000   1.022742e-04         0.9983
           4319              0.0000   1.021314e-04         0.9986
           4320              0.0000   1.019632e-04         0.9984
           4321              0.0000   1.017530e-04         0.9979
           4322              0.0000   1.015675e-04         0.9982
           4323              0.0000   1.013990e-04         0.9983
           4324              0.0000   1.012303e-04         0.9983
           4325              0.0000   1.010743e-04         0.9985
           4326              0.0000   1.009376e-04         0.9986
           4327              0.0000   1.007834e-04         0.9985
           4328              0.0000   1.006364e-04         0.9985
           4329              0.0000   1.005012e-04         0.9987
           4330              0.0000   1.003757e-04         0.9988
           4331              0.0000   1.002445e-04         0.9987
           4332              0.0000   1.000999e-04         0.9986
           4333              0.0000   9.993676e-05         0.9984
           4334              0.0000   9.977366e-05         0.9984
           4335              0.0000   9.959161e-05         0.9982
           4336              0.0000   9.939646e-05         0.9980
           4337              0.0000   9.919792e-05         0.9980
           4338              0.0000   9.900158e-05         0.9980
           4339              0.0000   9.876278e-05         0.9976
           4340              0.0000   9.854491e-05         0.9978
           4341              0.0000   9.831696e-05         0.9977
           4342              0.0000   9.809720e-05         0.9978
           4343              0.0000   9.790999e-05         0.9981
           4344              0.0000   9.771361e-05         0.9980
           4345              0.0000   9.753317e-05         0.9982
           4346              0.0000   9.738288e-05         0.9985
           4347              0.0000   9.724259e-05         0.9986
           4348              0.0000   9.711133e-05         0.9987
           4349              0.0000   9.699064e-05         0.9988
           4350              0.0000   9.687210e-05         0.9988
           4351              0.0000   9.672144e-05         0.9984
           4352              0.0000   9.658644e-05         0.9986
           4353              0.0000   9.646388e-05         0.9987
           4354              0.0000   9.635949e-05         0.9989
           4355              0.0000   9.624450e-05         0.9988
           4356              0.0000   9.612613e-05         0.9988
           4357              0.0000   9.602127e-05         0.9989
           4358              0.0000   9.590987e-05         0.9988
           4359              0.0000   9.576882e-05         0.9985
           4360              0.0000   9.564001e-05         0.9987
           4361              0.0000   9.551401e-05         0.9987
           4362              0.0000   9.538825e-05         0.9987
           4363              0.0000   9.524630e-05         0.9985
           4364              0.0000   9.512700e-05         0.9987
           4365              0.0000   9.504009e-05         0.9991
           4366              0.0000   9.492863e-05         0.9988
           4367              0.0000   9.482597e-05         0.9989
           4368              0.0000   9.470279e-05         0.9987
           4369              0.0000   9.459019e-05         0.9988
           4370              0.0000   9.446866e-05         0.9987
           4371              0.0000   9.436878e-05         0.9989
           4372              0.0000   9.425457e-05         0.9988
           4373              0.0000   9.415330e-05         0.9989
           4374              0.0000   9.404482e-05         0.9988
           4375              0.0000   9.393133e-05         0.9988
           4376              0.0000   9.381958e-05         0.9988
           4377              0.0000   9.369827e-05         0.9987
           4378              0.0000   9.357074e-05         0.9986
           4379              0.0000   9.342051e-05         0.9984
           4380              0.0000   9.327525e-05         0.9984
           4381              0.0000   9.313463e-05         0.9985
           4382              0.0000   9.300361e-05         0.9986
           4383              0.0000   9.288164e-05         0.9987
           4384              0.0000   9.275715e-05         0.9987
           4385              0.0000   9.262569e-05         0.9986
           4386              0.0000   9.248443e-05         0.9985
           4387              0.0000   9.235873e-05         0.9986
           4388              0.0000   9.226391e-05         0.9990
           4389              0.0000   9.218052e-05         0.9991
           4390              0.0000   9.208933e-05         0.9990
           4391              0.0000   9.197256e-05         0.9987
           4392              0.0000   9.186331e-05         0.9988
           4393              0.0000   9.173202e-05         0.9986
           4394              0.0000   9.157086e-05         0.9982
           4395              0.0000   9.137870e-05         0.9979
           4396              0.0000   9.122028e-05         0.9983
           4397              0.0000   9.106281e-05         0.9983
           4398              0.0000   9.090218e-05         0.9982
           4399              0.0000   9.068402e-05         0.9976
           4400              0.0000   9.059012e-05         0.9990
           4401              0.0000   9.054477e-05         0.9995
           4402              0.0000   9.043972e-05         0.9988
           4403              0.0000   9.037969e-05         0.9993
           4404              0.0000   9.027442e-05         0.9988
           4405              0.0000   9.015919e-05         0.9987
           4406              0.0000   9.003315e-05         0.9986
           4407              0.0000   8.991473e-05         0.9987
           4408              0.0000   8.977593e-05         0.9985
           4409              0.0000   8.969743e-05         0.9991
           4410              0.0000   8.963234e-05         0.9993
           4411              0.0000   8.955847e-05         0.9992
           4412              0.0000   8.949811e-05         0.9993
           4413              0.0000   8.942687e-05         0.9992
           4414              0.0000   8.935654e-05         0.9992
           4415              0.0000   8.928623e-05         0.9992
           4416              0.0000   8.921464e-05         0.9992
           4417              0.0000   8.913935e-05         0.9992
           4418              0.0000   8.905346e-05         0.9990
           4419              0.0000   8.897143e-05         0.9991
           4420              0.0000   8.888844e-05         0.9991
           4421              0.0000   8.880109e-05         0.9990
           4422              0.0000   8.871078e-05         0.9990
           4423              0.0000   8.863156e-05         0.9991
           4424              0.0000   8.853582e-05         0.9989
           4425              0.0000   8.843895e-05         0.9989
           4426              0.0000   8.834657e-05         0.9990
           4427              0.0000   8.826044e-05         0.9990
           4428              0.0000   8.816908e-05         0.9990
           4429              0.0000   8.808602e-05         0.9991
           4430              0.0000   8.799700e-05         0.9990
           4431              0.0000   8.791102e-05         0.9990
           4432              0.0000   8.782579e-05         0.9990
           4433              0.0000   8.773989e-05         0.9990
           4434              0.0000   8.765607e-05         0.9990
           4435              0.0000   8.757270e-05         0.9990
           4436              0.0000   8.748295e-05         0.9990
           4437              0.0000   8.738645e-05         0.9989
           4438              0.0000   8.729715e-05         0.9990
           4439              0.0000   8.719333e-05         0.9988
           4440              0.0000   8.708280e-05         0.9987
           4441              0.0000   8.699215e-05         0.9990
           4442              0.0000   8.690455e-05         0.9990
           4443              0.0000   8.682300e-05         0.9991
           4444              0.0000   8.671978e-05         0.9988
           4445              0.0000   8.661261e-05         0.9988
           4446              0.0000   8.650449e-05         0.9988
           4447              0.0000   8.638253e-05         0.9986
           4448              0.0000   8.627533e-05         0.9988
           4449              0.0000   8.618796e-05         0.9990
           4450              0.0000   8.609917e-05         0.9990
           4451              0.0000   8.600396e-05         0.9989
           4452              0.0000   8.590100e-05         0.9988
           4453              0.0000   8.580682e-05         0.9989
           4454              0.0000   8.572083e-05         0.9990
           4455              0.0000   8.563763e-05         0.9990
           4456              0.0000   8.552941e-05         0.9987
           4457              0.0000   8.542274e-05         0.9988
           4458              0.0000   8.531483e-05         0.9987
           4459              0.0000   8.521009e-05         0.9988
           4460              0.0000   8.509146e-05         0.9986
           4461              0.0000   8.496666e-05         0.9985
           4462              0.0000   8.482160e-05         0.9983
           4463              0.0000   8.465153e-05         0.9980
           4464              0.0000   8.447125e-05         0.9979
           4465              0.0000   8.430392e-05         0.9980
           4466              0.0000   8.411013e-05         0.9977
           4467              0.0000   8.391902e-05         0.9977
           4468              0.0000   8.375705e-05         0.9981
           4469              0.0000   8.356585e-05         0.9977
           4470              0.0000   8.338147e-05         0.9978
           4471              0.0000   8.319056e-05         0.9977
           4472              0.0000   8.302068e-05         0.9980
           4473              0.0000   8.286234e-05         0.9981
           4474              0.0000   8.270706e-05         0.9981
           4475              0.0000   8.258753e-05         0.9986
           4476              0.0000   8.246102e-05         0.9985
           4477              0.0000   8.235476e-05         0.9987
           4478              0.0000   8.223936e-05         0.9986
           4479              0.0000   8.211910e-05         0.9985
           4480              0.0000   8.199894e-05         0.9985
           4481              0.0000   8.187874e-05         0.9985
           4482              0.0000   8.172968e-05         0.9982
           4483              0.0000   8.159773e-05         0.9984
           4484              0.0000   8.144651e-05         0.9981
           4485              0.0000   8.130084e-05         0.9982
           4486              0.0000   8.117007e-05         0.9984
           4487              0.0000   8.101682e-05         0.9981
           4488              0.0000   8.085958e-05         0.9981
           4489              0.0000   8.072249e-05         0.9983
           4490              0.0000   8.059158e-05         0.9984
           4491              0.0000   8.044001e-05         0.9981
           4492              0.0000   8.028794e-05         0.9981
           4493              0.0000   8.011882e-05         0.9979
           4494              0.0000   7.994537e-05         0.9978
           4495              0.0000   7.977196e-05         0.9978
           4496              0.0000   7.960600e-05         0.9979
           4497              0.0000   7.945424e-05         0.9981
           4498              0.0000   7.929564e-05         0.9980
           4499              0.0000   7.914782e-05         0.9981
           4500              0.0000   7.902738e-05         0.9985
           4501              0.0000   7.891560e-05         0.9986
           4502              0.0000   7.881435e-05         0.9987
           4503              0.0000   7.870240e-05         0.9986
           4504              0.0000   7.858099e-05         0.9985
           4505              0.0000   7.843960e-05         0.9982
           4506              0.0000   7.828934e-05         0.9981
           4507              0.0000   7.816382e-05         0.9984
           4508              0.0000   7.804213e-05         0.9984
           4509              0.0000   7.792693e-05         0.9985
           4510              0.0000   7.782706e-05         0.9987
           4511              0.0000   7.773368e-05         0.9988
           4512              0.0000   7.764128e-05         0.9988
           4513              0.0000   7.752644e-05         0.9985
           4514              0.0000   7.740041e-05         0.9984
           4515              0.0000   7.726469e-05         0.9982
           4516              0.0000   7.711463e-05         0.9981
           4517              0.0000   7.695933e-05         0.9980
           4518              0.0000   7.680662e-05         0.9980
           4519              0.0000   7.666322e-05         0.9981
           4520              0.0000   7.653334e-05         0.9983
           4521              0.0000   7.642170e-05         0.9985
           4522              0.0000   7.629044e-05         0.9983
           4523              0.0000   7.615153e-05         0.9982
           4524              0.0000   7.600083e-05         0.9980
           4525              0.0000   7.585127e-05         0.9980
           4526              0.0000   7.568041e-05         0.9977
           4527              0.0000   7.551569e-05         0.9978
           4528              0.0000   7.531784e-05         0.9974
           4529              0.0000   7.513781e-05         0.9976
           4530              0.0000   7.498365e-05         0.9979
           4531              0.0000   7.483651e-05         0.9980
           4532              0.0000   7.471188e-05         0.9983
           4533              0.0000   7.459836e-05         0.9985
           4534              0.0000   7.448728e-05         0.9985
           4535              0.0000   7.439153e-05         0.9987
           4536              0.0000   7.430105e-05         0.9988
           4537              0.0000   7.421764e-05         0.9989
           4538              0.0000   7.413868e-05         0.9989
           4539              0.0000   7.405877e-05         0.9989
           4540              0.0000   7.398630e-05         0.9990
           4541              0.0000   7.392753e-05         0.9992
           4542              0.0000   7.387598e-05         0.9993
           4543              0.0000   7.382898e-05         0.9994
           4544              0.0000   7.378333e-05         0.9994
           4545              0.0000   7.373581e-05         0.9994
           4546              0.0000   7.368020e-05         0.9992
           4547              0.0000   7.361245e-05         0.9991
           4548              0.0000   7.354587e-05         0.9991
           4549              0.0000   7.347491e-05         0.9990
           4550              0.0000   7.340491e-05         0.9990
           4551              0.0000   7.334256e-05         0.9992
           4552              0.0000   7.327446e-05         0.9991
           4553              0.0000   7.320745e-05         0.9991
           4554              0.0000   7.314020e-05         0.9991
           4555              0.0000   7.306521e-05         0.9990
           4556              0.0000   7.298624e-05         0.9989
           4557              0.0000   7.290014e-05         0.9988
           4558              0.0000   7.282438e-05         0.9990
           4559              0.0000   7.276161e-05         0.9991
           4560              0.0000   7.269925e-05         0.9991
           4561              0.0000   7.264958e-05         0.9993
           4562              0.0000   7.259368e-05         0.9992
           4563              0.0000   7.253621e-05         0.9992
           4564              0.0000   7.246957e-05         0.9991
           4565              0.0000   7.240517e-05         0.9991
           4566              0.0000   7.235068e-05         0.9992
           4567              0.0000   7.230004e-05         0.9993
           4568              0.0000   7.224559e-05         0.9992
           4569              0.0000   7.219620e-05         0.9993
           4570              0.0000   7.213468e-05         0.9991
           4571              0.0000   7.205157e-05         0.9988
           4572              0.0000   7.196261e-05         0.9988
           4573              0.0000   7.187273e-05         0.9988
           4574              0.0000   7.177055e-05         0.9986
           4575              0.0000   7.167884e-05         0.9987
           4576              0.0000   7.159611e-05         0.9988
           4577              0.0000   7.152105e-05         0.9990
           4578              0.0000   7.145821e-05         0.9991
           4579              0.0000   7.139607e-05         0.9991
           4580              0.0000   7.133816e-05         0.9992
           4581              0.0000   7.126963e-05         0.9990
           4582              0.0000   7.117781e-05         0.9987
           4583              0.0000   7.108905e-05         0.9988
           4584              0.0000   7.099468e-05         0.9987
           4585              0.0000   7.087048e-05         0.9983
           4586              0.0000   7.074927e-05         0.9983
           4587              0.0000   7.060738e-05         0.9980
           4588              0.0000   7.042760e-05         0.9975
           4589              0.0000   7.024468e-05         0.9974
           4590              0.0000   7.009013e-05         0.9978
           4591              0.0000   6.996543e-05         0.9982
           4592              0.0000   6.985249e-05         0.9984
           4593              0.0000   6.973619e-05         0.9983
           4594              0.0000   6.962005e-05         0.9983
           4595              0.0000   6.949205e-05         0.9982
           4596              0.0000   6.934565e-05         0.9979
           4597              0.0000   6.915109e-05         0.9972
           4598              0.0000   6.894509e-05         0.9970
           4599              0.0000   6.876311e-05         0.9974
           4600              0.0000   6.865126e-05         0.9984
           4601              0.0000   6.861588e-05         0.9995
           4602              0.0000   6.843934e-05         0.9974
           4603              0.0000   6.829581e-05         0.9979
           4604              0.0000   6.817850e-05         0.9983
           4605              0.0000   6.807374e-05         0.9985
           4606              0.0000   6.800297e-05         0.9990
           4607              0.0000   6.792297e-05         0.9988
           4608              0.0000   6.783556e-05         0.9987
           4609              0.0000   6.776118e-05         0.9989
           4610              0.0000   6.769112e-05         0.9990
           4611              0.0000   6.759557e-05         0.9986
           4612              0.0000   6.751197e-05         0.9988
           4613              0.0000   6.741710e-05         0.9986
           4614              0.0000   6.728058e-05         0.9980
           4615              0.0000   6.716097e-05         0.9982
           4616              0.0000   6.705054e-05         0.9984
           4617              0.0000   6.695987e-05         0.9986
           4618              0.0000   6.686912e-05         0.9986
           4619              0.0000   6.679659e-05         0.9989
           4620              0.0000   6.671564e-05         0.9988
           4621              0.0000   6.664911e-05         0.9990
           4622              0.0000   6.658947e-05         0.9991
           4623              0.0000   6.652457e-05         0.9990
           4624              0.0000   6.646653e-05         0.9991
           4625              0.0000   6.641769e-05         0.9993
           4626              0.0000   6.637330e-05         0.9993
           4627              0.0000   6.631911e-05         0.9992
           4628              0.0000   6.626567e-05         0.9992
           4629              0.0000   6.619175e-05         0.9989
           4630              0.0000   6.611353e-05         0.9988
           4631              0.0000   6.603562e-05         0.9988
           4632              0.0000   6.595247e-05         0.9987
           4633              0.0000   6.588244e-05         0.9989
           4634              0.0000   6.581723e-05         0.9990
           4635              0.0000   6.575988e-05         0.9991
           4636              0.0000   6.570285e-05         0.9991
           4637              0.0000   6.565190e-05         0.9992
           4638              0.0000   6.560214e-05         0.9992
           4639              0.0000   6.555926e-05         0.9993
           4640              0.0000   6.551805e-05         0.9994
           4641              0.0000   6.546156e-05         0.9991
           4642              0.0000   6.540162e-05         0.9991
           4643              0.0000   6.534047e-05         0.9991
           4644              0.0000   6.528744e-05         0.9992
           4645              0.0000   6.523738e-05         0.9992
           4646              0.0000   6.519082e-05         0.9993
           4647              0.0000   6.513363e-05         0.9991
           4648              0.0000   6.507064e-05         0.9990
           4649              0.0000   6.499482e-05         0.9988
           4650              0.0000   6.491750e-05         0.9988
           4651              0.0000   6.484859e-05         0.9989
           4652              0.0000   6.479266e-05         0.9991
           4653              0.0000   6.472989e-05         0.9990
           4654              0.0000   6.467262e-05         0.9991
           4655              0.0000   6.462172e-05         0.9992
           4656              0.0000   6.456811e-05         0.9992
           4657              0.0000   6.451691e-05         0.9992
           4658              0.0000   6.445098e-05         0.9990
           4659              0.0000   6.438483e-05         0.9990
           4660              0.0000   6.432296e-05         0.9990
           4661              0.0000   6.426428e-05         0.9991
           4662              0.0000   6.421551e-05         0.9992
           4663              0.0000   6.417443e-05         0.9994
           4664              0.0000   6.411983e-05         0.9991
           4665              0.0000   6.406642e-05         0.9992
           4666              0.0000   6.401066e-05         0.9991
           4667              0.0000   6.394654e-05         0.9990
           4668              0.0000   6.388321e-05         0.9990
           4669              0.0000   6.382018e-05         0.9990
           4670              0.0000   6.375462e-05         0.9990
           4671              0.0000   6.367009e-05         0.9987
           4672              0.0000   6.357363e-05         0.9985
           4673              0.0000   6.349053e-05         0.9987
           4674              0.0000   6.338297e-05         0.9983
           4675              0.0000   6.328197e-05         0.9984
           4676              0.0000   6.315845e-05         0.9980
           4677              0.0000   6.303150e-05         0.9980
           4678              0.0000   6.287442e-05         0.9975
           4679              0.0000   6.272173e-05         0.9976
           4680              0.0000   6.256579e-05         0.9975
           4681              0.0000   6.243760e-05         0.9980
           4682              0.0000   6.230991e-05         0.9980
           4683              0.0000   6.218955e-05         0.9981
           4684              0.0000   6.206474e-05         0.9980
           4685              0.0000   6.195176e-05         0.9982
           4686              0.0000   6.184289e-05         0.9982
           4687              0.0000   6.173639e-05         0.9983
           4688              0.0000   6.161633e-05         0.9981
           4689              0.0000   6.148471e-05         0.9979
           4690              0.0000   6.136080e-05         0.9980
           4691              0.0000   6.122663e-05         0.9978
           4692              0.0000   6.109683e-05         0.9979
           4693              0.0000   6.097963e-05         0.9981
           4694              0.0000   6.088403e-05         0.9984
           4695              0.0000   6.079617e-05         0.9986
           4696              0.0000   6.071177e-05         0.9986
           4697              0.0000   6.063557e-05         0.9987
           4698              0.0000   6.055545e-05         0.9987
           4699              0.0000   6.046803e-05         0.9986
           4700              0.0000   6.038679e-05         0.9987
           4701              0.0000   6.027706e-05         0.9982
           4702              0.0000   6.014516e-05         0.9978
           4703              0.0000   6.002294e-05         0.9980
           4704              0.0000   5.991014e-05         0.9981
           4705              0.0000   5.981570e-05         0.9984
           4706              0.0000   5.972243e-05         0.9984
           4707              0.0000   5.962701e-05         0.9984
           4708              0.0000   5.951348e-05         0.9981
           4709              0.0000   5.939280e-05         0.9980
           4710              0.0000   5.926368e-05         0.9978
           4711              0.0000   5.913648e-05         0.9979
           4712              0.0000   5.899898e-05         0.9977
           4713              0.0000   5.886969e-05         0.9978
           4714              0.0000   5.874104e-05         0.9978
           4715              0.0000   5.861436e-05         0.9978
           4716              0.0000   5.850679e-05         0.9982
           4717              0.0000   5.839268e-05         0.9980
           4718              0.0000   5.829571e-05         0.9983
           4719              0.0000   5.819386e-05         0.9983
           4720              0.0000   5.807348e-05         0.9979
           4721              0.0000   5.795948e-05         0.9980
           4722              0.0000   5.784722e-05         0.9981
           4723              0.0000   5.773222e-05         0.9980
           4724              0.0000   5.763556e-05         0.9983
           4725              0.0000   5.753701e-05         0.9983
           4726              0.0000   5.745338e-05         0.9985
           4727              0.0000   5.736488e-05         0.9985
           4728              0.0000   5.728810e-05         0.9987
           4729              0.0000   5.721524e-05         0.9987
           4730              0.0000   5.713741e-05         0.9986
           4731              0.0000   5.706605e-05         0.9988
           4732              0.0000   5.698707e-05         0.9986
           4733              0.0000   5.689570e-05         0.9984
           4734              0.0000   5.679665e-05         0.9983
           4735              0.0000   5.670026e-05         0.9983
           4736              0.0000   5.658926e-05         0.9980
           4737              0.0000   5.648129e-05         0.9981
           4738              0.0000   5.635829e-05         0.9978
           4739              0.0000   5.623607e-05         0.9978
           4740              0.0000   5.611482e-05         0.9978
           4741              0.0000   5.599259e-05         0.9978
           4742              0.0000   5.587578e-05         0.9979
           4743              0.0000   5.577655e-05         0.9982
           4744              0.0000   5.565923e-05         0.9979
           4745              0.0000   5.556266e-05         0.9983
           4746              0.0000   5.548497e-05         0.9986
           4747              0.0000   5.541315e-05         0.9987
           4748              0.0000   5.534648e-05         0.9988
           4749              0.0000   5.527573e-05         0.9987
           4750              0.0000   5.519672e-05         0.9986
           4751              0.0000   5.512364e-05         0.9987
           4752              0.0000   5.505376e-05         0.9987
           4753              0.0000   5.498827e-05         0.9988
           4754              0.0000   5.493343e-05         0.9990
           4755              0.0000   5.486522e-05         0.9988
           4756              0.0000   5.479307e-05         0.9987
           4757              0.0000   5.473515e-05         0.9989
           4758              0.0000   5.467039e-05         0.9988
           4759              0.0000   5.459146e-05         0.9986
           4760              0.0000   5.450793e-05         0.9985
           4761              0.0000   5.443138e-05         0.9986
           4762              0.0000   5.434472e-05         0.9984
           4763              0.0000   5.426137e-05         0.9985
           4764              0.0000   5.420038e-05         0.9989
           4765              0.0000   5.413461e-05         0.9988
           4766              0.0000   5.405631e-05         0.9986
           4767              0.0000   5.397404e-05         0.9985
           4768              0.0000   5.390074e-05         0.9986
           4769              0.0000   5.382534e-05         0.9986
           4770              0.0000   5.374794e-05         0.9986
           4771              0.0000   5.368326e-05         0.9988
           4772              0.0000   5.361527e-05         0.9987
           4773              0.0000   5.355958e-05         0.9990
           4774              0.0000   5.349251e-05         0.9987
           4775              0.0000   5.343050e-05         0.9988
           4776              0.0000   5.337103e-05         0.9989
           4777              0.0000   5.329294e-05         0.9985
           4778              0.0000   5.322030e-05         0.9986
           4779              0.0000   5.314032e-05         0.9985
           4780              0.0000   5.304747e-05         0.9983
           4781              0.0000   5.296159e-05         0.9984
           4782              0.0000   5.288451e-05         0.9985
           4783              0.0000   5.280258e-05         0.9985
           4784              0.0000   5.272559e-05         0.9985
           4785              0.0000   5.265306e-05         0.9986
           4786              0.0000   5.257648e-05         0.9985
           4787              0.0000   5.250708e-05         0.9987
           4788              0.0000   5.245277e-05         0.9990
           4789              0.0000   5.241093e-05         0.9992
           4790              0.0000   5.235294e-05         0.9989
           4791              0.0000   5.229365e-05         0.9989
           4792              0.0000   5.221731e-05         0.9985
           4793              0.0000   5.213068e-05         0.9983
           4794              0.0000   5.204067e-05         0.9983
           4795              0.0000   5.193649e-05         0.9980
           4796              0.0000   5.183371e-05         0.9980
           4797              0.0000   5.175159e-05         0.9984
           4798              0.0000   5.167425e-05         0.9985
           4799              0.0000   5.153488e-05         0.9973
           4800              0.0000   5.146626e-05         0.9987
           4801              0.0000   5.144320e-05         0.9996
           4802              0.0000   5.139000e-05         0.9990
           4803              0.0000   5.136142e-05         0.9994
           4804              0.0000   5.130294e-05         0.9989
           4805              0.0000   5.123863e-05         0.9987
           4806              0.0000   5.116641e-05         0.9986
           4807              0.0000   5.109952e-05         0.9987
           4808              0.0000   5.102580e-05         0.9986
           4809              0.0000   5.097438e-05         0.9990
           4810              0.0000   5.093959e-05         0.9993
           4811              0.0000   5.089137e-05         0.9991
           4812              0.0000   5.085470e-05         0.9993
           4813              0.0000   5.081685e-05         0.9993
           4814              0.0000   5.077769e-05         0.9992
           4815              0.0000   5.073754e-05         0.9992
           4816              0.0000   5.069267e-05         0.9991
           4817              0.0000   5.064984e-05         0.9992
           4818              0.0000   5.060382e-05         0.9991
           4819              0.0000   5.055660e-05         0.9991
           4820              0.0000   5.050270e-05         0.9989
           4821              0.0000   5.044422e-05         0.9988
           4822              0.0000   5.039183e-05         0.9990
           4823              0.0000   5.034457e-05         0.9991
           4824              0.0000   5.029088e-05         0.9989
           4825              0.0000   5.023234e-05         0.9988
           4826              0.0000   5.017868e-05         0.9989
           4827              0.0000   5.012438e-05         0.9989
           4828              0.0000   5.007434e-05         0.9990
           4829              0.0000   5.002603e-05         0.9990
           4830              0.0000   4.997770e-05         0.9990
           4831              0.0000   4.993900e-05         0.9992
           4832              0.0000   4.989110e-05         0.9990
           4833              0.0000   4.984393e-05         0.9991
           4834              0.0000   4.979655e-05         0.9990
           4835              0.0000   4.974954e-05         0.9991
           4836              0.0000   4.969500e-05         0.9989
           4837              0.0000   4.963941e-05         0.9989
           4838              0.0000   4.957211e-05         0.9986
           4839              0.0000   4.950802e-05         0.9987
           4840              0.0000   4.943298e-05         0.9985
           4841              0.0000   4.936722e-05         0.9987
           4842              0.0000   4.931603e-05         0.9990
           4843              0.0000   4.926790e-05         0.9990
           4844              0.0000   4.920706e-05         0.9988
           4845              0.0000   4.914478e-05         0.9987
           4846              0.0000   4.908143e-05         0.9987
           4847              0.0000   4.901533e-05         0.9987
           4848              0.0000   4.895213e-05         0.9987
           4849              0.0000   4.889967e-05         0.9989
           4850              0.0000   4.885077e-05         0.9990
           4851              0.0000   4.879259e-05         0.9988
           4852              0.0000   4.873278e-05         0.9988
           4853              0.0000   4.868068e-05         0.9989
           4854              0.0000   4.862896e-05         0.9989
           4855              0.0000   4.857878e-05         0.9990
           4856              0.0000   4.851639e-05         0.9987
           4857              0.0000   4.845884e-05         0.9988
           4858              0.0000   4.840371e-05         0.9989
           4859              0.0000   4.834330e-05         0.9988
           4860              0.0000   4.827595e-05         0.9986
           4861              0.0000   4.820711e-05         0.9986
           4862              0.0000   4.812641e-05         0.9983
           4863              0.0000   4.803558e-05         0.9981
           4864              0.0000   4.793847e-05         0.9980
           4865              0.0000   4.784894e-05         0.9981
           4866              0.0000   4.774957e-05         0.9979
           4867              0.0000   4.764042e-05         0.9977
           4868              0.0000   4.754631e-05         0.9980
           4869              0.0000   4.744296e-05         0.9978
           4870              0.0000   4.733955e-05         0.9978
           4871              0.0000   4.724185e-05         0.9979
           4872              0.0000   4.715799e-05         0.9982
           4873              0.0000   4.707207e-05         0.9982
           4874              0.0000   4.699428e-05         0.9983
           4875              0.0000   4.692356e-05         0.9985
           4876              0.0000   4.685863e-05         0.9986
           4877              0.0000   4.680536e-05         0.9989
           4878              0.0000   4.674526e-05         0.9987
           4879              0.0000   4.668981e-05         0.9988
           4880              0.0000   4.661981e-05         0.9985
           4881              0.0000   4.655099e-05         0.9985
           4882              0.0000   4.646693e-05         0.9982
           4883              0.0000   4.639027e-05         0.9984
           4884              0.0000   4.630599e-05         0.9982
           4885              0.0000   4.621299e-05         0.9980
           4886              0.0000   4.612384e-05         0.9981
           4887              0.0000   4.602574e-05         0.9979
           4888              0.0000   4.593091e-05         0.9979
           4889              0.0000   4.585174e-05         0.9983
           4890              0.0000   4.577353e-05         0.9983
           4891              0.0000   4.568358e-05         0.9980
           4892              0.0000   4.557953e-05         0.9977
           4893              0.0000   4.547971e-05         0.9978
           4894              0.0000   4.537209e-05         0.9976
           4895              0.0000   4.526470e-05         0.9976
           4896              0.0000   4.514756e-05         0.9974
           4897              0.0000   4.505208e-05         0.9979
           4898              0.0000   4.494435e-05         0.9976
           4899              0.0000   4.484507e-05         0.9978
           4900              0.0000   4.476553e-05         0.9982
           4901              0.0000   4.469131e-05         0.9983
           4902              0.0000   4.462288e-05         0.9985
           4903              0.0000   4.455367e-05         0.9984
           4904              0.0000   4.447193e-05         0.9982
           4905              0.0000   4.439291e-05         0.9982
           4906              0.0000   4.431233e-05         0.9982
           4907              0.0000   4.424035e-05         0.9984
           4908              0.0000   4.417956e-05         0.9986
           4909              0.0000   4.411629e-05         0.9986
           4910              0.0000   4.405734e-05         0.9987
           4911              0.0000   4.400538e-05         0.9988
           4912              0.0000   4.395800e-05         0.9989
           4913              0.0000   4.390447e-05         0.9988
           4914              0.0000   4.383744e-05         0.9985
           4915              0.0000   4.376149e-05         0.9983
           4916              0.0000   4.367153e-05         0.9979
           4917              0.0000   4.358844e-05         0.9981
           4918              0.0000   4.351410e-05         0.9983
           4919              0.0000   4.343472e-05         0.9982
           4920              0.0000   4.336398e-05         0.9984
           4921              0.0000   4.329870e-05         0.9985
           4922              0.0000   4.323639e-05         0.9986
           4923              0.0000   4.316904e-05         0.9984
           4924              0.0000   4.310593e-05         0.9985
           4925              0.0000   4.302865e-05         0.9982
           4926              0.0000   4.293669e-05         0.9979
           4927              0.0000   4.284512e-05         0.9979
           4928              0.0000   4.274696e-05         0.9977
           4929              0.0000   4.264846e-05         0.9977
           4930              0.0000   4.258186e-05         0.9984
           4931              0.0000   4.251355e-05         0.9984
           4932              0.0000   4.245715e-05         0.9987
           4933              0.0000   4.240382e-05         0.9987
           4934              0.0000   4.234992e-05         0.9987
           4935              0.0000   4.230180e-05         0.9989
           4936              0.0000   4.225509e-05         0.9989
           4937              0.0000   4.221167e-05         0.9990
           4938              0.0000   4.216320e-05         0.9989
           4939              0.0000   4.212248e-05         0.9990
           4940              0.0000   4.208073e-05         0.9990
           4941              0.0000   4.204632e-05         0.9992
           4942              0.0000   4.201696e-05         0.9993
           4943              0.0000   4.198997e-05         0.9994
           4944              0.0000   4.196379e-05         0.9994
           4945              0.0000   4.193805e-05         0.9994
           4946              0.0000   4.190768e-05         0.9993
           4947              0.0000   4.186740e-05         0.9990
           4948              0.0000   4.182440e-05         0.9990
           4949              0.0000   4.177860e-05         0.9989
           4950              0.0000   4.173424e-05         0.9989
           4951              0.0000   4.169387e-05         0.9990
           4952              0.0000   4.165748e-05         0.9991
           4953              0.0000   4.162348e-05         0.9992
           4954              0.0000   4.158164e-05         0.9990
           4955              0.0000   4.153956e-05         0.9990
           4956              0.0000   4.149604e-05         0.9990
           4957              0.0000   4.145033e-05         0.9989
           4958              0.0000   4.140436e-05         0.9989
           4959              0.0000   4.136431e-05         0.9990
           4960              0.0000   4.132230e-05         0.9990
           4961              0.0000   4.128386e-05         0.9991
           4962              0.0000   4.125264e-05         0.9992
           4963              0.0000   4.121565e-05         0.9991
           4964              0.0000   4.117969e-05         0.9991
           4965              0.0000   4.114447e-05         0.9991
           4966              0.0000   4.111161e-05         0.9992
           4967              0.0000   4.108115e-05         0.9993
           4968              0.0000   4.104903e-05         0.9992
           4969              0.0000   4.101325e-05         0.9991
           4970              0.0000   4.097778e-05         0.9991
           4971              0.0000   4.093416e-05         0.9989
           4972              0.0000   4.088445e-05         0.9988
           4973              0.0000   4.083923e-05         0.9989
           4974              0.0000   4.079436e-05         0.9989
           4975              0.0000   4.075203e-05         0.9990
           4976              0.0000   4.070626e-05         0.9989
           4977              0.0000   4.066805e-05         0.9991
           4978              0.0000   4.062903e-05         0.9990
           4979              0.0000   4.059617e-05         0.9992
           4980              0.0000   4.056792e-05         0.9993
           4981              0.0000   4.053446e-05         0.9992
           4982              0.0000   4.049220e-05         0.9990
           4983              0.0000   4.044624e-05         0.9989
           4984              0.0000   4.039443e-05         0.9987
           4985              0.0000   4.032322e-05         0.9982
           4986              0.0000   4.025810e-05         0.9984
           4987              0.0000   4.018475e-05         0.9982
           4988              0.0000   4.010918e-05         0.9981
           4989              0.0000   4.002746e-05         0.9980
           4990              0.0000   3.997066e-05         0.9986
           4991              0.0000   3.992482e-05         0.9989
           4992              0.0000   3.987467e-05         0.9987
           4993              0.0000   3.982111e-05         0.9987
           4994              0.0000   3.975820e-05         0.9984
           4995              0.0000   3.967030e-05         0.9978
           4996              0.0000   3.958539e-05         0.9979
           4997              0.0000   3.948428e-05         0.9974
           4998              0.0000   3.937663e-05         0.9973
           4999              0.0000   3.926581e-05         0.9972
         ----------------------------------------------------------------------
         Total Iterations: 5000
         Avg Convergence Rate: 		         0.9980
         Final Residual: 		   3.926581e-05
         Total Reduction in Residual: 	   3.926581e-05
         Maximum Memory Usage: 		          0.000 GB
         ----------------------------------------------------------------------
Total Time: 35.9394
    setup: 0.0349739 s
    solve: 35.9045 s
    solve(per iteration): 0.00718089 s
BackScaleLinearSystem: Scaling back to original scale
ComputeNorm: Computing norm of solution
ComputeChange: NS (ITER=1) (NRM,RELC): ( 0.23393873E-01  2.0000000     ) :: linelast
SolveSystem: System solved
SolveSystem: Linear system time (CPU,REAL) for displacement:    36.15   36.18 (s)
SolveSystem: Finished solving the system
DefaultFinish: Finished solver: linelast
StressSolver: All done
StressSolver: ------------------------------------------
SolverActivate: Solver time (CPU,REAL) for linelast:    48.99   48.90 (s)
ComputeNorm: Computing norm of solution
ComputeChange: SS (ITER=1) (NRM,RELC): ( 0.23393873E-01  2.0000000     ) :: linelast
SetActiveElementsTable: Creating active element table for: savescalars
SetActiveElementsTable: No active elements found
SingleSolver: Attempting to call solver: 2
SingleSolver: Solver Equation string is: savescalars
SaveScalars: -----------------------------------------
SaveScalars: Saving scalar values of various kinds
SolverOutputDirectory: Creating directory: results_amgx
SaveScalars: Treating variable: displacement
SaveScalars: Treating operator: dofs
SaveScalars: Treating variable: displacement
SaveScalars: Treating operator: elements
SaveScalars: Treating variable: displacement
SaveScalars: Treating operator: partitions
SaveScalars: Treating variable: displacement
SaveScalars: Treating operator: norm
SaveScalars: Treating variable: displacement
SaveScalars: Treating operator: cpu time
SaveScalars: Performed 5 reduction operations
SaveScalars: Adding information on simulation timing
SaveScalars: Found 4 result scalars in simulation section
SaveScalars: Found 12 values to save in total
SaveScalars: Saving names of values to file: results_amgx/f1.dat.names
SaveScalars: Data is appended to existing file
SaveScalars: Saving values to file: results_amgx/f1.dat
SaveScalars: -----------------------------------------
SolveEquations: Solvers after timestep
SetActiveElementsTable: Creating active element table for: internalvtuoutputsolver
SetActiveElementsTable: No active elements found
SingleSolver: Attempting to call solver: 0
SingleSolver: Solver Equation string is: internalvtuoutputsolver
ResultOutputSolver: -------------------------------------
ResultOutputSolver: Saving with prefix: case
ResultOutputSolver: Number of output meshes: 1
ResultOutputSolver: Dimension of mesh is: 3
ResultOutputSolver: Working on mesh 1: winkel with 270641 nodes
ResultOutputSolver: Creating list for saving - if not present
CreateListForSaving: Field Variables for Saving
CreateListForSaving: Vector Field 1: displacement
ResultOutputSolver: Saving in unstructured VTK XML (.vtu) format
VtuOutputSolver: Saving results in VTK XML format with prefix: case
VtuOutputSolver: Saving number of partitions: 1
SolverOutputDirectory: Creating directory: results_amgx
VtuOutputSolver: Full filename base is: results_amgx/case
GenerateSaveMask: Allocating NodePerm of size: 270641
GenerateSaveMask: Allocating ActiveElem of size: 284800
GenerateSaveMask: Number of active elements 284800 out of 284800
GenerateSaveMask: Number of geometry nodes 270641 out of 270641
VtuOutputSolver: Total number of elements to save: 284800
VtuOutputSolver: Total number of geometry nodes to save: 270641
VtuOutputSolver: Total number of dof nodes to save: 270641
VtuOutputSolver: Setting offset for boundary entities: 100
VtuOutputSolver: Writing the vtu file: results_amgx/case_t0001.vtu
AscBinWriteInit: Initializing buffered ascii/binary writing
AscBinWriteInit: Writing in binary
AscBinWriteInit: Writing in double precision
AscBinWriteInit: Writing to unit number: 58
AscBinWriteInit: Size of buffer is: 270641
WriteVtuFile: Writing nodal fields
WriteVtuFile: Saving variable: displacement
WriteVtuFile: Number of nodal fields written: 1
WriteVtuFile: Writing elemental fields
WriteVtuFile: Number of elemental fields written: 0
WriteVtuFile: Writing entity IDs for bodies and boundaries
WriteVtuFile: Writing coordinates for each used node
WriteVtuFile: Writing the elemental connectivity data
WriteVtuFile: Writing nodal fields
WriteVtuFile: Saving variable: displacement
WriteVtuFile: Writing elemental fields
AscBinWriteFree: Terminating buffered ascii/binary writing
WriteVtuFile: Finished writing file
VtuOutputSolver: Finished writing vtu file
VtuOutputSolver: All done for now
ResultOutputSolver: -------------------------------------
ResultOutputSolver: Skipping inactive mesh: winkelp
WARNING:: CompareToReferenceSolution: Solver 1 FAILED:  Norm = 2.33938730E-02  RefNorm = 2.33900606E-02
CompareToReferenceSolution: Relative Error to reference norm: 1.629927E-04
ReloadInputFile: Realoading input file
LoadInputFile: Loading input file:
WARNING:: CompareToReferenceSolution: FAILED 1 tests out of 1!
MAIN: Reporting unused list entries for sif improvement!
MAIN: If you do not want these lines undefine > DEVEL_LISTUSAGE < !
   Unused keywords:
       Solver 1              bubbles
       Solver 1              nonlinear system consistent norm
       Solver 2              parallel reduce
MAIN: *** Elmer Solver: ALL DONE ***
FreeModel: Freeing meshes
ReleaseMesh: Releasing mesh variables
ReleaseMesh: Releasing mesh nodes
ReleaseMesh: Releasing mesh finished
ReleaseMesh: Releasing mesh variables
ReleaseMesh: Releasing mesh nodes
ReleaseMesh: Releasing mesh finished
FreeModel: Freeing constants list
FreeModel: Freeing simulation list
FreeModel: Freeing boundary lists
FreeModel: Freeing solvers
FreeModel: Freeing initial conditions lists
FreeModel: Freeing body lists
FreeModel: Freeing equations lists
FreeModel: Freeing body forces lists
MAIN: The end
SOLVER TOTAL TIME(CPU,REAL):        59.33       51.17
ELMER SOLVER FINISHED AT: 2026/07/20 10:12:32

Ending linsysAMGX/amgx_fgmres_dilu.sif with mesh level 2
Elapsed time: 54 s
-----------------------------------


Solver linsysAMGX/amgx_fgmres_none.sif not recommended for given problem. Ignoring it


Solver linsysAMGX/amgx_gmres_amg.sif not recommended for given problem. Ignoring it


Solver linsysAMGX/amgx_gmres_none.sif not recommended for given problem. Ignoring it


Solver linsysAMGX/amgx_idr_dilu.sif not recommended for given problem. Ignoring it


Solver linsysAMGX/amgx_jacobi_none.sif not recommended for given problem. Ignoring it

